"Date","Price","Open","High","Low","Vol.","Change %"
"01/12/2024","526.40","528.41","529.44","524.08","62.23M","0.14%"
"01/11/2024","525.68","527.56","527.90","521.92","72.61M","-0.32%"
"01/10/2024","527.38","526.24","527.82","524.99","57.97M","-0.17%"
"01/09/2024","528.28","530.73","530.73","526.49","64.12M","-1.10%"
"01/08/2024","534.14","529.96","534.39","527.43","61.71M","0.41%"
"01/05/2024","531.94","529.79","535.01","529.13","75.85M","0.21%"
"01/04/2024","530.82","531.78","534.20","530.13","74.85M","-0.33%"
"01/03/2024","532.58","534.28","535.42","529.00","77.28M","-1.11%"
"01/02/2024","538.56","536.20","539.47","535.84","72.93M","-0.20%"
"12/29/2023","539.62","539.93","541.21","538.63","48.00M","-0.39%"
"12/28/2023","541.72","543.50","544.06","541.52","40.59M","-0.46%"
"12/27/2023","544.23","542.27","544.65","541.66","49.85M","0.25%"
"12/26/2023","542.87","541.18","544.55","540.84","40.96M","0.44%"
"12/22/2023","540.47","539.16","541.62","538.37","55.07M","0.63%"
"12/21/2023","537.07","536.01","537.15","533.70","58.08M","1.02%"
"12/20/2023","531.67","537.76","539.61","531.51","76.58M","-1.48%"
"12/19/2023","539.63","538.06","541.03","537.65","90.45M","0.91%"
"12/18/2023","534.74","538.63","538.81","534.46","83.00M","0.06%"
"12/15/2023","534.42","533.46","537.47","532.56","223.77M","-0.20%"
"12/14/2023","535.49","530.34","538.48","530.34","139.97M","1.68%"
"12/13/2023","526.66","514.58","527.09","514.14","102.19M","1.20%"
"12/12/2023","520.43","523.03","524.71","518.10","81.47M","0.57%"
"12/11/2023","517.50","513.27","517.60","512.23","71.42M","0.71%"
"12/08/2023","513.85","511.64","516.32","511.63","79.57M","0.33%"
"12/07/2023","512.15","510.01","512.61","509.11","86.17M","0.67%"
"12/06/2023","508.74","511.49","513.62","508.18","77.90M","-0.16%"
"12/05/2023","509.54","513.90","514.32","508.55","94.31M","-1.37%"
"12/04/2023","516.63","518.40","522.49","516.59","99.99M","-1.19%"
"12/01/2023","522.84","517.60","524.57","516.62","94.83M","1.09%"
"11/30/2023","517.20","512.79","517.70","511.03","138.91M","0.97%"
"11/29/2023","512.25","511.69","514.67","511.37","75.20M","0.38%"
"11/28/2023","510.33","509.57","513.07","507.95","94.96M","0.20%"
"11/27/2023","509.33","508.34","509.91","505.98","80.89M","-0.08%"
"11/24/2023","509.76","508.48","511.70","508.17","31.40M","0.33%"
"11/22/2023","508.07","507.84","508.60","505.41","55.15M","0.12%"
"11/21/2023","507.47","506.69","509.51","506.49","74.05M","0.40%"
"11/20/2023","505.47","504.30","507.26","501.43","79.28M","0.15%"
"11/17/2023","504.69","505.42","506.57","503.42","66.48M","0.17%"
"11/16/2023","503.85","502.01","504.48","501.06","76.11M","0.24%"
"11/15/2023","502.62","501.33","506.98","501.14","86.51M","0.47%"
"11/14/2023","500.27","491.72","502.49","491.72","96.72M","2.91%"
"11/13/2023","486.12","484.43","488.07","483.43","85.87M","-0.14%"
"11/10/2023","486.80","481.76","487.17","480.97","81.68M","1.16%"
"11/09/2023","481.23","487.36","487.95","480.85","92.65M","-0.85%"
"11/08/2023","485.34","485.14","486.81","482.39","79.27M","0.26%"
"11/07/2023","484.10","488.35","488.46","483.26","171.20M","-1.87%"
"11/06/2023","493.33","495.97","495.97","492.44","75.55M","-0.51%"
"11/03/2023","495.87","491.46","499.35","491.46","89.43M","1.55%"
"11/02/2023","488.32","481.79","488.37","481.79","91.78M","1.92%"
"11/01/2023","479.10","479.12","480.07","474.06","105.66M","0.10%"
"10/31/2023","478.64","476.43","480.03","474.96","96.22M","0.45%"
"10/30/2023","476.48","474.27","477.82","473.24","85.80M","0.99%"
"10/27/2023","471.83","473.06","475.24","470.76","89.91M","-0.06%"
"10/26/2023","472.11","471.77","476.18","470.60","130.03M","0.72%"
"10/25/2023","468.75","473.06","474.08","468.36","87.28M","-1.14%"
"10/24/2023","474.16","471.92","477.07","471.92","83.65M","1.13%"
"10/23/2023","468.88","469.10","473.56","468.05","90.00M","-1.07%"
"10/20/2023","473.96","479.14","480.53","473.88","86.62M","-1.29%"
"10/19/2023","480.13","484.24","487.54","479.19","87.67M","-1.08%"
"10/18/2023","485.38","494.12","494.12","484.88","81.39M","-2.58%"
"10/17/2023","498.22","490.21","499.94","489.81","67.38M","1.01%"
"10/16/2023","493.24","491.90","496.66","490.81","63.73M","0.92%"
"10/13/2023","488.74","492.82","495.08","486.70","67.96M","-0.36%"
"10/12/2023","490.53","499.39","499.39","486.80","71.93M","-1.52%"
"10/11/2023","498.08","498.39","500.93","494.03","59.09M","0.23%"
"10/10/2023","496.92","493.91","500.97","493.68","69.40M","1.08%"
"10/09/2023","491.61","488.79","493.01","485.79","66.44M","0.15%"
"10/06/2023","490.89","485.67","494.35","483.59","78.81M","0.96%"
"10/05/2023","486.23","490.89","493.94","483.48","76.23M","-1.26%"
"10/04/2023","492.44","489.35","493.15","485.89","83.73M","1.19%"
"10/03/2023","486.63","485.46","492.61","484.63","81.67M","-0.30%"
"10/02/2023","488.08","492.85","493.13","484.70","75.65M","-1.31%"
"09/29/2023","494.54","498.88","500.11","493.25","71.55M","-0.22%"
"09/28/2023","495.65","491.21","497.36","491.17","72.08M","1.05%"
"09/27/2023","490.52","492.07","493.43","487.56","73.71M","0.02%"
"09/26/2023","490.44","495.00","497.10","489.12","73.69M","-1.45%"
"09/25/2023","497.67","492.13","497.90","491.74","62.30M","0.80%"
"09/22/2023","493.72","495.02","498.03","493.05","66.32M","-0.13%"
"09/21/2023","494.34","501.05","501.05","494.19","75.60M","-2.04%"
"09/20/2023","504.66","511.04","512.96","504.33","70.47M","-1.03%"
"09/19/2023","509.91","510.65","512.21","505.56","79.20M","-0.10%"
"09/18/2023","510.41","511.95","512.95","508.81","62.83M","-0.43%"
"09/15/2023","512.61","517.70","519.19","511.73","137.06M","-1.09%"
"09/14/2023","518.25","514.55","519.35","514.55","75.88M","1.40%"
"09/13/2023","511.09","513.71","514.85","509.85","74.19M","-0.59%"
"09/12/2023","514.14","513.75","516.36","513.02","72.94M","-0.24%"
"09/11/2023","515.39","517.26","519.01","514.41","60.74M","0.41%"
"09/08/2023","513.26","512.11","515.35","511.62","67.14M","0.12%"
"09/07/2023","512.62","512.76","514.57","508.92","94.99M","-0.44%"
"09/06/2023","514.90","515.04","517.32","511.03","65.70M","-0.33%"
"09/05/2023","516.63","524.92","525.69","516.54","69.96M","-1.81%"
"09/01/2023","526.13","524.96","527.65","524.69","57.07M","1.02%"
"08/31/2023","520.84","521.90","523.13","520.29","69.60M","-0.05%"
"08/30/2023","521.10","520.35","521.97","519.23","50.05M","0.15%"
"08/29/2023","520.31","511.64","520.46","510.63","56.98M","1.68%"
"08/28/2023","511.73","509.70","514.08","509.48","53.46M","0.74%"
"08/25/2023","507.99","508.56","510.30","503.88","61.21M","0.27%"
"08/24/2023","506.62","506.62","510.93","505.87","58.64M","-0.43%"
"08/23/2023","508.83","508.27","510.52","506.75","63.00M","0.18%"
"08/22/2023","507.91","510.64","511.63","506.56","55.66M","-0.08%"
"08/21/2023","508.31","509.81","510.15","504.91","55.75M","0.02%"
"08/18/2023","508.20","505.65","509.48","505.02","72.43M","-0.08%"
"08/17/2023","508.63","512.01","516.16","508.00","73.75M","-0.18%"
"08/16/2023","509.56","511.87","514.71","509.46","64.21M","-0.66%"
"08/15/2023","512.97","517.47","517.54","512.09","67.39M","-1.65%"
"08/14/2023","521.55","517.94","521.58","516.32","69.27M","0.19%"
"08/11/2023","520.56","520.55","523.04","518.87","58.02M","-0.27%"
"08/10/2023","521.97","523.78","527.22","520.86","69.18M","0.09%"
"08/09/2023","521.50","524.88","526.80","521.06","71.74M","-0.47%"
"08/08/2023","523.95","524.17","524.84","518.28","82.56M","-1.05%"
"08/07/2023","529.50","527.98","530.26","525.57","60.06M","0.70%"
"08/04/2023","525.84","529.22","533.64","525.58","75.12M","-0.27%"
"08/03/2023","527.26","528.28","531.60","526.44","93.96M","-0.60%"
"08/02/2023","530.46","532.49","535.34","530.21","85.29M","-1.23%"
"08/01/2023","537.08","535.81","539.35","535.40","73.39M","-0.44%"
"07/31/2023","539.48","537.47","540.39","536.45","87.44M","0.52%"
"07/28/2023","536.71","537.19","538.22","533.93","65.15M","0.69%"
"07/27/2023","533.01","537.22","540.01","532.60","84.64M","-0.67%"
"07/26/2023","536.60","535.64","537.84","532.29","75.88M","-0.28%"
"07/25/2023","538.13","530.46","540.30","530.46","97.30M","1.76%"
"07/24/2023","528.81","527.49","529.73","525.64","70.75M","0.31%"
"07/21/2023","527.18","526.10","528.13","523.08","66.41M","0.00%"
"07/20/2023","527.18","526.04","528.23","523.60","79.13M","0.24%"
"07/19/2023","525.90","527.71","529.43","524.36","75.72M","-0.52%"
"07/18/2023","528.63","523.37","530.26","523.35","67.56M","0.78%"
"07/17/2023","524.56","522.39","525.59","521.64","54.75M","0.08%"
"07/14/2023","524.15","527.35","527.35","521.86","63.43M","-0.58%"
"07/13/2023","527.19","524.79","527.85","523.06","72.25M","0.79%"
"07/12/2023","523.07","522.24","524.76","519.03","78.46M","1.29%"
"07/11/2023","516.39","513.74","516.74","512.33","66.56M","0.97%"
"07/10/2023","511.42","508.88","514.40","507.80","80.47M","-0.01%"
"07/07/2023","511.46","506.79","516.63","506.13","82.42M","0.88%"
"07/06/2023","506.98","505.65","507.37","499.45","85.68M","-0.71%"
"07/05/2023","510.60","518.06","518.20","509.92","90.94M","-2.47%"
"07/03/2023","523.53","521.75","525.93","520.95","38.73M","0.31%"
"06/30/2023","521.93","518.80","523.09","517.85","71.47M","0.93%"
"06/29/2023","517.14","509.51","517.38","508.30","60.73M","1.27%"
"06/28/2023","510.66","512.71","512.71","508.69","70.80M","-0.68%"
"06/27/2023","514.15","507.68","514.79","506.92","65.82M","1.40%"
"06/26/2023","507.06","502.96","507.88","502.69","61.23M","1.00%"
"06/23/2023","502.04","501.30","502.90","498.38","96.28M","-0.78%"
"06/22/2023","505.99","505.21","506.47","501.39","61.80M","-0.29%"
"06/21/2023","507.46","503.83","509.42","501.95","71.09M","0.35%"
"06/20/2023","505.67","508.78","508.78","502.97","82.33M","-1.26%"
"06/16/2023","512.10","511.85","512.82","509.08","170.30M","0.11%"
"06/15/2023","511.54","507.01","513.43","506.19","69.78M","0.85%"
"06/14/2023","507.22","512.33","513.22","504.50","68.93M","-0.43%"
"06/13/2023","509.43","499.81","509.64","499.81","81.17M","2.33%"
"06/12/2023","497.82","495.91","498.48","492.99","68.41M","0.44%"
"06/09/2023","495.64","498.86","498.86","493.87","67.00M","-0.82%"
"06/08/2023","499.75","501.76","503.01","496.46","70.43M","-0.35%"
"06/07/2023","501.50","495.42","501.99","495.29","85.00M","1.18%"
"06/06/2023","495.67","490.98","496.95","490.96","75.06M","0.65%"
"06/05/2023","492.46","493.28","498.16","490.87","81.89M","-0.10%"
"06/02/2023","492.95","485.51","494.03","485.51","101.47M","3.37%"
"06/01/2023","476.86","472.63","478.41","471.07","89.17M","1.24%"
"05/31/2023","471.02","473.78","474.90","469.18","142.97M","-1.12%"
"05/30/2023","476.37","479.17","479.32","472.87","80.34M","-0.59%"
"05/26/2023","479.21","479.30","482.37","477.26","70.83M","0.42%"
"05/25/2023","477.22","478.85","479.46","474.69","78.10M","-0.38%"
"05/24/2023","479.04","483.45","483.45","478.16","75.35M","-1.12%"
"05/23/2023","484.49","488.80","489.82","483.63","73.82M","-1.54%"
"05/22/2023","492.05","495.39","497.15","491.48","58.33M","-0.55%"
"05/19/2023","494.76","495.16","497.27","492.24","61.82M","0.26%"
"05/18/2023","493.48","489.52","493.99","486.21","65.80M","0.55%"
"05/17/2023","490.79","489.43","492.62","487.66","75.84M","0.67%"
"05/16/2023","487.54","493.31","493.33","487.42","69.85M","-1.64%"
"05/15/2023","495.69","493.37","496.01","491.04","70.18M","0.85%"
"05/12/2023","491.53","492.13","493.84","487.42","62.52M","0.17%"
"05/11/2023","490.69","491.74","492.37","488.49","83.08M","-0.99%"
"05/10/2023","495.59","499.17","501.15","490.22","74.90M","0.05%"
"05/09/2023","495.34","497.77","497.96","493.35","68.74M","-0.93%"
"05/08/2023","500.01","503.57","505.07","499.19","60.69M","-0.30%"
"05/05/2023","501.50","497.98","503.23","497.88","75.78M","1.66%"
"05/04/2023","493.32","496.97","500.49","492.18","107.44M","-0.64%"
"05/03/2023","496.50","503.49","504.92","496.30","94.83M","-1.11%"
"05/02/2023","502.06","503.81","504.13","494.22","87.16M","-0.95%"
"05/01/2023","506.87","508.40","510.20","506.00","62.03M","-0.04%"
"04/28/2023","507.06","500.77","507.99","500.09","81.97M","1.13%"
"04/27/2023","501.40","496.12","501.45","493.21","73.42M","1.36%"
"04/26/2023","494.68","499.40","500.10","492.97","72.87M","-1.18%"
"04/25/2023","500.58","506.97","507.34","500.27","85.28M","-2.15%"
"04/24/2023","511.57","509.15","511.65","508.49","69.43M","0.69%"
"04/21/2023","508.05","510.22","511.28","505.42","86.46M","-0.91%"
"04/20/2023","512.69","510.61","514.23","509.49","67.44M","-0.07%"
"04/19/2023","513.07","512.39","513.66","510.11","62.15M","-0.31%"
"04/18/2023","514.68","514.43","516.27","512.26","63.63M","0.40%"
"04/17/2023","512.64","510.16","512.64","508.43","60.73M","0.59%"
"04/14/2023","509.65","512.54","515.54","507.06","63.19M","-0.67%"
"04/13/2023","513.11","508.90","514.90","507.41","75.99M","1.01%"
"04/12/2023","508.00","510.92","512.46","507.34","64.73M","0.07%"
"04/11/2023","507.65","505.96","510.47","505.82","77.05M","0.73%"
"04/10/2023","503.98","499.75","504.72","499.01","62.64M","0.49%"
"04/06/2023","501.51","500.21","501.88","497.72","74.21M","-0.22%"
"04/05/2023","502.61","499.92","503.21","498.15","84.29M","-0.22%"
"04/04/2023","503.73","509.73","510.09","501.84","87.90M","-1.47%"
"04/03/2023","511.23","509.04","512.37","507.45","78.00M","0.65%"
"03/31/2023","507.92","501.00","508.18","500.99","67.89M","1.57%"
"03/30/2023","500.05","501.15","501.84","498.24","58.65M","0.64%"
"03/29/2023","496.86","495.23","497.14","494.66","65.63M","1.39%"
"03/28/2023","490.07","488.30","490.82","487.23","48.00M","0.50%"
"03/27/2023","487.64","487.46","491.08","484.28","68.71M","0.74%"
"03/24/2023","484.05","477.14","485.18","473.18","78.84M","0.81%"
"03/23/2023","480.17","482.79","489.87","476.56","78.15M","-0.14%"
"03/22/2023","480.84","489.12","492.33","480.79","73.73M","-1.76%"
"03/21/2023","489.45","489.11","491.07","486.38","69.35M","1.23%"
"03/20/2023","483.52","478.28","483.94","478.28","84.82M","2.01%"
"03/17/2023","474.00","480.19","480.19","473.18","194.53M","-1.54%"
"03/16/2023","481.41","471.92","482.07","470.18","102.96M","1.17%"
"03/15/2023","475.82","480.62","481.17","469.45","122.98M","-3.28%"
"03/14/2023","491.94","493.35","497.73","486.71","99.65M","1.25%"
"03/13/2023","485.89","486.15","492.02","482.48","105.45M","-1.09%"
"03/10/2023","491.26","502.45","502.45","488.66","87.45M","-2.15%"
"03/09/2023","502.05","515.16","517.19","500.49","68.95M","-2.54%"
"03/08/2023","515.12","512.67","516.39","511.24","67.05M","0.47%"
"03/07/2023","512.73","521.53","521.53","511.15","79.36M","-1.99%"
"03/06/2023","523.14","528.98","529.84","522.36","71.45M","-1.65%"
"03/03/2023","531.90","526.76","532.11","523.86","66.64M","1.40%"
"03/02/2023","524.56","516.28","525.74","514.94","70.13M","1.20%"
"03/01/2023","518.32","516.72","523.61","516.27","72.66M","0.68%"
"02/28/2023","514.81","511.98","517.92","511.30","93.95M","0.45%"
"02/27/2023","512.51","514.33","517.35","512.11","71.15M","0.23%"
"02/24/2023","511.33","499.23","511.89","496.84","92.31M","0.65%"
"02/23/2023","508.01","508.74","511.26","500.50","79.83M","0.18%"
"02/22/2023","507.08","505.09","509.59","503.32","76.49M","0.68%"
"02/21/2023","503.68","510.44","511.03","502.85","85.66M","-1.63%"
"02/17/2023","512.00","514.36","514.36","509.26","93.59M","-0.96%"
"02/16/2023","516.98","517.93","522.84","514.32","72.65M","-1.15%"
"02/15/2023","522.99","516.66","523.00","515.72","69.26M","0.44%"
"02/14/2023","520.68","517.33","522.05","514.81","71.36M","0.22%"
"02/13/2023","519.56","517.23","520.53","514.64","65.11M","0.51%"
"02/10/2023","516.93","513.58","517.55","510.82","68.22M","0.36%"
"02/09/2023","515.10","526.48","528.78","512.71","84.37M","-1.41%"
"02/08/2023","522.45","524.93","529.02","522.16","71.85M","-0.81%"
"02/07/2023","526.71","518.45","527.98","518.35","84.96M","1.30%"
"02/06/2023","519.96","522.17","523.09","517.05","81.09M","-1.08%"
"02/03/2023","525.63","529.37","533.44","524.87","82.83M","-1.82%"
"02/02/2023","535.36","534.85","536.74","527.45","100.91M","-0.28%"
"02/01/2023","536.88","531.81","541.10","527.03","91.09M","0.65%"
"01/31/2023","533.40","523.27","533.45","522.61","103.80M","2.23%"
"01/30/2023","521.79","523.05","528.56","521.29","65.09M","-0.70%"
"01/27/2023","525.46","524.99","529.05","523.10","71.39M","-0.34%"
"01/26/2023","527.24","521.73","527.34","518.81","85.19M","0.48%"
"01/25/2023","524.70","519.30","524.84","516.20","73.65M","0.20%"
"01/24/2023","523.64","523.62","524.34","516.12","61.99M","0.04%"
"01/23/2023","523.43","520.28","525.46","518.32","63.64M","0.32%"
"01/20/2023","521.77","513.45","521.96","510.18","71.68M","2.05%"
"01/19/2023","511.31","513.35","513.39","507.25","71.36M","-0.77%"
"01/18/2023","515.28","526.62","528.09","515.11","84.44M","-1.38%"
"01/17/2023","522.50","527.87","529.73","522.17","75.05M","-1.07%"
"01/13/2023","528.16","522.11","528.92","521.66","61.60M","0.67%"
"01/12/2023","524.63","524.69","526.09","518.81","69.28M","0.32%"
"01/11/2023","522.98","518.66","523.12","517.29","81.21M","1.61%"
"01/10/2023","514.70","509.61","515.08","507.07","73.40M","1.02%"
"01/09/2023","509.49","510.19","516.44","508.14","83.27M","0.60%"
"01/06/2023","506.45","494.21","507.58","494.21","80.49M","3.44%"
"01/05/2023","489.60","490.34","492.34","486.25","73.78M","-1.60%"
"01/04/2023","497.55","491.96","498.84","491.37","78.82M","1.74%"
"01/03/2023","489.04","489.63","493.43","484.64","71.39M","-0.10%"
"12/30/2022","489.55","489.82","491.04","485.44","43.92M","-0.75%"
"12/29/2022","493.23","490.44","495.14","490.41","43.08M","1.05%"
"12/28/2022","488.12","495.76","497.26","487.65","46.55M","-1.50%"
"12/27/2022","495.53","496.12","498.71","493.47","48.29M","0.03%"
"12/23/2022","495.38","491.55","495.39","489.33","39.97M","0.72%"
"12/22/2022","491.86","493.33","493.43","483.67","62.12M","-0.94%"
"12/21/2022","496.54","494.35","498.62","493.74","54.17M","0.84%"
"12/20/2022","492.42","490.65","495.17","490.02","54.08M","0.65%"
"12/19/2022","489.24","495.08","497.30","486.87","60.38M","-1.34%"
"12/16/2022","495.88","494.73","497.07","490.84","147.64M","-0.41%"
"12/15/2022","497.94","506.69","506.86","496.65","77.23M","-3.02%"
"12/14/2022","513.45","517.45","520.14","509.93","72.72M","-1.11%"
"12/13/2022","519.21","524.60","528.50","515.76","75.05M","1.34%"
"12/12/2022","512.32","508.27","512.32","506.20","63.24M","0.90%"
"12/09/2022","507.77","513.47","515.52","507.60","62.88M","-0.96%"
"12/08/2022","512.69","513.22","515.27","511.14","61.01M","0.68%"
"12/07/2022","509.25","509.80","513.88","507.78","68.77M","-0.24%"
"12/06/2022","510.50","516.73","518.36","506.70","64.50M","-0.88%"
"12/05/2022","515.03","522.04","523.26","514.25","66.65M","-1.95%"
"12/02/2022","525.28","514.45","526.74","514.23","72.40M","1.10%"
"12/01/2022","519.55","522.14","522.94","515.26","70.36M","-0.03%"
"11/30/2022","519.72","508.03","519.72","502.75","129.13M","2.42%"
"11/29/2022","507.45","507.39","509.97","505.97","59.08M","0.30%"
"11/28/2022","505.94","514.03","514.03","504.94","70.98M","-2.20%"
"11/25/2022","517.32","517.19","517.70","515.90","26.55M","-0.12%"
"11/23/2022","517.93","514.96","518.20","514.19","50.97M","0.41%"
"11/22/2022","515.80","506.62","515.98","506.56","65.62M","2.23%"
"11/21/2022","504.54","500.14","506.18","498.18","63.22M","0.38%"
"11/18/2022","502.64","503.23","503.75","498.23","63.65M","0.65%"
"11/17/2022","499.41","497.08","499.70","493.45","67.65M","-0.95%"
"11/16/2022","504.22","508.13","509.00","503.49","68.40M","-0.98%"
"11/15/2022","509.21","514.02","515.40","504.54","87.01M","-0.11%"
"11/14/2022","509.79","510.21","517.03","508.82","81.51M","-0.21%"
"11/11/2022","510.85","510.81","516.70","509.48","105.13M","1.16%"
"11/10/2022","504.97","496.40","505.22","495.32","103.08M","5.55%"
"11/09/2022","478.42","484.15","488.13","477.44","75.70M","-1.58%"
"11/08/2022","486.12","480.47","491.24","479.79","92.28M","1.68%"
"11/07/2022","478.09","476.97","478.48","472.70","70.75M","0.79%"
"11/04/2022","474.35","467.99","477.83","466.44","115.52M","3.41%"
"11/03/2022","458.73","449.28","461.74","448.91","104.07M","0.78%"
"11/02/2022","455.20","469.25","473.01","455.02","115.82M","-2.57%"
"11/01/2022","467.22","473.64","473.78","463.46","89.37M","0.24%"
"10/31/2022","466.12","468.26","471.49","465.39","94.50M","-0.89%"
"10/28/2022","470.30","465.45","471.13","462.02","75.96M","1.02%"
"10/27/2022","465.53","467.32","471.08","464.84","75.52M","-0.26%"
"10/26/2022","466.76","466.69","471.58","463.06","85.27M","0.67%"
"10/25/2022","463.67","452.82","463.81","452.46","83.51M","2.53%"
"10/24/2022","452.24","456.89","459.05","451.47","79.48M","-0.62%"
"10/21/2022","455.08","439.85","455.55","438.82","98.39M","3.46%"
"10/20/2022","439.86","443.08","451.49","438.77","86.75M","-0.70%"
"10/19/2022","442.96","445.74","448.61","440.34","65.18M","-1.13%"
"10/18/2022","448.03","448.50","452.95","443.37","74.88M","1.91%"
"10/17/2022","439.62","435.12","442.42","435.12","73.30M","2.54%"
"10/14/2022","428.72","446.63","447.57","428.26","82.59M","-3.41%"
"10/13/2022","443.87","424.37","445.87","420.72","87.82M","2.91%"
"10/12/2022","431.31","434.54","434.76","431.22","73.13M","-0.80%"
"10/11/2022","434.81","435.43","441.61","431.54","72.94M","-0.74%"
"10/10/2022","438.03","439.37","440.57","435.18","62.28M","0.24%"
"10/07/2022","436.96","444.52","444.74","434.30","69.29M","-2.54%"
"10/06/2022","448.36","449.54","454.22","447.10","82.65M","-1.02%"
"10/05/2022","452.98","452.48","456.64","447.97","75.91M","-1.09%"
"10/04/2022","457.98","449.83","458.49","449.81","92.09M","3.54%"
"10/03/2022","442.32","433.78","445.05","432.31","101.08M","3.40%"
"09/30/2022","427.77","429.24","435.88","426.80","95.41M","-0.35%"
"09/29/2022","429.27","431.45","431.46","423.15","78.21M","-1.53%"
"09/28/2022","435.95","427.02","437.87","425.76","83.30M","2.63%"
"09/27/2022","424.79","428.58","431.75","421.19","83.59M","0.23%"
"09/26/2022","423.83","428.09","433.28","421.98","91.76M","-1.64%"
"09/23/2022","430.90","433.49","433.51","424.65","103.32M","-2.05%"
"09/22/2022","439.91","447.63","448.14","439.81","77.63M","-1.24%"
"09/21/2022","445.45","457.71","459.32","445.39","79.55M","-2.20%"
"09/20/2022","455.45","458.79","458.79","452.03","76.21M","-1.90%"
"09/19/2022","464.26","452.48","464.89","452.21","83.02M","1.63%"
"09/16/2022","456.82","458.05","458.44","451.81","169.69M","-1.56%"
"09/15/2022","464.08","469.25","473.21","463.33","81.25M","-1.34%"
"09/14/2022","470.37","474.31","474.46","465.74","100.97M","-1.23%"
"09/13/2022","476.21","484.50","486.59","475.00","87.08M","-3.54%"
"09/12/2022","493.69","494.54","496.18","491.01","83.64M","0.88%"
"09/09/2022","489.37","486.79","490.55","485.69","73.72M","2.49%"
"09/07/2022","477.49","463.55","478.12","462.43","73.69M","2.73%"
"09/06/2022","464.80","468.27","470.44","462.87","84.66M","-0.33%"
"09/02/2022","466.33","474.20","477.36","464.34","75.40M","-0.09%"
"09/01/2022","466.75","467.68","467.68","461.12","83.27M","-1.38%"
"08/31/2022","473.30","479.62","479.65","473.20","102.16M","-1.21%"
"08/30/2022","479.11","488.42","488.85","476.48","79.76M","-1.71%"
"08/29/2022","487.44","486.79","491.49","484.36","72.70M","-0.69%"
"08/26/2022","490.81","508.07","508.29","490.77","76.24M","-3.14%"
"08/25/2022","506.70","497.94","506.79","497.94","76.09M","2.26%"
"08/24/2022","495.49","493.71","497.18","492.66","67.81M","0.24%"
"08/23/2022","494.28","489.46","496.80","489.46","69.24M","0.98%"
"08/22/2022","489.50","490.69","492.23","487.76","71.53M","-1.59%"
"08/19/2022","497.42","503.47","503.59","495.68","67.22M","-1.81%"
"08/18/2022","506.58","506.77","507.93","503.60","59.24M","0.26%"
"08/17/2022","505.27","506.54","507.82","502.67","61.80M","-1.40%"
"08/16/2022","512.43","508.07","514.55","508.07","61.94M","0.58%"
"08/15/2022","509.45","504.46","510.11","503.24","76.09M","-0.09%"
"08/12/2022","509.91","501.78","509.97","501.20","59.36M","1.88%"
"08/11/2022","500.51","503.00","506.79","499.92","65.96M","0.28%"
"08/10/2022","499.13","493.63","501.74","493.50","73.15M","2.88%"
"08/09/2022","485.17","487.88","488.59","483.63","69.01M","-0.51%"
"08/08/2022","487.64","489.68","494.44","487.40","79.52M","0.55%"
"08/05/2022","484.99","479.16","486.98","478.23","83.94M","0.36%"
"08/04/2022","483.24","483.57","487.35","480.85","84.34M","0.05%"
"08/03/2022","483.01","484.84","484.93","478.91","83.67M","0.13%"
"08/02/2022","482.39","485.39","489.15","479.80","89.09M","-1.01%"
"08/01/2022","487.31","488.38","489.33","483.86","78.19M","-0.81%"
"07/29/2022","491.31","487.39","492.68","486.51","128.74M","1.32%"
"07/28/2022","484.91","477.86","485.32","477.82","94.21M","1.69%"
"07/27/2022","476.87","471.49","478.41","465.32","102.14M","1.25%"
"07/26/2022","470.97","471.40","473.56","468.97","79.72M","-0.66%"
"07/25/2022","474.09","472.78","474.63","470.27","97.55M","0.43%"
"07/22/2022","472.06","478.75","480.98","470.00","75.60M","-0.73%"
"07/21/2022","475.53","468.74","475.60","466.06","92.61M","1.40%"
"07/20/2022","468.95","467.65","470.89","465.54","86.06M","0.12%"
"07/19/2022","468.41","459.51","469.08","458.85","79.00M","3.11%"
"07/18/2022","454.30","458.76","461.12","452.69","83.23M","0.22%"
"07/15/2022","453.29","452.84","454.70","447.82","81.16M","1.62%"
"07/14/2022","446.06","448.41","448.41","440.32","97.32M","-1.89%"
"07/13/2022","454.65","450.61","457.18","447.71","80.04M","-0.55%"
"07/12/2022","457.16","456.89","463.26","455.71","85.78M","-0.21%"
"07/11/2022","458.13","454.29","460.19","454.02","74.50M","-0.27%"
"07/08/2022","459.36","464.75","465.24","457.12","65.02M","-1.00%"
"07/07/2022","463.99","462.93","468.54","462.66","87.05M","0.92%"
"07/06/2022","459.75","456.49","461.15","451.62","112.74M","0.62%"
"07/05/2022","456.93","456.74","456.98","447.50","113.05M","-2.00%"
"07/01/2022","466.26","460.33","466.90","454.36","92.46M","0.67%"
"06/30/2022","463.16","462.74","467.23","456.75","88.99M","-1.23%"
"06/29/2022","468.91","472.59","473.73","463.99","70.88M","-0.73%"
"06/28/2022","472.37","479.92","484.60","471.59","87.46M","-1.07%"
"06/27/2022","477.47","480.41","481.70","476.01","93.75M","-0.81%"
"06/24/2022","481.35","465.79","481.43","465.57","169.60M","3.98%"
"06/23/2022","462.93","468.45","470.03","458.37","124.38M","-1.40%"
"06/22/2022","469.51","468.71","474.07","464.46","110.31M","-1.30%"
"06/21/2022","475.67","472.45","477.78","472.16","90.78M","1.47%"
"06/17/2022","468.80","467.97","471.96","460.53","166.98M","-0.11%"
"06/16/2022","469.30","476.46","476.46","465.48","108.68M","-3.65%"
"06/15/2022","487.09","492.24","494.11","478.41","94.32M","0.03%"
"06/14/2022","486.95","491.00","493.72","483.34","90.59M","-0.84%"
"06/13/2022","491.07","499.51","499.51","488.29","106.56M","-3.92%"
"06/10/2022","511.12","518.65","518.65","510.51","90.05M","-3.05%"
"06/09/2022","527.19","535.87","537.67","527.15","75.77M","-2.39%"
"06/08/2022","540.10","547.07","550.45","538.99","65.91M","-2.10%"
"06/07/2022","551.69","543.56","552.14","541.58","74.51M","0.72%"
"06/06/2022","547.73","546.09","549.73","544.83","65.35M","0.97%"
"06/03/2022","542.46","543.32","546.73","540.71","61.31M","-0.98%"
"06/02/2022","547.83","538.34","547.92","537.78","77.68M","2.68%"
"06/01/2022","533.52","539.11","541.43","528.46","80.83M","-1.03%"
"05/31/2022","539.06","543.70","545.03","537.49","166.33M","-1.60%"
"05/27/2022","547.81","539.45","547.81","538.82","75.52M","2.29%"
"05/26/2022","535.52","528.33","538.01","528.33","75.88M","1.82%"
"05/25/2022","525.95","521.25","528.04","520.08","83.15M","0.47%"
"05/24/2022","523.51","525.80","526.10","514.69","84.50M","-0.61%"
"05/23/2022","526.70","521.18","527.84","520.33","89.02M","1.85%"
"05/20/2022","517.15","522.37","525.39","506.03","109.11M","-0.22%"
"05/19/2022","518.27","512.02","524.36","511.97","96.34M","0.68%"
"05/18/2022","514.75","526.77","527.55","512.79","88.97M","-3.18%"
"05/17/2022","531.63","525.31","532.26","523.17","92.77M","2.86%"
"05/16/2022","516.83","516.31","520.86","511.01","85.86M","-0.19%"
"05/13/2022","517.80","513.53","522.87","513.53","91.69M","1.53%"
"05/12/2022","509.98","505.71","515.00","500.77","108.26M","-0.19%"
"05/11/2022","510.94","510.99","524.56","510.14","101.95M","0.03%"
"05/10/2022","510.79","518.37","523.98","504.84","109.74M","-0.59%"
"05/09/2022","513.80","522.99","525.46","512.61","123.61M","-3.24%"
"05/06/2022","531.00","534.09","534.40","522.32","100.43M","-1.37%"
"05/05/2022","538.35","552.66","553.88","532.77","112.13M","-3.11%"
"05/04/2022","555.64","541.44","556.02","537.00","106.64M","3.24%"
"05/03/2022","538.18","532.88","541.23","532.03","94.48M","1.12%"
"05/02/2022","532.21","534.85","536.72","522.13","100.61M","-0.33%"
"04/29/2022","533.97","544.82","551.12","532.73","105.38M","-0.44%"
"04/27/2022","536.34","532.70","542.44","531.81","108.99M","1.48%"
"04/26/2022","528.52","536.06","542.24","528.49","104.78M","-1.55%"
"04/25/2022","536.83","535.03","538.10","522.22","116.23M","-0.29%"
"04/22/2022","538.40","554.88","554.88","537.55","109.54M","-3.73%"
"04/21/2022","559.25","572.31","574.68","557.83","116.30M","-1.68%"
"04/20/2022","568.78","565.98","570.64","564.84","76.97M","0.69%"
"04/19/2022","564.89","558.45","566.20","557.20","67.09M","0.93%"
"04/18/2022","559.69","558.52","563.02","558.01","63.01M","0.08%"
"04/14/2022","559.23","561.45","566.02","559.04","71.22M","-0.34%"
"04/13/2022","561.14","553.34","561.25","551.97","65.68M","1.46%"
"04/12/2022","553.05","554.52","560.26","550.91","62.13M","0.03%"
"04/11/2022","552.87","554.82","558.88","552.29","61.35M","-0.45%"
"04/08/2022","555.39","554.43","559.29","552.65","66.36M","0.55%"
"04/07/2022","552.33","549.41","554.60","545.66","73.04M","0.63%"
"04/06/2022","548.87","551.28","551.50","543.98","87.33M","-1.12%"
"04/05/2022","555.07","558.80","563.08","553.66","76.17M","-0.79%"
"04/04/2022","559.49","560.72","560.72","554.82","65.65M","-0.04%"
"04/01/2022","559.73","555.39","561.39","553.59","76.64M","1.13%"
"03/31/2022","553.45","559.24","562.91","553.42","80.23M","-1.35%"
"03/30/2022","561.02","561.92","564.18","558.61","63.23M","-0.33%"
"03/29/2022","562.90","561.91","563.06","554.95","93.92M","0.77%"
"03/28/2022","558.61","559.17","559.17","553.17","73.93M","-0.46%"
"03/25/2022","561.19","555.29","561.36","555.24","70.66M","1.10%"
"03/24/2022","555.07","546.82","555.08","546.82","82.47M","1.96%"
"03/23/2022","544.38","544.47","547.68","543.35","74.23M","-0.39%"
"03/22/2022","546.51","547.65","549.97","544.57","86.60M","0.52%"
"03/21/2022","543.70","540.59","545.80","540.09","91.47M","0.85%"
"03/18/2022","539.10","533.67","539.88","531.92","190.94M","0.60%"
"03/17/2022","535.91","524.58","535.91","524.06","100.24M","1.95%"
"03/16/2022","525.68","520.03","530.48","515.19","109.49M","1.58%"
"03/15/2022","517.48","512.37","518.47","508.57","104.74M","1.10%"
"03/14/2022","511.85","515.35","518.97","509.18","108.35M","-0.13%"
"03/11/2022","512.53","517.17","521.53","512.28","88.78M","-0.74%"
"03/10/2022","516.35","509.30","517.05","509.30","105.81M","0.18%"
"03/09/2022","515.42","507.03","518.42","505.45","119.94M","3.01%"
"03/08/2022","500.36","504.08","510.58","497.10","139.63M","-0.50%"
"03/07/2022","502.88","520.35","520.35","502.79","150.85M","-3.43%"
"03/04/2022","520.74","516.71","520.97","512.23","119.06M","-0.42%"
"03/03/2022","522.95","525.56","528.39","517.53","104.03M","0.12%"
"03/02/2022","522.34","511.92","524.93","511.92","108.90M","2.24%"
"03/01/2022","510.90","523.21","525.47","507.84","122.32M","-2.31%"
"02/28/2022","523.00","521.94","526.56","518.05","132.42M","-1.18%"
"02/25/2022","529.22","512.14","529.35","512.14","109.54M","3.58%"
"02/24/2022","510.93","502.96","512.32","498.48","123.36M","-0.30%"
"02/23/2022","512.49","521.83","524.24","511.81","91.78M","-1.32%"
"02/22/2022","519.32","523.37","526.16","515.08","91.81M","-1.38%"
"02/18/2022","526.60","528.13","531.43","523.83","105.87M","-0.19%"
"02/17/2022","527.59","534.28","534.28","525.92","85.69M","-1.70%"
"02/16/2022","536.70","532.78","537.99","531.69","72.03M","0.65%"
"02/15/2022","533.25","526.57","533.87","526.06","74.51M","1.89%"
"02/14/2022","523.38","527.91","528.42","519.65","84.40M","-0.87%"
"02/11/2022","527.95","532.76","538.19","526.18","97.90M","-1.52%"
"02/10/2022","536.11","537.97","548.06","533.55","99.99M","-0.57%"
"02/09/2022","539.16","532.72","540.06","532.72","87.17M","2.13%"
"02/08/2022","527.92","520.65","528.70","520.65","85.33M","1.57%"
"02/07/2022","519.77","522.62","524.70","518.19","86.63M","-0.43%"
"02/04/2022","521.99","529.70","529.70","519.43","87.38M","-1.72%"
"02/03/2022","531.11","537.85","539.67","530.32","76.72M","-1.77%"
"02/02/2022","540.70","539.02","542.82","535.93","90.97M","0.23%"
"02/01/2022","539.44","532.95","540.12","530.62","98.97M","1.67%"
"01/31/2022","530.58","520.14","531.00","519.68","111.55M","1.44%"
"01/28/2022","523.05","518.69","523.06","510.48","104.37M","0.57%"
"01/27/2022","520.10","521.79","530.63","515.14","107.15M","0.36%"
"01/26/2022","518.23","526.42","532.03","513.20","93.23M","-1.02%"
"01/25/2022","523.56","522.41","528.05","511.76","98.54M","-0.86%"
"01/24/2022","528.09","522.13","529.71","508.53","125.89M","0.02%"
"01/21/2022","527.96","540.12","540.12","526.41","109.08M","-2.49%"
"01/20/2022","541.46","550.92","554.70","540.76","87.38M","-1.43%"
"01/19/2022","549.33","553.62","556.03","549.02","83.62M","-0.21%"
"01/18/2022","550.49","554.05","554.05","546.42","86.37M","-1.32%"
"01/14/2022","557.86","557.81","558.99","551.38","83.07M","-0.84%"
"01/13/2022","562.56","566.45","569.23","561.43","71.92M","-0.81%"
"01/12/2022","567.13","566.11","568.29","561.84","80.92M","0.95%"
"01/11/2022","561.78","556.23","561.82","551.75","67.71M","1.11%"
"01/10/2022","555.60","558.54","559.23","550.22","66.58M","-0.99%"
"01/07/2022","561.17","562.73","563.18","558.76","66.35M","-0.09%"
"01/06/2022","561.66","569.24","569.44","561.00","71.20M","-1.24%"
"01/05/2022","568.69","571.33","580.07","568.68","88.91M","-0.08%"
"01/04/2022","569.15","563.33","571.10","563.33","79.92M","1.30%"
"01/03/2022","561.82","569.80","570.44","560.89","61.18M","-1.37%"
"12/31/2021","569.63","566.00","570.95","565.95","40.29M","0.47%"
"12/30/2021","566.98","569.49","572.53","566.67","41.62M","-0.37%"
"12/29/2021","569.06","566.30","570.21","565.98","46.23M","0.43%"
"12/28/2021","566.63","563.82","567.48","563.52","45.45M","0.56%"
"12/27/2021","563.50","557.22","563.70","556.48","48.38M","1.47%"
"12/23/2021","555.32","550.64","557.13","550.25","64.82M","1.01%"
"12/22/2021","549.75","545.10","550.20","544.41","59.67M","0.77%"
"12/21/2021","545.54","541.75","547.60","541.75","66.39M","1.31%"
"12/20/2021","538.50","542.74","542.74","531.91","73.97M","-1.82%"
"12/17/2021","548.50","554.95","555.04","548.25","147.66M","-1.32%"
"12/16/2021","555.81","553.07","559.03","553.07","89.40M","1.04%"
"12/15/2021","550.08","547.87","550.52","540.60","96.79M","0.28%"
"12/14/2021","548.54","548.47","553.23","547.27","73.87M","-0.11%"
"12/13/2021","549.16","552.68","553.62","547.63","71.84M","-0.67%"
"12/10/2021","552.89","552.52","554.73","549.06","58.56M","0.66%"
"12/09/2021","549.25","548.69","551.96","547.11","68.57M","-0.55%"
"12/08/2021","552.30","551.13","553.58","549.36","76.79M","0.40%"
"12/07/2021","550.09","545.21","553.76","545.21","77.56M","1.51%"
"12/06/2021","541.90","539.77","546.21","538.00","74.77M","1.48%"
"12/03/2021","534.01","536.69","542.15","529.55","96.62M","-0.23%"
"12/02/2021","535.25","526.14","537.53","525.81","86.46M","1.98%"
"12/01/2021","524.88","536.45","543.48","524.83","92.95M","-1.09%"
"11/30/2021","530.68","541.54","542.49","529.47","131.32M","-2.48%"
"11/29/2021","544.19","545.30","546.80","540.46","74.51M","0.49%"
"11/26/2021","541.52","543.93","544.36","536.29","64.83M","-1.77%"
"11/25/2021","551.25","552.21","553.48","550.38","","0.00%"
"11/24/2021","551.25","552.21","553.48","550.38","50.31M","-0.74%"
"11/23/2021","555.37","554.81","559.31","552.68","64.73M","0.09%"
"11/22/2021","554.88","554.28","560.83","554.18","72.01M","0.15%"
"11/19/2021","554.03","554.05","557.34","552.41","78.37M","-0.16%"
"11/18/2021","554.93","557.91","558.75","553.95","66.33M","-0.44%"
"11/17/2021","557.38","560.69","561.80","557.07","69.63M","-0.63%"
"11/16/2021","560.94","563.12","564.62","560.79","73.08M","-0.32%"
"11/15/2021","562.75","564.97","565.28","560.94","59.83M","-0.46%"
"11/12/2021","565.33","562.31","565.63","561.61","67.91M","0.71%"
"11/11/2021","561.36","558.01","563.62","558.01","85.17M","0.85%"
"11/10/2021","556.63","559.98","562.65","555.77","85.70M","-0.71%"
"11/09/2021","560.63","558.32","560.68","556.32","72.97M","0.42%"
"11/08/2021","558.26","556.32","559.99","556.32","95.15M","1.23%"
"11/05/2021","551.47","548.29","552.82","548.08","85.19M","0.84%"
"11/04/2021","546.90","547.61","549.32","544.79","80.73M","-0.11%"
"11/03/2021","547.49","542.11","549.63","541.26","96.94M","1.10%"
"11/02/2021","541.51","537.05","542.73","536.13","97.47M","1.10%"
"11/01/2021","535.62","535.44","538.77","533.91","74.35M","0.23%"
"10/29/2021","534.41","535.30","538.71","532.45","92.25M","-0.50%"
"10/28/2021","537.11","531.42","537.96","531.42","70.38M","1.02%"
"10/27/2021","531.70","538.42","538.75","531.37","85.66M","-1.43%"
"10/26/2021","539.44","538.80","541.54","534.56","69.62M","0.36%"
"10/25/2021","537.48","535.33","540.16","532.92","72.32M","0.90%"
"10/22/2021","532.71","535.27","538.14","532.63","63.71M","-0.17%"
"10/21/2021","533.61","533.33","533.72","528.22","69.54M","-0.23%"
"10/20/2021","534.85","531.44","535.47","529.93","64.37M","0.82%"
"10/19/2021","530.52","530.22","530.59","526.36","57.54M","0.49%"
"10/18/2021","527.92","525.92","528.84","523.06","71.58M","-0.04%"
"10/15/2021","528.15","529.49","530.91","527.11","86.38M","0.26%"
"10/14/2021","526.79","519.26","527.38","517.97","82.43M","2.43%"
"10/13/2021","514.30","512.88","516.22","508.24","84.17M","0.75%"
"10/12/2021","510.46","509.96","512.79","508.70","69.36M","0.14%"
"10/11/2021","509.73","511.23","517.10","509.69","71.12M","0.03%"
"10/08/2021","509.59","513.51","514.99","508.84","61.94M","-0.56%"
"10/07/2021","512.47","508.72","517.98","508.72","88.92M","1.35%"
"10/06/2021","505.66","503.66","505.80","496.43","85.52M","-0.26%"
"10/05/2021","507.00","503.19","509.61","500.51","76.54M","0.94%"
"10/04/2021","502.29","505.02","508.45","498.90","82.83M","-0.45%"
"10/01/2021","504.57","498.63","507.25","495.30","94.51M","1.60%"
"09/30/2021","496.64","505.70","507.98","496.59","83.67M","-1.59%"
"09/29/2021","504.66","506.08","507.57","504.11","58.97M","-0.39%"
"09/28/2021","506.63","511.48","512.52","505.32","78.26M","-1.28%"
"09/27/2021","513.20","510.63","515.97","510.63","80.70M","0.78%"
"09/24/2021","509.22","508.19","511.88","507.10","66.29M","-0.15%"
"09/23/2021","509.99","506.22","513.35","506.22","76.68M","1.39%"
"09/22/2021","502.98","501.82","507.84","501.82","78.32M","1.01%"
"09/21/2021","497.97","501.86","502.56","495.70","87.23M","-0.18%"
"09/20/2021","498.86","499.62","501.15","492.40","109.92M","-1.94%"
"09/17/2021","508.73","516.08","517.27","507.23","147.57M","-2.06%"
"09/16/2021","519.41","522.89","522.89","515.82","88.78M","-1.09%"
"09/15/2021","525.15","520.73","525.86","520.21","71.22M","1.10%"
"09/14/2021","519.46","527.68","527.68","518.63","64.84M","-1.17%"
"09/13/2021","525.60","529.82","531.76","522.30","63.41M","-0.02%"
"09/10/2021","525.68","528.68","532.11","525.39","69.66M","-0.05%"
"09/09/2021","525.94","524.50","529.44","524.50","61.58M","0.07%"
"09/08/2021","525.59","530.25","530.25","524.00","68.51M","-1.02%"
"09/07/2021","531.03","533.61","533.61","530.33","58.16M","-0.65%"
"09/03/2021","534.50","537.89","538.99","534.47","61.40M","-0.69%"
"09/02/2021","538.23","536.26","539.28","536.14","55.93M","0.60%"
"09/01/2021","535.04","536.00","537.23","530.52","61.37M","-0.28%"
"08/31/2021","536.52","537.74","537.74","534.00","75.09M","-0.31%"
"08/30/2021","538.21","541.17","541.85","538.20","52.73M","-0.18%"
"08/27/2021","539.17","534.50","540.58","534.46","59.01M","1.33%"
"08/26/2021","532.11","535.36","536.31","531.87","52.29M","-0.68%"
"08/25/2021","535.77","532.37","537.53","530.05","58.00M","0.42%"
"08/24/2021","533.53","533.06","534.84","531.82","58.91M","0.67%"
"08/23/2021","529.99","528.29","531.42","527.35","67.14M","0.85%"
"08/20/2021","525.54","522.31","526.55","522.26","72.52M","0.64%"
"08/19/2021","522.22","521.82","524.56","519.69","83.83M","-0.93%"
"08/18/2021","527.14","532.51","534.78","526.89","68.97M","-1.13%"
"08/17/2021","533.18","536.91","537.10","527.28","74.40M","-1.21%"
"08/16/2021","539.69","539.95","540.29","534.03","61.65M","-0.49%"
"08/13/2021","542.35","542.54","543.44","541.37","50.03M","0.08%"
"08/12/2021","541.94","542.87","543.04","537.20","56.90M","-0.19%"
"08/11/2021","542.96","539.48","543.38","537.31","73.82M","1.42%"
"08/10/2021","535.35","527.12","537.43","527.12","78.06M","1.48%"
"08/09/2021","527.54","527.41","528.69","523.39","68.14M","-0.12%"
"08/06/2021","528.18","523.22","528.85","523.22","65.50M","1.47%"
"08/05/2021","520.53","523.83","527.29","520.16","65.28M","-0.14%"
"08/04/2021","521.24","524.16","527.00","521.19","58.53M","-0.99%"
"08/03/2021","526.43","521.91","526.55","517.32","67.75M","1.01%"
"08/02/2021","521.16","529.55","533.17","521.08","68.30M","-1.17%"
"07/30/2021","527.35","525.27","530.63","524.75","78.56M","0.40%"
"07/29/2021","525.23","523.81","527.21","522.14","71.80M","1.08%"
"07/28/2021","519.61","518.38","521.50","514.79","60.73M","0.25%"
"07/27/2021","518.29","514.07","520.49","509.54","63.24M","0.14%"
"07/26/2021","517.57","513.99","517.85","513.46","70.96M","0.88%"
"07/23/2021","513.07","511.61","513.59","507.51","64.15M","0.68%"
"07/22/2021","509.60","510.34","511.05","505.53","67.75M","0.03%"
"07/21/2021","509.44","506.71","510.87","506.71","84.42M","1.09%"
"07/20/2021","503.94","498.14","507.43","495.65","87.40M","1.20%"
"07/19/2021","497.94","501.33","501.33","494.03","103.66M","-2.18%"
"07/16/2021","509.02","517.45","517.96","508.27","85.58M","-1.53%"
"07/15/2021","516.91","514.77","520.32","514.62","59.07M","0.04%"
"07/14/2021","516.70","519.05","522.67","515.48","60.66M","-0.19%"
"07/13/2021","517.69","522.51","523.11","516.45","56.64M","-0.95%"
"07/12/2021","522.63","518.87","524.42","516.34","58.82M","0.26%"
"07/09/2021","521.27","516.76","522.43","516.76","65.59M","2.01%"
"07/08/2021","511.02","514.80","514.80","506.76","74.89M","-1.36%"
"07/07/2021","518.05","512.48","518.55","511.74","61.40M","1.02%"
"07/06/2021","512.84","520.39","520.39","509.29","69.17M","-1.44%"
"07/02/2021","520.31","520.32","521.16","517.30","48.75M","0.08%"
"07/01/2021","519.88","521.11","521.78","517.40","61.52M","0.55%"
"06/30/2021","517.02","514.30","517.64","514.11","64.57M","0.24%"
"06/29/2021","515.77","518.53","520.90","514.62","54.48M","-0.04%"
"06/28/2021","515.97","517.68","518.21","512.18","61.70M","-0.02%"
"06/25/2021","516.09","517.57","520.88","515.74","141.41M","0.04%"
"06/24/2021","515.89","518.20","518.96","514.38","73.28M","0.27%"
"06/23/2021","514.49","519.21","520.47","514.40","65.82M","-0.62%"
"06/22/2021","517.68","518.19","520.04","514.38","76.54M","0.34%"
"06/21/2021","515.91","510.25","516.44","510.25","92.41M","2.07%"
"06/18/2021","505.45","509.28","510.36","505.43","159.22M","-1.62%"
"06/17/2021","513.77","524.29","524.29","507.51","148.48M","-2.20%"
"06/16/2021","525.35","532.16","532.16","524.38","94.73M","-1.17%"
"06/15/2021","531.55","533.19","533.59","527.72","107.91M","-0.20%"
"06/14/2021","532.59","538.14","538.77","529.91","70.40M","-1.28%"
"06/11/2021","539.48","540.27","543.05","536.55","67.02M","0.36%"
"06/10/2021","537.55","544.33","545.36","537.48","61.62M","-0.56%"
"06/09/2021","540.58","543.87","545.33","540.49","62.22M","-0.76%"
"06/08/2021","544.71","544.13","547.00","540.22","63.49M","0.16%"
"06/07/2021","543.86","550.40","550.54","541.59","67.07M","-1.23%"
"06/04/2021","550.61","551.87","552.64","548.52","69.28M","0.18%"
"06/03/2021","549.61","545.93","549.81","543.06","73.25M","-0.02%"
"06/02/2021","549.71","555.51","555.51","549.25","68.07M","-0.94%"
"06/01/2021","554.93","552.90","556.10","551.41","78.39M","1.39%"
"05/28/2021","547.32","549.35","549.96","545.47","66.64M","-0.15%"
"05/27/2021","548.15","546.86","550.49","546.69","131.23M","0.74%"
"05/26/2021","544.10","543.77","545.73","540.61","75.14M","0.06%"
"05/25/2021","543.80","549.59","550.86","543.45","73.22M","-0.88%"
"05/24/2021","548.61","547.82","550.85","545.02","56.74M","0.84%"
"05/21/2021","544.06","544.20","549.68","543.73","71.44M","0.27%"
"05/20/2021","542.62","542.80","545.22","540.80","77.59M","0.05%"
"05/19/2021","542.35","543.75","544.93","536.74","105.19M","-1.54%"
"05/18/2021","550.84","557.04","557.90","550.70","91.65M","-1.09%"
"05/17/2021","556.90","552.35","557.93","549.73","93.81M","0.90%"
"05/14/2021","551.92","547.45","553.37","547.22","67.63M","1.19%"
"05/13/2021","545.45","537.81","547.02","536.79","93.35M","1.53%"
"05/12/2021","537.24","548.77","550.06","536.75","101.60M","-2.54%"
"05/11/2021","551.24","544.31","551.79","541.85","104.60M","0.35%"
"05/10/2021","549.32","557.28","560.11","549.29","123.01M","-0.41%"
"05/07/2021","551.57","545.87","552.63","544.11","88.81M","0.93%"
"05/06/2021","546.51","543.58","546.64","537.35","90.80M","0.91%"
"05/05/2021","541.56","537.38","542.42","534.55","66.50M","1.32%"
"05/04/2021","534.51","525.64","534.62","525.64","107.01M","1.04%"
"05/03/2021","529.00","525.26","532.21","525.17","80.20M","1.53%"
"04/30/2021","521.05","524.61","526.85","520.11","76.34M","-1.07%"
"04/29/2021","526.67","525.85","527.12","521.36","70.68M","0.62%"
"04/28/2021","523.43","522.42","525.79","521.71","70.36M","0.21%"
"04/27/2021","522.32","520.62","523.80","519.23","69.91M","-0.22%"
"04/26/2021","523.48","522.64","526.63","521.90","72.62M","0.50%"
"04/23/2021","520.87","514.21","522.28","512.96","72.53M","1.68%"
"04/22/2021","512.26","520.08","520.08","511.69","84.08M","-1.75%"
"04/21/2021","521.37","511.82","521.73","511.61","63.88M","1.87%"
"04/20/2021","511.82","515.53","516.87","510.01","66.83M","-0.94%"
"04/19/2021","516.66","519.58","520.02","513.90","65.88M","-0.44%"
"04/16/2021","518.94","518.84","520.51","517.06","79.18M","1.18%"
"04/15/2021","512.90","510.05","513.84","507.46","72.50M","1.26%"
"04/14/2021","506.52","503.62","508.83","503.56","81.66M","0.65%"
"04/13/2021","503.27","503.68","504.81","501.09","59.94M","-0.19%"
"04/12/2021","504.22","502.73","504.93","502.35","64.29M","0.31%"
"04/09/2021","502.64","499.95","502.74","498.09","61.95M","0.83%"
"04/08/2021","498.50","497.87","499.37","494.38","65.65M","0.16%"
"04/07/2021","497.72","505.97","506.44","496.74","63.28M","-1.75%"
"04/06/2021","506.58","504.89","508.19","504.30","74.25M","0.23%"
"04/05/2021","505.40","503.27","507.16","502.09","72.24M","1.22%"
"04/01/2021","499.30","495.63","499.57","492.76","71.29M","0.93%"
"03/31/2021","494.71","497.02","499.45","493.65","84.57M","-0.49%"
"03/30/2021","497.17","498.68","499.92","496.13","64.55M","-0.34%"
"03/29/2021","498.88","499.22","503.56","496.22","81.71M","-0.33%"
"03/26/2021","500.55","491.88","500.94","491.53","83.96M","2.49%"
"03/25/2021","488.37","480.88","489.40","477.01","97.45M","1.41%"
"03/24/2021","481.58","480.37","488.41","480.37","84.71M","0.69%"
"03/23/2021","478.26","485.27","486.59","476.68","107.91M","-2.10%"
"03/22/2021","488.52","487.07","490.45","484.54","83.72M","0.04%"
"03/19/2021","488.32","489.94","491.47","482.74","197.93M","-0.48%"
"03/18/2021","490.66","492.39","497.89","489.79","89.70M","-0.54%"
"03/17/2021","493.31","488.46","494.51","487.44","86.44M","0.90%"
"03/16/2021","488.89","492.72","493.12","486.41","79.66M","-0.87%"
"03/15/2021","493.20","491.00","493.32","487.28","85.13M","0.16%"
"03/12/2021","492.42","491.42","492.76","489.93","67.05M","0.19%"
"03/11/2021","491.51","493.06","495.34","491.12","85.14M","0.55%"
"03/10/2021","488.82","483.08","492.50","482.82","82.58M","1.64%"
"03/09/2021","480.94","478.96","484.63","477.61","91.76M","0.65%"
"03/08/2021","477.82","472.72","484.91","472.36","97.79M","1.29%"
"03/05/2021","471.73","465.20","472.98","455.88","98.88M","2.35%"
"03/04/2021","460.88","469.07","471.57","453.12","111.24M","-2.06%"
"03/03/2021","470.58","473.65","476.81","470.52","85.33M","-1.05%"
"03/02/2021","475.55","474.18","479.72","473.90","93.40M","0.58%"
"03/01/2021","472.82","466.89","475.27","466.89","85.14M","2.54%"
"02/26/2021","461.11","465.38","467.18","458.37","116.03M","-1.35%"
"02/25/2021","467.40","477.58","478.20","465.56","82.81M","-2.39%"
"02/24/2021","478.86","474.51","480.63","473.07","95.20M","0.91%"
"02/23/2021","474.52","472.17","475.76","464.49","96.97M","0.32%"
"02/22/2021","472.99","469.79","474.81","469.25","106.46M","0.38%"
"02/19/2021","471.21","465.46","473.09","465.32","115.26M","1.85%"
"02/18/2021","462.67","463.46","464.72","460.49","94.27M","-0.62%"
"02/17/2021","465.57","464.11","466.35","459.65","85.47M","-0.13%"
"02/16/2021","466.19","468.66","470.46","465.63","99.31M","-0.19%"
"02/12/2021","467.06","461.23","467.23","460.86","62.54M","1.02%"
"02/11/2021","462.35","463.14","464.85","458.50","73.84M","0.14%"
"02/10/2021","461.69","465.24","465.71","459.07","112.76M","-0.20%"
"02/09/2021","462.60","465.97","466.34","461.29","80.89M","-0.69%"
"02/08/2021","465.83","466.26","467.27","464.64","85.53M","0.81%"
"02/05/2021","462.08","457.14","462.63","457.14","117.27M","1.71%"
"02/04/2021","454.33","455.56","456.66","450.66","124.83M","-0.54%"
"02/03/2021","456.79","456.79","459.36","455.12","129.00M","0.20%"
"02/02/2021","455.90","451.58","457.80","450.66","144.20M","1.31%"
"02/01/2021","450.01","446.49","450.63","442.69","174.34M","1.16%"
"01/29/2021","444.85","452.20","453.76","442.34","158.45M","-1.95%"
"01/28/2021","453.71","448.95","456.06","448.95","138.07M","1.82%"
"01/27/2021","445.62","454.55","454.55","440.58","155.39M","-3.00%"
"01/26/2021","459.38","468.09","469.90","459.25","114.62M","-1.40%"
"01/25/2021","465.88","466.86","467.74","457.70","118.57M","-0.54%"
"01/22/2021","468.43","465.56","470.04","465.02","86.70M","-0.43%"
"01/21/2021","470.43","476.82","477.77","470.43","91.68M","-1.50%"
"01/20/2021","477.61","477.96","478.89","475.51","83.09M","0.36%"
"01/19/2021","475.92","478.06","479.17","473.98","85.79M","0.40%"
"01/15/2021","474.04","476.95","476.95","469.35","93.38M","-1.46%"
"01/14/2021","481.07","483.96","484.73","480.57","87.34M","-0.38%"
"01/13/2021","482.91","486.99","488.42","480.94","89.27M","-1.06%"
"01/12/2021","488.08","481.12","489.58","479.77","98.08M","1.35%"
"01/11/2021","481.60","474.15","483.46","472.36","89.48M","0.00%"
"01/08/2021","481.58","484.11","485.37","475.89","98.37M","-0.51%"
"01/07/2021","484.04","482.98","487.03","482.25","113.20M","0.78%"
"01/06/2021","480.27","465.82","483.56","465.82","145.84M","4.09%"
"01/05/2021","461.42","451.33","462.56","451.33","96.77M","2.30%"
"01/04/2021","451.04","460.10","461.72","448.79","109.42M","-1.02%"
"12/31/2020","455.71","454.10","456.39","451.14","62.42M","0.40%"
"12/30/2020","453.88","449.58","454.99","449.52","69.44M","1.34%"
"12/29/2020","447.88","451.59","452.51","445.78","45.29M","-0.21%"
"12/28/2020","448.83","454.92","455.47","448.83","45.29M","-0.36%"
"12/24/2020","450.45","448.16","450.72","446.71","19.25M","0.57%"
"12/23/2020","447.88","449.80","452.69","447.86","54.70M","0.08%"
"12/22/2020","447.53","450.17","450.64","446.93","62.82M","-0.56%"
"12/21/2020","450.07","445.36","451.23","441.19","65.60M","-0.58%"
"12/18/2020","452.71","451.78","453.68","447.25","153.09M","0.51%"
"12/17/2020","450.40","448.96","450.77","447.93","64.29M","1.18%"
"12/16/2020","445.16","447.61","448.08","443.37","56.16M","-0.31%"
"12/15/2020","446.53","442.49","447.47","441.48","64.37M","1.88%"
"12/14/2020","438.27","447.11","448.24","438.27","68.87M","-1.33%"
"12/11/2020","444.19","443.20","446.06","440.86","63.93M","-0.52%"
"12/10/2020","446.52","447.37","450.38","445.19","67.75M","-0.71%"
"12/09/2020","449.72","450.86","452.08","445.39","67.11M","0.09%"
"12/08/2020","449.31","444.64","450.33","444.36","60.25M","0.62%"
"12/07/2020","446.55","449.95","450.77","445.19","72.23M","-0.70%"
"12/04/2020","449.70","441.98","449.72","441.92","93.96M","2.03%"
"12/03/2020","440.76","444.43","446.36","439.77","81.95M","-0.68%"
"12/02/2020","443.76","448.06","449.73","443.02","74.72M","-1.38%"
"12/01/2020","449.96","452.15","453.30","447.73","81.71M","1.02%"
"11/30/2020","445.41","449.36","449.36","442.74","107.99M","-0.92%"
"11/27/2020","449.53","449.55","451.13","447.57","39.73M","0.40%"
"11/25/2020","447.76","451.49","451.49","447.09","73.33M","-1.08%"
"11/24/2020","452.65","443.93","454.02","443.93","121.12M","2.50%"
"11/23/2020","441.62","440.44","444.16","439.64","78.93M","0.86%"
"11/20/2020","437.84","438.21","440.02","436.08","69.65M","-0.13%"
"11/19/2020","438.42","434.89","438.98","431.66","61.92M","0.43%"
"11/18/2020","436.56","441.28","443.01","436.53","67.40M","-0.82%"
"11/17/2020","440.16","438.65","441.18","434.75","78.27M","-0.39%"
"11/16/2020","441.89","437.99","442.30","436.73","79.63M","2.00%"
"11/13/2020","433.23","428.70","434.59","428.70","66.20M","1.64%"
"11/12/2020","426.23","433.08","433.49","423.51","80.98M","-2.17%"
"11/11/2020","435.67","442.70","442.70","432.47","82.99M","-1.37%"
"11/10/2020","441.71","438.32","443.11","438.32","93.40M","1.14%"
"11/09/2020","436.75","438.71","454.39","436.48","134.44M","2.25%"
"11/06/2020","427.15","428.58","431.12","425.75","68.08M","0.17%"
"11/05/2020","426.44","414.01","429.39","414.01","82.98M","4.05%"
"11/04/2020","409.83","415.97","417.40","406.13","87.22M","-1.65%"
"11/03/2020","416.71","414.47","418.79","412.52","82.52M","1.55%"
"11/02/2020","410.34","402.30","411.64","401.71","77.53M","3.39%"
"10/30/2020","396.87","395.81","398.75","390.93","83.09M","-0.15%"
"10/29/2020","397.45","388.15","400.37","386.98","76.07M","2.18%"
"10/28/2020","388.98","392.55","394.46","387.85","95.98M","-2.87%"
"10/27/2020","400.48","403.96","405.19","400.34","69.83M","-0.98%"
"10/26/2020","404.43","410.23","410.23","401.35","71.97M","-2.46%"
"10/23/2020","414.64","416.51","417.73","412.88","55.43M","0.36%"
"10/22/2020","413.14","410.38","413.80","406.81","66.67M","0.46%"
"10/21/2020","411.24","412.31","417.38","411.16","71.78M","-0.33%"
"10/20/2020","412.62","413.71","417.05","411.71","62.34M","0.28%"
"10/19/2020","411.46","417.52","419.34","410.62","64.46M","-1.19%"
"10/16/2020","416.43","415.55","418.44","415.03","60.90M","0.64%"
"10/15/2020","413.80","410.98","414.10","408.34","57.05M","-0.27%"
"10/14/2020","414.92","414.09","417.48","413.41","54.68M","0.35%"
"10/13/2020","413.48","415.37","416.64","412.16","63.86M","-0.94%"
"10/12/2020","417.39","419.98","420.95","417.15","67.55M","-0.15%"
"10/09/2020","418.02","418.04","419.82","415.51","68.73M","0.73%"
"10/08/2020","415.01","413.07","416.29","412.78","69.54M","1.05%"
"10/07/2020","410.68","404.61","411.64","404.61","89.62M","2.62%"
"10/06/2020","400.21","407.16","410.84","399.79","87.92M","-1.26%"
"10/05/2020","405.32","400.93","408.22","400.70","82.39M","1.92%"
"10/02/2020","397.67","389.60","400.81","389.60","83.02M","0.81%"
"10/01/2020","394.46","401.50","403.98","393.24","90.47M","-1.39%"
"09/30/2020","400.01","397.40","403.40","397.13","78.98M","0.92%"
"09/29/2020","396.35","399.33","400.76","395.30","54.94M","-0.72%"
"09/28/2020","399.24","397.49","402.77","397.14","69.97M","1.61%"
"09/25/2020","392.92","387.00","394.22","384.61","70.45M","0.80%"
"09/24/2020","389.79","386.57","393.59","383.66","82.66M","0.70%"
"09/23/2020","387.07","397.32","398.13","386.70","99.95M","-2.93%"
"09/22/2020","398.76","398.41","399.53","395.41","69.42M","0.21%"
"09/21/2020","397.92","404.49","404.49","393.50","107.40M","-3.41%"
"09/18/2020","411.95","418.20","419.67","411.52","144.16M","-1.72%"
"09/17/2020","419.18","412.12","419.89","409.45","105.88M","0.76%"
"09/16/2020","416.01","415.95","420.79","415.03","92.61M","0.07%"
"09/15/2020","415.72","415.96","418.51","415.68","69.02M","0.47%"
"09/14/2020","413.76","410.58","414.96","409.85","82.01M","1.37%"
"09/11/2020","408.16","405.60","410.02","404.27","69.60M","1.31%"
"09/10/2020","402.88","408.20","410.22","402.25","75.45M","-0.94%"
"09/09/2020","406.70","400.83","409.37","400.72","68.66M","2.58%"
"09/08/2020","396.46","400.07","400.45","393.73","84.99M","-2.07%"
"09/04/2020","404.85","406.28","408.32","398.25","89.02M","0.13%"
"09/03/2020","404.32","414.20","414.56","399.74","88.73M","-2.77%"
"09/02/2020","415.86","406.23","416.14","405.22","100.54M","2.28%"
"09/01/2020","406.58","395.16","406.58","393.82","81.09M","2.75%"
"08/31/2020","395.69","401.01","401.70","395.61","67.97M","-1.49%"
"08/28/2020","401.66","397.89","401.95","397.11","55.13M","1.10%"
"08/27/2020","397.28","399.96","400.40","396.30","58.16M","-0.24%"
"08/26/2020","398.23","393.72","399.15","392.82","56.75M","0.97%"
"08/25/2020","394.39","397.22","398.51","392.65","52.32M","-0.32%"
"08/24/2020","395.67","393.62","395.81","392.66","65.14M","1.72%"
"08/21/2020","388.97","388.48","389.60","386.92","58.34M","-0.53%"
"08/20/2020","391.06","389.14","391.45","388.60","54.13M","-0.42%"
"08/19/2020","392.72","395.23","396.23","391.67","79.27M","-0.32%"
"08/18/2020","393.98","396.94","397.48","393.56","57.02M","-0.36%"
"08/17/2020","395.41","396.52","398.48","393.94","64.22M","0.38%"
"08/14/2020","393.93","392.27","395.43","391.21","49.70M","0.15%"
"08/13/2020","393.35","391.28","394.97","391.18","71.76M","-0.07%"
"08/12/2020","393.64","395.20","396.44","392.77","65.12M","0.63%"
"08/11/2020","391.16","394.77","397.78","390.46","99.26M","-0.18%"
"08/10/2020","391.86","388.16","391.91","388.06","87.04M","0.99%"
"08/07/2020","388.01","384.32","388.21","383.01","86.97M","0.37%"
"08/06/2020","386.57","387.97","388.96","385.40","105.16M","-0.43%"
"08/05/2020","388.22","386.18","392.51","386.13","110.16M","1.53%"
"08/04/2020","382.36","376.34","383.72","375.17","99.29M","1.33%"
"08/03/2020","377.34","381.60","381.60","377.34","84.32M","-0.64%"
"07/31/2020","379.77","380.55","380.58","374.93","116.76M","0.11%"
"07/30/2020","379.34","381.49","382.17","376.16","78.32M","-1.96%"
"07/29/2020","386.94","384.79","388.06","384.39","68.63M","0.85%"
"07/28/2020","383.66","391.93","391.93","383.39","68.47M","-2.18%"
"07/27/2020","392.23","389.07","393.80","387.89","77.15M","1.41%"
"07/24/2020","386.76","386.84","388.65","384.54","72.96M","-0.32%"
"07/23/2020","388.02","387.78","391.80","385.64","75.47M","-0.26%"
"07/22/2020","389.05","384.67","389.36","384.11","70.18M","1.12%"
"07/21/2020","384.73","384.02","386.60","383.98","65.71M","0.85%"
"07/20/2020","381.48","384.14","385.52","380.79","71.43M","-0.84%"
"07/17/2020","384.72","384.01","385.85","383.06","68.48M","0.79%"
"07/16/2020","381.69","381.58","384.49","379.85","71.85M","0.36%"
"07/15/2020","380.33","380.28","381.96","377.85","81.53M","1.67%"
"07/14/2020","374.10","364.40","374.57","363.72","85.80M","2.54%"
"07/13/2020","364.83","367.95","372.29","364.73","106.85M","-0.01%"
"07/10/2020","364.88","359.67","365.27","359.66","68.92M","1.75%"
"07/09/2020","358.61","364.22","364.22","354.76","92.33M","-0.93%"
"07/08/2020","361.99","368.28","369.96","357.97","95.29M","-1.46%"
"07/07/2020","367.35","364.96","368.39","364.62","100.12M","-0.02%"
"07/06/2020","367.41","367.48","368.90","362.71","103.81M","1.46%"
"07/02/2020","362.11","359.86","364.93","359.68","95.44M","1.85%"
"07/01/2020","355.52","354.98","356.50","350.84","88.56M","0.19%"
"06/30/2020","354.83","349.11","356.67","347.52","90.55M","1.43%"
"06/29/2020","349.84","346.94","351.34","345.38","78.99M","1.91%"
"06/26/2020","343.27","347.11","347.30","341.29","200.89M","-1.39%"
"06/25/2020","348.10","342.77","348.35","339.81","80.99M","1.30%"
"06/24/2020","343.64","350.56","350.57","342.80","89.02M","-2.95%"
"06/23/2020","354.07","357.58","358.70","354.05","78.96M","0.21%"
"06/22/2020","353.33","352.07","354.84","348.85","79.45M","0.40%"
"06/19/2020","351.93","358.17","359.55","349.65","169.56M","-0.31%"
"06/18/2020","353.04","351.39","355.01","351.03","72.14M","0.05%"
"06/17/2020","352.88","357.69","358.11","352.11","74.20M","-0.76%"
"06/16/2020","355.57","358.98","362.05","350.55","101.65M","2.10%"
"06/15/2020","348.24","335.47","350.34","334.05","101.46M","0.93%"
"06/12/2020","345.02","350.48","351.31","338.62","92.53M","1.94%"
"06/11/2020","338.44","355.93","357.21","336.94","132.76M","-7.74%"
"06/10/2020","366.84","371.92","371.92","365.38","101.21M","-1.11%"
"06/09/2020","370.97","370.92","373.38","368.90","100.90M","-1.17%"
"06/08/2020","375.38","374.79","377.58","372.26","102.47M","0.10%"
"06/05/2020","375.02","375.37","377.78","373.91","130.35M","2.50%"
"06/04/2020","365.88","363.76","366.83","362.50","91.04M","0.35%"
"06/03/2020","364.59","360.61","367.15","360.61","121.61M","2.28%"
"06/02/2020","356.46","351.35","356.99","350.99","130.96M","1.76%"
"06/01/2020","350.29","348.37","351.64","347.79","93.70M","0.55%"
"05/29/2020","348.38","347.76","349.20","344.02","163.29M","0.09%"
"05/28/2020","348.08","350.18","350.82","344.71","95.96M","0.83%"
"05/27/2020","345.23","345.44","347.16","340.81","110.32M","1.02%"
"05/26/2020","341.73","340.48","343.71","339.16","106.20M","2.66%"
"05/22/2020","332.86","333.08","333.42","330.39","65.03M","-0.17%"
"05/21/2020","333.44","335.73","337.21","332.19","85.21M","-0.99%"
"05/20/2020","336.79","335.96","340.26","335.96","91.27M","1.63%"
"05/19/2020","331.40","334.02","335.96","331.22","89.35M","-1.00%"
"05/18/2020","334.75","330.75","337.18","330.75","115.51M","4.56%"
"05/15/2020","320.14","315.36","320.24","313.79","85.43M","0.96%"
"05/14/2020","317.09","307.86","317.09","303.97","107.96M","1.23%"
"05/13/2020","313.24","319.02","319.93","310.55","86.63M","-2.18%"
"05/12/2020","320.23","326.30","328.32","320.23","85.78M","-1.56%"
"05/11/2020","325.31","324.72","326.62","321.88","80.09M","-1.52%"
"05/08/2020","330.32","326.86","330.56","326.27","77.76M","2.40%"
"05/07/2020","322.59","319.61","325.32","318.71","83.91M","2.13%"
"05/06/2020","315.85","322.99","324.83","315.85","73.03M","-1.82%"
"05/05/2020","321.71","323.64","325.89","320.87","95.28M","0.30%"
"05/04/2020","320.75","316.50","321.09","314.08","85.45M","0.40%"
"05/01/2020","319.47","320.68","322.27","316.73","87.57M","-2.17%"
"04/30/2020","326.55","329.68","330.56","326.06","105.09M","-2.96%"
"04/29/2020","336.50","333.38","338.16","333.38","94.63M","2.57%"
"04/28/2020","328.08","327.44","329.89","324.06","106.95M","1.96%"
"04/27/2020","321.78","314.62","322.92","314.10","85.17M","2.64%"
"04/24/2020","313.51","312.31","314.43","308.07","94.54M","1.56%"
"04/23/2020","308.69","309.30","315.05","308.55","80.09M","0.54%"
"04/22/2020","307.03","306.85","308.67","303.85","80.52M","2.13%"
"04/21/2020","300.64","300.52","303.94","299.59","96.22M","-2.48%"
"04/20/2020","308.28","311.05","315.51","307.51","84.21M","-2.54%"
"04/17/2020","316.31","310.94","317.03","310.94","116.99M","4.08%"
"04/16/2020","303.90","306.47","306.91","298.82","89.93M","-0.53%"
"04/15/2020","305.53","309.57","309.87","303.23","93.04M","-4.51%"
"04/14/2020","319.95","322.84","324.80","317.20","92.54M","1.15%"
"04/13/2020","316.31","320.21","321.49","311.86","95.01M","-2.13%"
"04/09/2020","323.19","312.85","325.07","312.85","141.32M","4.27%"
"04/08/2020","309.95","297.40","311.20","295.40","100.12M","5.00%"
"04/07/2020","295.20","298.56","305.57","294.29","142.34M","2.42%"
"04/06/2020","288.23","280.62","289.87","280.48","134.23M","7.60%"
"04/03/2020","267.86","273.19","277.78","266.68","108.29M","-2.34%"
"04/02/2020","274.27","270.07","280.95","269.79","133.66M","1.50%"
"04/01/2020","270.22","272.52","278.04","269.71","129.72M","-4.59%"
"03/31/2020","283.23","285.18","290.26","282.09","136.19M","-1.43%"
"03/30/2020","287.35","281.45","288.31","279.62","97.95M","3.25%"
"03/27/2020","278.30","278.64","284.30","276.26","124.11M","-3.81%"
"03/26/2020","289.32","279.63","290.35","279.40","140.70M","4.94%"
"03/25/2020","275.71","269.02","287.20","266.23","151.10M","2.20%"
"03/24/2020","269.78","257.19","271.46","254.74","162.20M","11.63%"
"03/23/2020","241.67","251.06","254.29","240.50","151.10M","-4.91%"
"03/20/2020","254.16","265.41","265.87","250.33","187.47M","-3.53%"
"03/19/2020","263.45","254.21","267.51","247.30","157.84M","2.22%"
"03/18/2020","257.74","265.91","267.29","240.45","167.68M","-6.16%"
"03/17/2020","274.66","261.30","277.36","255.38","173.94M","6.66%"
"03/16/2020","257.52","271.75","271.75","254.87","173.18M","-11.44%"
"03/13/2020","290.78","281.20","290.85","270.06","198.03M","6.92%"
"03/12/2020","271.97","289.90","290.58","271.79","196.29M","-9.61%"
"03/11/2020","300.90","309.67","309.67","296.75","152.44M","-4.76%"
"03/10/2020","315.95","310.00","316.00","300.65","159.39M","3.93%"
"03/09/2020","303.99","321.42","321.42","302.77","173.34M","-9.26%"
"03/06/2020","335.02","338.43","338.43","328.62","148.54M","-2.62%"
"03/05/2020","344.05","348.62","348.86","341.98","107.89M","-3.22%"
"03/04/2020","355.49","345.22","355.56","342.80","110.82M","4.01%"
"03/03/2020","341.78","344.40","351.30","336.93","155.54M","-0.75%"
"03/02/2020","344.38","333.03","344.39","329.74","138.77M","4.15%"
"02/28/2020","330.67","326.87","330.71","320.55","214.65M","-1.20%"
"02/27/2020","334.70","346.41","348.83","334.61","165.65M","-4.66%"
"02/26/2020","351.05","354.04","358.81","350.72","122.29M","-0.34%"
"02/25/2020","352.25","367.90","368.38","351.55","131.30M","-4.30%"
"02/24/2020","368.08","373.67","373.67","366.65","105.24M","-2.86%"
"02/21/2020","378.91","379.44","380.09","377.92","83.05M","-0.40%"
"02/20/2020","380.43","378.95","383.05","377.88","90.73M","0.13%"
"02/19/2020","379.92","379.96","381.31","379.66","78.42M","0.20%"
"02/18/2020","379.17","379.98","380.22","377.30","84.90M","-0.23%"
"02/14/2020","380.03","379.92","381.27","378.87","92.54M","0.06%"
"02/13/2020","379.81","381.47","382.29","378.88","81.93M","-0.38%"
"02/12/2020","381.26","380.72","381.84","380.08","72.02M","0.52%"
"02/11/2020","379.27","378.87","382.61","378.87","81.64M","0.51%"
"02/10/2020","377.33","376.96","378.10","375.97","70.87M","0.02%"
"02/07/2020","377.27","380.14","380.20","376.07","77.20M","-1.46%"
"02/06/2020","382.87","383.94","384.16","381.35","95.42M","-0.08%"
"02/05/2020","383.18","379.03","383.54","376.63","118.87M","1.86%"
"02/04/2020","376.17","372.75","377.96","372.43","114.74M","1.74%"
"02/03/2020","369.72","363.21","371.08","363.04","120.28M","2.14%"
"01/31/2020","361.99","366.61","367.06","360.81","170.00M","-2.21%"
"01/30/2020","370.16","371.01","371.01","365.16","126.25M","-0.59%"
"01/29/2020","372.35","372.56","374.43","372.26","76.51M","0.36%"
"01/28/2020","371.00","368.89","372.37","368.19","113.04M","0.98%"
"01/27/2020","367.40","371.07","371.07","367.35","122.04M","-2.10%"
"01/24/2020","375.28","377.89","378.14","373.61","87.60M","-0.69%"
"01/23/2020","377.88","375.21","378.11","372.67","115.08M","-0.14%"
"01/22/2020","378.40","380.50","380.84","378.04","86.18M","-0.39%"
"01/21/2020","379.89","381.75","381.91","379.24","96.03M","-1.07%"
"01/17/2020","383.98","382.72","383.98","381.62","92.38M","0.49%"
"01/16/2020","382.12","380.85","382.75","380.01","78.70M","0.58%"
"01/15/2020","379.93","377.85","381.61","377.75","70.63M","0.64%"
"01/14/2020","377.51","378.24","379.63","376.51","90.01M","-0.39%"
"01/13/2020","378.97","374.42","379.03","374.23","84.16M","1.36%"
"01/10/2020","373.89","376.60","377.32","373.45","62.74M","-0.42%"
"01/09/2020","375.48","375.01","376.14","374.42","68.74M","0.33%"
"01/08/2020","374.25","372.86","375.60","371.79","78.24M","0.49%"
"01/07/2020","372.41","372.44","375.42","371.78","101.86M","-0.21%"
"01/06/2020","373.19","374.27","375.70","373.09","92.88M","-0.45%"
"01/03/2020","374.88","377.51","379.47","374.86","92.00M","-1.62%"
"01/02/2020","381.07","387.77","388.65","380.69","94.44M","-1.24%"