,Activo 1,Activo 2
2010-01-04,117.0,158.0
2010-01-05,113.1691605314253,159.7745821893019
2010-01-06,111.07472349161723,160.7675359103054
2010-01-07,107.01502350802616,162.64513795097108
2010-01-08,104.98393330757096,163.60957660244412
2010-01-11,105.28180255819396,163.52565173282244
2010-01-12,105.03295179910728,163.6878287339768
2010-01-13,103.41987010294602,164.46410400950072
2010-01-14,102.50809044191016,164.92469346581248
2010-01-15,99.27418676396888,166.43056952382395
2010-01-19,98.65160808075184,166.76097735925754
2010-01-20,104.36614672044271,164.2387796559841
2010-01-21,102.5244414715278,165.11796810924
2010-01-22,97.57544766263796,167.39587905769292
2010-01-25,97.54391422115258,167.46023233096287
2010-01-26,94.22444095916885,169.0046268688324
2010-01-27,93.9514807759185,169.177656559621
2010-01-28,95.98409975158884,168.31284723031578
2010-01-29,96.82300843648326,167.98537754752255
2010-02-01,94.1723652026412,169.22870330136064
2010-02-02,95.09842335276086,168.8620039508869
2010-02-03,97.48651346196968,167.83718196708747
2010-02-04,101.32887696677956,166.15772974880366
2010-02-05,102.52540777224053,165.66927917637105
2010-02-08,105.36509663466757,164.44117339397255
2010-02-09,109.00321638168286,162.85365999013896
2010-02-10,111.05281833703684,161.98120586913143
2010-02-11,112.25189843627705,161.49160776126658
2010-02-12,112.3838547964804,161.4823673264118
2010-02-16,112.30642194333704,161.567381866767
2010-02-17,113.77860941431491,160.95484652651453
2010-02-18,115.33512430128904,160.30435183656877
2010-02-19,117.20270853849108,159.5138316453977
2010-02-22,116.88004584344908,159.70923455703735
2010-02-23,120.5542074950216,158.1054971529581
2010-02-24,122.62997065872436,157.22126676599854
2010-02-25,121.08752708434442,157.9657448242128
2010-02-26,118.63785001636376,159.11860720829924
2010-03-01,117.81787842423066,159.5378699691325
2010-03-02,119.8129340387832,158.6899694845157
2010-03-03,120.57144825918768,158.39868876428366
2010-03-04,123.2173448001168,157.25781713065604
2010-03-05,122.25736508881432,157.74010350066155
2010-03-08,119.03634517195631,159.24018000283587
2010-03-09,116.4995977530996,160.43223643391389
2010-03-10,118.93677334144247,159.38531895922807
2010-03-11,119.89787758436826,159.00284385431007
2010-03-12,119.50700526598445,159.22895079451754
2010-03-15,118.78868917161988,159.60245408193515
2010-03-16,118.83511550989476,159.63171432258426
2010-03-17,118.62414403175735,159.776840265454
2010-03-18,114.52996713716084,161.66996183226016
2010-03-19,117.40876942000293,160.42424943639995
2010-03-22,120.07229624347433,159.27544165026717
2010-03-23,121.05648879135788,158.88257354549074
2010-03-24,116.874329591563,160.81529964496102
2010-03-25,112.81462745701404,162.69290262871536
2010-03-26,114.78851967482396,161.8545286541262
2010-03-29,115.4507426838544,161.60659268574372
2010-03-30,113.42592413523872,162.56820820054014
2010-03-31,112.1377809038935,163.1982148686764
2010-04-01,111.37511222086157,163.59168316314276
2010-04-05,110.7853229831513,163.90733104812034
2010-04-06,112.39071939491224,163.2348327060372
2010-04-07,113.42252685626848,162.82053107277184
2010-04-08,112.00566404098736,163.50847989667596
2010-04-09,113.77766229806404,162.76098698254523
2010-04-12,115.33831681911435,162.10862886234742
2010-04-13,116.81387395763792,161.49457667781328
2010-04-14,115.6086213771573,162.08727076037155
2010-04-15,114.80265689705595,162.50022833092697
2010-04-16,118.16960773526104,161.03477955539952
2010-04-19,117.87072013043806,161.21948027583068
2010-04-20,112.6710102400027,163.6102491434879
2010-04-21,114.75898716646996,162.72052080920977
2010-04-22,117.7382225929982,161.42959921108363
2010-04-23,117.95875392406236,161.38048740466502
2010-04-26,119.67511833710104,160.65803766363695
2010-04-27,119.9624488018008,160.5788567632749
2010-04-28,117.54099579959956,161.71901429517
2010-04-29,120.14779760738476,160.5957408783829
2010-04-30,121.31863610949304,160.11885547071572
2010-05-03,119.2890220568971,161.08262964218443
2010-05-04,122.06821578851157,159.88175528529857
2010-05-05,124.3494269702672,158.90504404543742
2010-05-06,121.79222645831352,160.10630727532026
2010-05-07,119.82576558224052,161.04165351808766
2010-05-10,118.0008769868017,161.9132720805276
2010-05-11,120.3573260882756,160.90269302941132
2010-05-12,122.2033817628944,160.1218637443056
2010-05-13,123.28024897037388,159.68727883097804
2010-05-14,124.13260499597057,159.35375594974127
2010-05-17,125.6253474688169,158.73196795543123
2010-05-18,124.31254596671894,159.37307439168788
2010-05-19,126.82408217499746,158.2926840587341
2010-05-20,128.52896697596378,157.57540174677075
2010-05-21,131.4572356185902,156.3074224518963
2010-05-24,131.61373641088278,156.2871335475612
2010-05-25,130.52636634320442,156.82676370648693
2010-05-26,128.88950915547096,157.61374133066872
2010-05-27,124.17603794559678,159.7856335220689
2010-05-28,125.06197587356132,159.4369939858561
2010-06-01,122.70017000981362,160.550301785533
2010-06-02,121.35442306848246,161.20623836272614
2010-06-03,121.47785323092916,161.20083594699483
2010-06-04,120.92855700003896,161.49825622969115
2010-06-07,118.985710401894,162.42297268355384
2010-06-08,117.31670966262648,163.22441950200428
2010-06-09,119.47461023969728,162.30321558471212
2010-06-10,119.58188679948528,162.30508457634204
2010-06-11,114.65598933281304,164.57259886186338
2010-06-14,116.83931469375403,163.63995016921
2010-06-15,117.9340109777095,163.1973396255178
2010-06-16,121.41049804440038,161.68258394874297
2010-06-17,121.13409052065867,161.8571654357762
2010-06-18,122.52445425988198,161.2814624289488
2010-06-21,125.74282703981852,159.88289495706263
2010-06-22,127.01278665317024,159.36139094972955
2010-06-23,129.63885542674035,158.22944463747922
2010-06-24,126.40405521984096,159.73572428613429
2010-06-25,125.53120073419264,160.17879186404153
2010-06-28,127.0102756067346,159.56315621243505
2010-06-29,127.3737296690236,159.4497088444573
2010-06-30,128.12662868653194,159.1609557885453
2010-07-01,125.64836024367348,160.32668833326647
2010-07-02,127.5164264476952,159.5359511849003
2010-07-06,126.43394683966844,160.07337994573416
2010-07-07,126.18971817024438,160.2334763718066
2010-07-08,124.73030510958613,160.94057886358266
2010-07-09,126.4043106508247,160.23719665632885
2010-07-12,129.9739761975126,158.68049738296176
2010-07-13,132.67229644883423,157.51602763068928
2010-07-14,134.0604446056851,156.9413219490644
2010-07-15,138.41138057429677,155.03293969937852
2010-07-16,137.32265209196143,155.57318133493482
2010-07-19,138.0796929279188,155.28256384703718
2010-07-20,137.2670075441301,155.698546804073
2010-07-21,133.0119480158004,157.664088450607
2010-07-22,134.52412638037038,157.03355151190635
2010-07-23,133.50206066138887,157.5437854105644
2010-07-26,138.06173403297882,155.54144156981835
2010-07-27,138.37579246844857,155.45022925272406
2010-07-28,139.97562131871538,154.78023708389927
2010-07-29,139.41213188644272,155.08404631960045
2010-07-30,141.79292627051936,154.06250841625263
2010-08-02,140.3373175834714,154.76789838986372
2010-08-03,141.79571992542014,154.1615683229475
2010-08-04,136.7711906217985,156.47348099880583
2010-08-05,137.14143079385877,156.35697889559083
2010-08-06,136.99499473862747,156.47305470265616
2010-08-09,137.94785621443302,156.09429002850794
2010-08-10,140.90635035464004,154.81270493552012
2010-08-11,141.2372648084177,154.7139050317505
2010-08-12,139.8334732539559,155.39596993787612
2010-08-13,142.85328457010456,154.08678342119904
2010-08-16,141.3889310440606,154.79610983757678
2010-08-17,141.75420036931882,154.6818453243104
2010-08-18,144.31535894806186,153.57911786638738
2010-08-19,145.23600653628202,153.21485403420704
2010-08-20,145.3988943598999,153.19169004417495
2010-08-23,145.6047988723216,153.1491624140497
2010-08-24,147.2655533588167,152.45174506142868
2010-08-25,146.7282152502971,152.74378249620804
2010-08-26,149.35687725651988,151.61066887445946
2010-08-27,149.77513641141866,151.4725513737026
2010-08-30,151.4029365258651,150.78996815940653
2010-08-31,149.8204771134236,151.5524590626091
2010-09-01,148.1803863725537,152.3408922731278
2010-09-02,154.12970413431287,149.71301052123584
2010-09-03,158.08178290544882,147.98417082417797
2010-09-07,159.66383689586917,147.3221798726706
2010-09-08,157.37090699105238,148.40448369424269
2010-09-09,158.96142220578182,147.73868402486633
2010-09-10,160.00598564231734,147.31864041411745
2010-09-13,160.88199953839322,146.9744681006452
2010-09-14,159.67247804236925,147.56908379585505
2010-09-15,161.43171354846692,146.82733596412078
2010-09-16,158.4842507265517,148.20427283984668
2010-09-17,159.99617485470904,147.57385034548682
2010-09-20,164.14101435904902,145.7582408720973
2010-09-21,165.27122042761044,145.29964586510405
2010-09-22,163.79651015329313,146.0136342913439
2010-09-23,161.80575036849476,146.9599185041371
2010-09-24,161.9100678192883,146.9631195192541
2010-09-27,162.4012631238913,146.79217039677297
2010-09-28,163.06288951067768,146.54450301916754
2010-09-29,162.51244991281249,146.8424379918263
2010-09-30,160.7211684751123,147.6989285405772
2010-10-01,160.68137336455274,147.7670007327125
2010-10-04,159.3285886516695,148.42610530901692
2010-10-05,159.8557146039125,148.2389822597459
2010-10-06,163.68002593616683,146.56765611152463
2010-10-07,168.73692919637404,144.34148803165428
2010-10-08,168.72115634784677,144.39874681261756
2010-10-11,170.9698542820461,143.43667116469956
2010-10-12,167.39531889976718,145.09588000776515
2010-10-13,166.2106306677363,145.6793172043187
2010-10-14,167.06174370095732,145.34635384994053
2010-10-15,167.7766658671992,145.0746957746945
2010-10-18,165.9493598519831,145.9474024964651
2010-10-19,162.77626199614943,147.4259072586061
2010-10-20,164.16958388733894,146.84887267372864
2010-10-21,162.5440637876824,147.63074699954487
2010-10-22,166.5241081592849,145.88931879984787
2010-10-25,164.7927726167991,146.718825152333
2010-10-26,165.27158619880043,146.55344957431305
2010-10-27,168.53965059721796,145.1325137782581
2010-10-28,169.2927739826268,144.8436597055669
2010-10-29,165.5312105935671,146.58705778690268
2010-11-01,164.78092519458957,146.97495182296626
2010-11-02,161.48971931595378,148.50662200829498
2010-11-03,159.504140700094,149.45057395377262
2010-11-04,164.2051440008057,147.38461153836914
2010-11-05,164.5624653249733,147.27392477092434
2010-11-08,162.54694637334646,148.2313541768609
2010-11-09,163.87539065175446,147.68352374105518
2010-11-10,164.97727204322518,147.2376789008114
2010-11-11,163.12555654016984,148.12137338078503
2010-11-12,165.34240110552747,147.17363626250486
2010-11-15,163.59544223013677,148.01017534105938
2010-11-16,161.89496252092206,148.82579217289648
2010-11-17,162.83849308926384,148.45122775671976
2010-11-18,163.09813679159447,148.38450983195284
2010-11-19,161.23123269024,149.27504135001334
2010-11-22,160.28948748621804,149.74911958660127
2010-11-23,162.08959553988578,148.98897326843488
2010-11-24,164.49111913051755,147.95810427447867
2010-11-26,163.53673814332782,148.43787039685347
2010-11-29,162.8570327378111,148.79399335663877
2010-11-30,163.96337753493344,148.34613935851522
2010-12-01,163.59234928796633,148.5633136535115
2010-12-02,164.8062744492348,148.067033150358
2010-12-03,165.8470058173706,147.64871451010248
2010-12-06,167.02842273563672,147.1670673018187
2010-12-07,169.22182930983044,146.2298806331021
2010-12-08,174.35182201018063,143.97081187655417
2010-12-09,178.87992576934835,141.98267889326544
2010-12-10,179.5591015882648,141.7271117656969
2010-12-13,175.78393668574702,143.47663246148824
2010-12-14,172.93684633097914,144.8083874315024
2010-12-15,170.5110636907624,145.950493896218
2010-12-16,168.87505689407467,146.73708872054095
2010-12-17,170.9540590473683,145.85140033323074
2010-12-20,169.11642262836554,146.72875725897188
2010-12-21,165.83995761423145,148.2537919710128
2010-12-22,166.01065614014163,148.22711204553806
2010-12-23,168.3575808358711,147.22082034753424
2010-12-27,165.99439360733714,148.3347499495576
2010-12-28,160.1024365813186,151.03712865252947
2010-12-29,161.62820074651256,150.400476169895
2010-12-30,163.9488280201181,149.4060220542852
2010-12-31,163.17221419926574,149.80576763303412
2011-01-03,160.8177331342226,150.91577824175295
2011-01-04,161.65562140928452,150.5887678985916
2011-01-05,165.33516968377873,148.9826057739871
2011-01-06,168.01203940127246,147.8277917934226
2011-01-07,166.10217927743022,148.7376596207966
2011-01-10,169.11746489481152,147.43051032155583
2011-01-11,170.64655311072875,146.79236153336987
2011-01-12,169.61354580409878,147.30752068955607
2011-01-13,169.0546201026833,147.609275581127
2011-01-14,169.61646464003246,147.40652424683694
2011-01-18,173.4034359272847,145.75200645500362
2011-01-19,172.93773366001454,146.0117975566557
2011-01-20,170.93615258925126,146.96295287530717
2011-01-21,176.24517048924963,144.62329726857246
2011-01-24,181.26678433672268,142.41301443239905
2011-01-25,178.62812548346832,143.65094552298572
2011-01-26,181.5272790495475,142.39607217138783
2011-01-27,182.1754441028008,142.154464298812
2011-01-28,182.6937105756189,141.971329290537
2011-01-31,182.29132937236875,142.2026168975566
2011-02-01,182.8961003751176,141.98054250648892
2011-02-02,183.8162297157999,141.61651196671167
2011-02-03,181.50187896769933,142.70845824728318
2011-02-04,178.95938485502396,143.90310151523244
2011-02-07,178.66656652936663,144.08507020266296
2011-02-08,176.65232551114983,145.0419243235125
2011-02-09,178.2211458591544,144.38589040105649
2011-02-10,183.5181949249901,142.05162248592362
2011-02-11,186.5682251282077,140.7288331575671
2011-02-14,182.1907940910642,142.7494594207107
2011-02-15,181.82911987408127,142.9624230928454
2011-02-16,183.51074766517095,142.25560976627065
2011-02-17,182.79598856402131,142.627511901245
2011-02-18,182.84655433988564,142.65490882212552
2011-02-22,181.91284356985415,143.12537043046385
2011-02-23,181.9006633628655,143.1810119785856
2011-02-24,180.66602756992896,143.7869326944691
2011-02-25,182.51698489082088,143.0038969760257
2011-02-28,182.87640024298923,142.89226758381008
2011-03-01,187.261661862597,140.9684339128147
2011-03-02,189.85151299865132,139.85279069660388
2011-03-03,191.1467855306525,139.31989228189002
2011-03-04,191.6961238812176,139.12277049502066
2011-03-07,192.6333749876632,138.75103275640157
2011-03-08,191.50170517616223,139.31060410239886
2011-03-09,192.056773484622,139.11090303866666
2011-03-10,191.34859809336933,139.4798415695104
2011-03-11,192.45752697637636,139.03082433813273
2011-03-14,194.5838315909613,138.1238431017177
2011-03-15,198.0816166274284,136.59950029991694
2011-03-16,200.2393452567864,135.67837377493447
2011-03-17,203.41770170707824,134.29781935301204
2011-03-18,203.7316468272368,134.2066580797483
2011-03-21,203.5466871251456,134.34007502844688
2011-03-22,207.4688401274356,132.62470621372395
2011-03-23,206.20050670385044,133.24579564681414
2011-03-24,206.5618117199834,133.1333156463571
2011-03-25,206.1365158266506,133.3749181075746
2011-03-28,203.3627295231877,134.6736758206692
2011-03-29,201.9366553547856,135.36577107617845
2011-03-30,202.502155385752,135.1613742408784
2011-03-31,203.4012830976937,134.80679743616656
2011-04-01,203.0655460824781,135.00808562664517
2011-04-04,203.25930422145524,134.9710255934082
2011-04-05,204.8486285964618,134.30576195689906
2011-04-06,203.88753452153227,134.78854993370797
2011-04-07,204.96057993804905,134.35568536557673
2011-04-08,207.0600159503539,133.4607988218676
2011-04-11,205.31585170303308,134.29607990160625
2011-04-12,205.58533750445616,134.22493161457172
2011-04-13,203.36780476698007,135.27329597775184
2011-04-14,206.1304219280255,134.0798834543043
2011-04-15,203.92499357725103,135.12279910685956
2011-04-18,205.32274565063813,134.54377027328442
2011-04-19,204.7580162485338,134.84813771116168
2011-04-20,204.1263877276244,135.1826192443581
2011-04-21,203.69718905470128,135.42597851073916
2011-04-25,203.9155844876819,135.37782820320115
2011-04-26,204.80488806546475,135.02767365456344
2011-04-27,206.93690704814932,134.11812015297255
2011-04-28,206.0060548165663,134.5872949860694
2011-04-29,207.066632598626,134.16004264351596
2011-05-02,207.18806609660965,134.15553898695208
2011-05-03,211.68921462236085,132.1795396862415
2011-05-04,212.96547695633987,131.655198587524
2011-05-05,217.3372486628844,129.7374373024241
2011-05-06,216.92153565944272,129.9747260972594
2011-05-09,219.06735331397144,129.058961197269
2011-05-10,215.99064850687432,130.49407536237038
2011-05-11,217.3679371670765,129.92425798545744
2011-05-12,215.76733051590097,130.69491770370783
2011-05-13,217.28847507117035,130.0603447345877
2011-05-16,212.67769788609323,132.1860100254086
2011-05-17,212.8264272396962,132.16921932813736
2011-05-18,212.16513441759824,132.51705401682125
2011-05-19,215.5567145664583,131.0405185726555
2011-05-20,216.8042123911059,130.52912556091476
2011-05-23,217.63944469216307,130.2033107872486
2011-05-24,217.27136362195623,130.41915841775375
2011-05-25,220.53590243879495,128.99980966248043
2011-05-26,222.349365703772,128.23365158068196
2011-05-27,221.89979651789724,128.4861804572074
2011-05-31,219.898871565841,129.43704044830454
2011-06-01,217.1713107237816,130.7149900959963
2011-06-02,218.7995996598609,130.03218684584849
2011-06-03,220.40888492796316,129.3579379663233
2011-06-06,217.54267786675757,130.69829816698115
2011-06-07,219.388140355906,129.91773589682913
2011-06-08,217.1985100544722,130.95354018315967
2011-06-09,218.1235600122812,130.58729466562025
2011-06-10,217.786526650701,130.78916642408802
2011-06-13,221.39797665134364,129.2136582142374
2011-06-14,223.53010204803357,128.30405677771668
2011-06-15,221.80284769451828,129.1317260067441
2011-06-16,222.9898843709653,128.64754914985156
2011-06-17,224.18169542492055,128.1612231461222
2011-06-20,218.72979806319708,130.66551234259495
2011-06-21,217.55236607006907,131.24568321216958
2011-06-22,217.852722006875,131.16063899821282
2011-06-23,220.5262110421004,130.00734683885173
2011-06-24,216.71541776172276,131.77290539500189
2011-06-27,218.47809874176167,131.02960658256475
2011-06-28,218.52485830839612,131.05871683721614
2011-06-29,222.62810076736977,129.2618319493098
2011-06-30,220.989244127563,130.04970964493137
2011-07-01,220.0678858969528,130.51461080382606
2011-07-05,220.17038050316776,130.51863234984827
2011-07-06,218.7573302922356,131.20486497357794
2011-07-07,218.73904523867137,131.26325460347374
2011-07-08,219.8065607053537,130.8328793023473
2011-07-11,218.27736172469088,131.57139540808825
2011-07-12,216.75505419894364,132.3068093924847
2011-07-13,217.04955910321345,132.224398963199
2011-07-14,213.02958524311416,134.08411857911128
2011-07-15,214.2025998797172,133.60625362641144
2011-07-18,216.3044872749201,132.71026361199608
2011-07-19,217.1813008672428,132.36573134730878
2011-07-20,217.38048398963736,132.32622930296608
2011-07-21,221.05956522357988,130.72027739310127
2011-07-22,217.8361047774038,132.2214524994778
2011-07-25,216.5527202158404,132.8493171185672
2011-07-26,215.5678968245143,133.34278666107275
2011-07-27,214.4677718978785,133.8881583155266
2011-07-28,217.54401526628465,132.55356931914935
2011-07-29,219.28938044673848,131.81806509125406
2011-08-01,221.3432594602124,130.9436856724655
2011-08-02,223.31216943986985,130.10755445227528
2011-08-03,223.216894880927,130.2006003202157
2011-08-04,224.2255074421977,129.7967397318824
2011-08-05,221.1749188001073,131.22009789727534
2011-08-08,221.37163206053677,131.18170764363293
2011-08-09,219.3608193490004,132.13701852912936
2011-08-10,218.32922243541933,132.6515428218766
2011-08-11,222.13169748357095,130.99004611875662
2011-08-12,223.3787246282253,130.47886498601284
2011-08-15,221.2110906093831,131.5047678132112
2011-08-16,220.2450905386793,131.98976415885443
2011-08-17,221.79110775716205,131.34399488786357
2011-08-18,223.74589650269957,130.5142202222886
2011-08-19,223.8401833348493,130.52193644665368
2011-08-22,225.7620095507636,129.70699962312707
2011-08-23,227.30804350192224,129.0612228381418
2011-08-24,226.64794829589883,129.40851841194325
2011-08-25,223.68620810155815,130.79188213667604
2011-08-26,223.03753429292607,131.13403647108072
2011-08-29,223.03951369618156,131.1833041887382
2011-08-30,222.9951195987743,131.2534465750946
2011-08-31,224.94047732005143,130.42791721854286
2011-09-01,223.96994913455424,130.91495187989474
2011-09-02,223.50985242910247,131.1722196732861
2011-09-06,221.4291290143139,132.15900031095214
2011-09-07,220.60014975737263,132.58231779752722
2011-09-08,218.9987811829752,133.35332050854558
2011-09-09,220.7260584889468,132.6259583996807
2011-09-12,226.5065027538952,130.07409380091286
2011-09-13,227.3455213491304,129.74657466296966
2011-09-14,229.6984332815765,128.73758785671976
2011-09-15,233.4008238312732,127.12114343887622
2011-09-16,234.65399835642373,126.60719511748836
2011-09-19,232.171633943833,127.77477144417357
2011-09-20,232.194706730268,127.81454413238676
2011-09-21,231.76156320650068,128.0596791631744
2011-09-22,232.08498488430516,127.96425206273416
2011-09-23,235.18550439926057,126.61873533015694
2011-09-26,232.864125178792,127.7138453987582
2011-09-27,233.4673881388481,127.49244987372391
2011-09-28,231.99063629005263,128.20735731352272
2011-09-29,232.55219632445227,128.00473404536422
2011-09-30,232.5091745841376,128.07425871107665
2011-10-03,229.64588849674328,129.4133040689546
2011-10-04,229.583098689827,129.49172715948052
2011-10-05,231.33784697735155,128.75199920796456
2011-10-06,229.3370263511173,129.702812244131
2011-10-07,228.8070869394341,129.99151921019458
2011-10-10,230.30770758982973,129.36618487774373
2011-10-11,228.3201315095344,130.31103597687223
2011-10-12,231.533770251184,128.91459946331258
2011-10-13,233.49732257907493,128.08087995819702
2011-10-14,227.83045355326024,130.68193700166754
2011-10-17,231.13212210984517,129.2458745673331
2011-10-18,230.3890893257696,129.63050389291047
2011-10-19,232.3419839340465,128.80158183488987
2011-10-20,233.56488753523547,128.30125975754095
2011-10-21,231.51034874011083,129.27625359710234
2011-10-24,233.3875441862116,128.48140698846976
2011-10-25,231.17879306766093,129.52581838622646
2011-10-26,233.9606094650258,128.32376345451024
2011-10-27,234.1526419083132,128.2874802336652
2011-10-28,233.4421747308653,128.65745040186616
2011-10-31,236.38333362311948,127.3836686449674
2011-11-01,233.5232482860125,128.7212731936461
2011-11-02,233.4930956682232,128.78500486581277
2011-11-03,234.17395702448087,128.5286790003246
2011-11-04,233.43769824200717,128.9102590431178
2011-11-07,229.98557816083223,130.51436356825536
2011-11-08,229.37347221924904,130.8400571851072
2011-11-09,230.1329230074217,130.548354887936
2011-11-10,232.42876366067608,129.56505825884742
2011-11-11,234.25022535141647,128.7952997677944
2011-11-14,233.51094281540188,129.17824093273188
2011-11-15,232.5167957769256,129.67590740974546
2011-11-16,232.7515364151456,129.6203994104131
2011-11-17,232.21180077653665,129.91351604420166
2011-11-18,231.1598915623758,130.43718376690225
2011-11-21,233.32451902941247,129.51295178213928
2011-11-22,230.2956593078914,130.9265288539613
2011-11-23,229.19575907278357,131.4717993675768
2011-11-25,227.35608037952645,132.35007558293935
2011-11-28,222.23707037230884,134.7045180371319
2011-11-29,223.1149803784133,134.35949219361143
2011-11-30,222.5285188396724,134.6736421466502
2011-12-01,223.69508968178795,134.19867782067317
2011-12-02,223.73768649106373,134.2296618977813
2011-12-05,222.28072713808865,134.93565987020793
2011-12-06,223.80510522209875,134.29963130174903
2011-12-07,223.37596622576143,134.5429636926209
2011-12-08,218.9923364511979,136.56638027411543
2011-12-09,219.96035298010085,136.18079368371335
2011-12-12,220.34746337208952,136.056697598648
2011-12-13,219.6222088677304,136.43332417030626
2011-12-14,220.49138105908185,136.09223158643854
2011-12-15,222.63476354772047,135.17756286578555
2011-12-16,223.60198097600167,134.7923359632846
2011-12-19,220.6086828786958,136.1899052370187
2011-12-20,219.70316132860157,136.64767765400617
2011-12-21,221.54040079086727,135.87081690790686
2011-12-22,220.97077156221425,136.177389929211
2011-12-23,221.47909266579856,135.9987317510854
2011-12-27,224.0862090950292,134.87531670876564
2011-12-28,222.92656722321607,135.44747946047252
2011-12-29,223.9299870797236,135.0459563165031
2011-12-30,223.4953830154049,135.29174878232567
2012-01-03,222.36932563930665,135.84879376303977
2012-01-04,222.54802856089336,135.8185107190359
2012-01-05,224.82949401215836,134.8416849786935
2012-01-06,224.54191443435,135.02129546374104
2012-01-09,226.35947655567483,134.25329233943606
2012-01-10,225.93327708856455,134.4953015643854
2012-01-11,225.52761121178884,134.72806772495693
2012-01-12,223.35152451843484,135.75777544162312
2012-01-13,224.34424827710757,135.3610670813936
2012-01-17,220.6278264739968,137.08414503834484
2012-01-18,223.009220493009,136.06233724451735
2012-01-19,220.6083983202444,137.19320795680974
2012-01-20,222.344551218462,136.46185056570425
2012-01-23,222.8717679061532,136.27468669336454
2012-01-24,221.2742661334365,137.0439487713753
2012-01-25,219.165281162177,138.04345115356944
2012-01-26,218.34468186643025,138.46299648501488
2012-01-27,214.7234573397652,140.14322209209
2012-01-30,213.4484102801588,140.76733361481834
2012-01-31,210.3487786442392,142.21276811852192
2012-02-01,209.45538880192885,142.6650795492323
2012-02-02,209.4518671720512,142.71682352589858
2012-02-03,211.11336490324445,142.01907160836413
2012-02-06,211.5279909605404,141.88258953518982
2012-02-07,204.58631633381484,145.057490687384
2012-02-08,207.6374248035632,143.73421595842797
2012-02-09,208.37212853593303,143.45365335919033
2012-02-10,207.9777748598497,143.68132743589044
2012-02-13,207.5555311578461,143.9215559818064
2012-02-14,207.4076513946817,144.03828166578924
2012-02-15,207.3280626504508,144.1242666680617
2012-02-16,206.7690599004111,144.42605626021262
2012-02-17,209.11940555030415,143.41822465994207
2012-02-21,209.32533582605075,143.37568545034958
2012-02-22,209.20143853067884,143.4816156000776
2012-02-23,207.9287015286001,144.10468729673565
2012-02-24,209.900463953946,143.26727205326642
2012-02-27,210.8574132456349,142.88666728883064
2012-02-28,209.6072408605256,143.49958169270653
2012-02-29,210.5640506442967,143.11903973316208
2012-03-01,212.94014896636315,142.09961575429134
2012-03-02,211.5118605272012,142.7927077412726
2012-03-05,213.52540856507304,141.93648302727016
2012-03-06,217.21860542456187,140.3241770840324
2012-03-07,212.5353408653212,142.48247199875811
2012-03-08,210.98721840010973,143.2295063694022
2012-03-09,210.28702698641527,143.59485096923328
2012-03-12,212.79907895009373,142.51422847398973
2012-03-13,209.37770534530904,144.1044927120816
2012-03-14,210.69979892708747,143.55952100212969
2012-03-15,210.1746047617108,143.8460919136822
2012-03-16,207.44188363490608,145.12636442074682
2012-03-19,207.64873166871064,145.08341205334747
2012-03-20,206.1615201644616,145.80302783388132
2012-03-21,200.6451299888826,148.33634792998245
2012-03-22,201.0867099952601,148.1877327490901
2012-03-23,198.2280735943624,149.52468507511475
2012-03-26,196.6828413252956,150.27041843016056
2012-03-27,198.996357799791,149.27916519408816
2012-03-28,197.02868176446407,150.2150584297221
2012-03-29,195.0557252834924,151.15332862602006
2012-03-30,195.76438530475733,150.88448942457725
2012-04-02,198.367940728309,149.76267733666825
2012-04-03,196.61441157436863,150.6021739694849
2012-04-04,196.9676092565843,150.4933434332155
2012-04-05,196.55704792891413,150.72831324430103
2012-04-09,193.52111119919837,152.145075970496
2012-04-10,196.86592540468504,150.68959185591862
2012-04-11,193.57745139162597,152.22003235118456
2012-04-12,191.95671991939156,152.99975112086153
2012-04-13,192.40171401088105,152.84959912216942
2012-04-16,189.7707621517171,154.08406097099413
2012-04-17,189.91407701871347,154.06970761622267
2012-04-18,189.52670810282876,154.29423753219555
2012-04-19,189.0675780356437,154.5510701770644
2012-04-20,189.0152319414965,154.62479210230555
2012-04-23,185.43988049869395,156.28436831174568
2012-04-24,186.5173952076928,155.84949191168712
2012-04-25,184.51717023559488,156.80003680256343
2012-04-26,182.74574556380423,157.64758897035733
2012-04-27,179.20777612794288,159.29033792585943
2012-04-30,178.74705070562322,159.54788872434142
2012-05-01,178.39025358476422,159.7586570001375
2012-05-02,176.75586728817203,160.5445223840653
2012-05-03,172.79708794353166,162.37669574900394
2012-05-04,171.93604167881136,162.8144479511569
2012-05-07,173.38884879341794,162.21063651391387
2012-05-08,169.24622035712778,164.12556815861137
2012-05-09,169.98024950451267,163.84530921463113
2012-05-10,174.23407892182303,161.98063875076815
2012-05-11,173.74874180757308,162.2492683045958
2012-05-14,171.695630625449,163.2236195382524
2012-05-15,172.37735463467664,162.96690533756853
2012-05-16,172.83054215742564,162.81306513267364
2012-05-17,169.82119837539864,164.2178572323397
2012-05-18,169.84929085070502,164.2553703547624
2012-05-21,174.36738652113118,162.27174242198294
2012-05-22,176.41898545646072,161.3983894068919
2012-05-23,172.98444405739437,162.99458100888947
2012-05-24,175.57253901220793,161.8797283511035
2012-05-25,173.71640509754866,162.76541176112332
2012-05-29,170.92014113337902,164.0742875951266
2012-05-30,169.80331962580084,164.62717508967432
2012-05-31,169.44964695681438,164.83653688984123
2012-06-01,170.52330334649625,164.4033973009897
2012-06-04,168.9303229918754,165.17062410348842
2012-06-05,171.64219181542484,164.00005556363186
2012-06-06,171.15286282312934,164.27048205075658
2012-06-07,167.29857203798633,166.055620683751
2012-06-08,167.72689483164328,165.91297313184663
2012-06-11,167.06569932967895,166.26076402722265
2012-06-12,168.80801910210045,165.52663066206568
2012-06-13,166.5801239576358,166.57965956481667
2012-06-14,168.37040229848756,165.82393799299558
2012-06-15,171.63856220208962,164.40295923782378
2012-06-18,169.58432450350998,165.3778175557804
2012-06-19,170.8689592954796,164.84970764781332
2012-06-20,165.80709980622626,167.17842420917782
2012-06-21,164.69557463791128,167.72892759775203
2012-06-22,163.8038170239181,168.18050427799474
2012-06-25,162.25400289120617,168.9283001441283
2012-06-26,162.96849306513494,168.6568365400406
2012-06-27,164.7634608826458,167.89900405527783
2012-06-28,162.52246073799708,168.95793207331914
2012-06-29,163.34540577182793,168.63764832648434
2012-07-02,169.55604567724336,165.8921343772873
2012-07-03,170.9285281324198,165.32448049828395
2012-07-05,170.7072488238959,165.47424645731647
2012-07-06,171.55029231367337,165.14491549838988
2012-07-09,170.50247806850547,165.66673989536548
2012-07-10,174.0711620637435,164.11048243816393
2012-07-11,177.28673559304292,162.71317499556102
2012-07-12,182.03296223418477,160.62685561777843
2012-07-13,178.5249379736376,162.2561249947477
2012-07-16,177.66021667805194,162.69553148028095
2012-07-17,179.52923414699876,161.90436612695953
2012-07-18,182.5124714984123,160.6116430791722
2012-07-19,182.7703127992581,160.54573650195562
2012-07-20,180.702342477997,161.5267764525643
2012-07-23,182.44238305550925,160.79366906985447
2012-07-24,181.3550459824884,161.33328438137207
2012-07-25,181.2053377404732,161.4508331253491
2012-07-26,180.16428656322947,161.96961319467022
2012-07-27,179.87869272483022,162.1483298477126
2012-07-30,176.39174484400758,163.76811184796287
2012-07-31,176.00309297513436,163.99321927851932
2012-08-01,175.7206183748585,164.17053184350252
2012-08-02,178.988431518251,162.74970916472728
2012-08-03,178.35178115119956,163.08645125283445
2012-08-06,180.5377652929901,162.1526057434411
2012-08-07,181.49528889280668,161.7717424605649
2012-08-08,180.43100307652884,162.30098142007228
2012-08-09,179.1680037572512,162.91966976627944
2012-08-10,179.8035926129364,162.68372297630438
2012-08-13,181.603120940543,161.9238376076261
2012-08-14,183.4716995355961,161.1328697976896
2012-08-15,183.70301667300507,161.0789028821795
2012-08-16,184.49112067341872,160.77430255612333
2012-08-17,185.41900822536545,160.40677971099234
2012-08-20,187.2573338296472,159.6294300524188
2012-08-21,184.43338945920695,160.950766020898
2012-08-22,181.97075209527867,162.10946236324088
2012-08-23,180.3286544942681,162.8987989412332
2012-08-24,180.16633794002007,163.02202324103163
2012-08-27,181.5905527721965,162.4310824280928
2012-08-28,184.95530975100908,160.96662118769638
2012-08-29,187.175025016075,160.0175918318431
2012-08-30,188.27833837022587,159.5711023970067
2012-08-31,186.97153403424045,160.20950924125123
2012-09-04,185.78426182941672,160.79410959511952
2012-09-05,184.7916418491808,161.2910887281706
2012-09-06,183.02309089245236,162.13734731267675
2012-09-07,185.1261661790243,161.24082254521176
2012-09-10,184.0015472364259,161.79721997108285
2012-09-11,180.532850454825,163.40878637183422
2012-09-12,181.51406416048903,163.01725916579954
2012-09-13,185.63006881312364,161.21462948611537
2012-09-14,185.15408924301025,161.47904680580598
2012-09-17,186.9324019549478,160.72871148291523
2012-09-18,189.77164413979455,159.5008067872686
2012-09-19,190.85317252921683,159.06412367334923
2012-09-20,189.91166160569944,159.5380964246054
2012-09-21,188.27691289685532,160.3241249406833
2012-09-24,187.483422880382,160.73146718980868
2012-09-25,188.6827706125176,160.24174858290584
2012-09-26,192.75038634131715,158.46090079717206
2012-09-27,193.8885384765845,157.99872893649234
2012-09-28,191.6584547836881,159.05274300199562
2012-10-01,189.770866397674,159.95258537341545
2012-10-02,188.9801866245166,160.35866261830395
2012-10-03,189.7718859015121,160.0524438962495
2012-10-04,190.9970884535361,159.5510869337921
2012-10-05,190.1511371633452,159.98204425719183
2012-10-08,189.87879297082773,160.15479665554398
2012-10-09,190.03526097818752,160.13452250617237
2012-10-10,189.8132347912352,160.28462467456885
2012-10-11,188.1830548994968,161.06859658099384
2012-10-12,189.29038704696643,160.62029809347555
2012-10-15,192.37853084298692,159.28035218290103
2012-10-16,193.51003311848345,158.8211737134132
2012-10-17,191.3216539430543,159.85641479797684
2012-10-18,185.9714019692043,162.31494906334416
2012-10-19,186.30727500635368,162.21391710137758
2012-10-22,187.11122660976,161.90218309661657
2012-10-23,188.1731346996092,161.4743319406753
2012-10-24,184.571021192638,163.14595488946975
2012-10-25,190.83659271146703,160.3757139204695
2012-10-26,192.24138047739515,159.79351805909369
2012-10-31,189.8825729789307,160.90547617786618
2012-11-01,189.8960859232025,160.949552150031
2012-11-02,189.33332871934752,161.2530317737011
2012-11-05,191.8561287065372,160.1675711437182
2012-11-06,190.4532568309758,160.84922209102294
2012-11-07,193.56355931717377,159.4993016326704
2012-11-08,194.6950770510762,159.04011618521045
2012-11-09,192.97554769562623,159.8643080885219
2012-11-12,192.146034248409,160.2878660181904
2012-11-13,191.8896860577993,160.45341796401215
2012-11-14,190.01491670066252,161.3474899575594
2012-11-15,188.88479710250124,161.90636348302823
2012-11-16,195.57580499578896,158.94461551441643
2012-11-19,191.6475017681738,160.76307027852576
2012-11-20,191.29100304871636,160.9737042064339
2012-11-21,190.6127982083455,161.32915171643214
2012-11-23,190.67918855064235,161.34942534548168
2012-11-26,192.96948149296867,160.36862601236697
2012-11-27,196.07504798278697,159.02083744797653
2012-11-28,192.2503690991692,160.79264649174533
2012-11-29,193.70200512523843,160.18936222962725
2012-11-30,193.5227729093901,160.32020099732617
2012-12-03,193.44312977018063,160.40621047492203
2012-12-04,193.59180310450597,160.3894450216098
2012-12-05,191.7013314635741,161.29058529177627
2012-12-06,191.1412760586239,161.59284873826607
2012-12-07,191.2739988773573,161.5832632979466
2012-12-10,192.51302172460012,161.0756852455453
2012-12-11,191.3299806711939,161.65838097214976
2012-12-12,190.2968922594787,162.1735766610256
2012-12-13,193.02810457012475,160.99430078424197
2012-12-14,191.57677827119664,161.6977630898906
2012-12-17,188.6657897705738,163.05828130393533
2012-12-18,182.80844343892068,165.74508026583877
2012-12-19,185.0866330474269,164.7697291536188
2012-12-20,186.40664367334705,164.2256950600551
2012-12-21,191.24797502442647,162.09656501628032
2012-12-24,191.846724700591,161.8772011034839
2012-12-26,194.30289477808785,160.82173341851697
2012-12-27,194.34326328900843,160.85372056988967
2012-12-28,193.66321488290205,161.20999796366218
2012-12-31,195.71358894943097,160.337196280483
2013-01-02,195.5650689717087,160.4542101546757
2013-01-03,193.2931049648387,161.52707634317707
2013-01-04,195.25376329426985,160.69465951224532
2013-01-07,198.60219793195787,159.23754568793842
2013-01-08,196.86347289968765,160.07037836106647
2013-01-09,196.700437803123,160.19392611027598
2013-01-10,196.70094523222195,160.24385642628687
2013-01-11,193.7735793478811,161.61174681340282
2013-01-14,194.20003396174243,161.46994019484146
2013-01-15,194.20885032558647,161.5161302755731
2013-01-16,194.5106129733009,161.43045280986857
2013-01-17,198.2403740669568,159.80168774083137
2013-01-18,201.81343400606093,158.2434605042196
2013-01-22,204.5648393905143,157.0550948694961
2013-01-23,205.2584433436322,156.7930330322358
2013-01-24,208.9086403761974,155.20008313347702
2013-01-25,205.1295911005612,156.95135236769872
2013-01-28,203.17117259060183,157.88307840509657
2013-01-29,201.30229175116693,158.7744997597383
2013-01-30,202.26342111263628,158.39201335154357
2013-01-31,202.6940357086416,158.24833417354384
2013-02-01,203.71546952398216,157.83870216805872
2013-02-04,203.12728072336364,158.15362964548638
2013-02-05,201.77507071054123,158.81247549606934
2013-02-06,201.37466400988905,159.042874258855
2013-02-07,201.57760815961043,159.0016792085027
2013-02-08,203.06887837084605,158.38055390994683
2013-02-11,199.62783416151467,159.9796727201322
2013-02-12,202.2039552331551,158.87020998592894
2013-02-13,202.6025337639473,158.74095159838075
2013-02-14,202.7719262932839,158.7148595592915
2013-02-15,200.96096742069577,159.5802077646694
2013-02-19,203.267736029831,158.5919920200657
2013-02-20,206.88936510531445,157.0119017830141
2013-02-21,202.8315994724693,158.88863306713083
2013-02-22,202.92347811211783,158.89743330479078
2013-02-25,205.29398177693264,157.8805277114125
2013-02-26,203.9851112390824,158.51986462050493
2013-02-27,202.92064768136723,159.04918361855508
2013-02-28,205.13080932457643,158.10445476505828
2013-03-01,205.9874937323285,157.76898344299195
2013-03-04,204.0084307861823,158.71000240926278
2013-03-05,206.5477520527695,157.6171048432524
2013-03-06,206.0840707106079,157.8759862137974
2013-03-07,204.20545149769765,158.77179118554628
2013-03-08,206.31794897190215,157.8710251078899
2013-03-11,209.43985145429085,156.51588301267665
2013-03-12,208.5570196295856,156.9634418254735
2013-03-13,210.8511027055312,155.98093638996622
2013-03-14,214.34407856703237,154.4587584004367
2013-03-15,211.62648752510503,155.7322202220344
2013-03-18,212.58133851560103,155.35256000747077
2013-03-19,210.63180774448583,156.28028526603902
2013-03-20,214.67579105453456,154.51007545487764
2013-03-21,216.2480767665392,153.85248164984625
2013-03-22,215.81503676930836,154.09757004381242
2013-03-25,213.65457806414744,155.12024294189868
2013-03-26,215.3248940116973,154.4185215738661
2013-03-27,217.1562805029636,153.64429548101648
2013-03-28,217.3624434916567,153.601651504283
2013-04-01,217.8383872021696,153.43756775545012
2013-04-02,220.8108616870973,152.14968951908423
2013-04-03,220.5345211188102,152.32424087261438
2013-04-04,219.62499040196727,152.78381798521622
2013-04-05,220.45568334869984,152.4600465603913
2013-04-08,222.4464613755609,151.614071583084
2013-04-09,223.69239158047725,151.10338425086448
2013-04-10,223.3952948979297,151.2872787918858
2013-04-11,223.57183217583767,151.25797060734578
2013-04-12,222.7484236992404,151.6787804207664
2013-04-15,226.02836349875096,150.25249900815
2013-04-16,225.6445409218202,150.47543255799792
2013-04-17,223.5231922672709,151.48050037161505
2013-04-18,227.3174580308425,149.82269900369766
2013-04-19,229.2337889060988,149.0102358710271
2013-04-22,226.7643227918882,150.1720061405433
2013-04-23,223.7321466315361,151.58707607230178
2013-04-24,223.09618929295797,151.92350619293114
2013-04-25,226.78853780064625,150.31158214278008
2013-04-26,226.38157298727657,150.54493300356594
2013-04-29,226.26855524073957,150.6459658300307
2013-04-30,226.29635958244668,150.6836086467842
2013-05-01,228.4823672103585,149.74975253374464
2013-05-02,232.3778099123758,148.0464071337661
2013-05-03,231.59767829562605,148.44773620783906
2013-05-06,233.89015835891527,147.4659523440519
2013-05-07,229.159155401166,149.64573632840217
2013-05-08,229.00640393393095,149.7646549710853
2013-05-09,228.88550184340212,149.86923683524608
2013-05-10,226.7802344130096,150.86706580587008
2013-05-13,226.29194921986328,151.13702243445846
2013-05-14,223.6865019433017,152.36000360418183
2013-05-15,227.3043695897429,150.78160650820163
2013-05-16,222.6132661373072,152.94343003405805
2013-05-17,222.4336350136985,153.07444834954308
2013-05-20,223.9339728542153,152.44924132584345
2013-05-21,223.91758497474868,152.50677692785118
2013-05-22,227.43210617542147,150.9749004804321
2013-05-23,225.633385875536,151.8347395825237
2013-05-24,227.8994422829228,150.86485010203177
2013-05-28,227.88480273016063,150.92159872407032
2013-05-29,231.6964326032773,149.25598103436894
2013-05-30,230.2202209880798,149.9706452819109
2013-05-31,232.72699638675567,148.89239799248065
2013-06-03,234.6447940503282,148.07927459606154
2013-06-04,234.94264981689216,147.9953558157097
2013-06-05,234.4669290992484,148.25965662717337
2013-06-06,236.39307668764116,147.44277458082777
2013-06-07,233.01058645566283,149.01553576414787
2013-06-10,234.539423458163,148.37750005728827
2013-06-11,233.2838053912801,148.99286578393946
2013-06-12,232.3345895209863,149.4703068770209
2013-06-13,234.5515802238124,148.52250396122028
2013-06-14,229.11904931418104,151.0180754428681
2013-06-17,228.8751446168095,151.17802600662034
2013-06-18,228.1582942179396,151.55086953808535
2013-06-19,227.19672885154915,152.0338696595037
2013-06-20,229.4401366267745,151.07417532904947
2013-06-21,227.73636917225377,151.89127214031657
2013-06-24,226.47021001957825,152.51138287549145
2013-06-25,231.22996950454524,150.41897183355323
2013-06-26,226.950915949383,152.39531421794382
2013-06-27,226.8291154108489,152.50030052199506
2013-06-28,224.8332007475448,153.4489051875501
2013-07-01,222.981390486371,154.33264232341307
2013-07-02,223.80651510870703,154.01137743407622
2013-07-03,221.046375634302,155.30399212180922
2013-07-05,220.2296233065022,155.72180574609223
2013-07-08,224.27296277012263,153.95188575405203
2013-07-09,223.9153926492836,154.16300195717903
2013-07-10,221.7710003355212,155.1784426895466
2013-07-11,223.64329281569013,154.38580307124647
2013-07-12,223.2370191637766,154.61884283194428
2013-07-15,223.71108178875787,154.455605838605
2013-07-16,223.76388165240567,154.4819970969315
2013-07-17,221.39315544413583,155.5993203257493
2013-07-18,223.3592578524004,154.76445289881207
2013-07-19,223.3290348337406,154.82821626781242
2013-07-22,226.99462538920167,153.22833708591722
2013-07-23,228.3557529115247,152.66579453374635
2013-07-24,233.8150752267977,150.2584805259027
2013-07-25,233.8543189167557,150.29097402994415
2013-07-26,234.72241619575377,149.95036531584097
2013-07-29,238.31089698466653,148.38519651134638
2013-07-30,240.7187115430316,147.3514957041383
2013-07-31,240.72923337113727,147.39691811036383
2013-08-01,241.8397312779257,146.94719458824002
2013-08-02,240.1007502556284,147.78014250025134
2013-08-05,237.0050648532589,149.22380062277736
2013-08-06,238.022607491532,148.81592022513678
2013-08-07,241.7718902012573,147.17836765175315
2013-08-08,242.6451274849334,146.8354452010792
2013-08-09,246.0527712950543,145.35167880104146
2013-08-12,243.98043101482983,146.33468587222208
2013-08-13,245.7357254986248,145.59471206204535
2013-08-14,240.0110380537365,148.22179563492716
2013-08-15,242.95586760850048,146.9463615847867
2013-08-16,244.737548253934,146.19451022743584
2013-08-19,242.98221703464796,147.03481805743914
2013-08-20,245.0923072995066,146.13513560513297
2013-08-21,245.1136215229697,146.1756998979511
2013-08-22,241.7982318501124,147.71825625739228
2013-08-23,242.0867912119304,147.6385221834405
2013-08-26,242.83292341267935,147.35281514247905
2013-08-27,243.72103335736665,147.00319789894968
2013-08-28,242.60037984580796,147.55781034846433
2013-08-29,243.1130227183265,147.3772067828278
2013-08-30,242.09117299876127,147.88734344292573
2013-09-03,244.016208302778,147.07096205150216
2013-09-04,247.1034573925117,145.73141891250015
2013-09-05,247.77276467845417,145.4802940386553
2013-09-06,247.42295757089715,145.6879157745519
2013-09-09,247.3430549130845,145.77404208905423
2013-09-10,246.42428615811755,146.23777763627638
2013-09-11,246.4325443847435,146.2842189937503
2013-09-12,243.35806821956768,147.71832995171184
2013-09-13,244.5966506299809,147.21095016238604
2013-09-16,246.304418055462,146.492370287488
2013-09-17,247.79076454598876,145.8734613817873
2013-09-18,246.1417763977373,146.66589968114218
2013-09-19,244.98619210885343,147.23623596339365
2013-09-20,245.1893020066433,147.19496631600785
2013-09-23,243.667692209734,147.93006621162536
2013-09-24,245.35336393278723,147.22143256415538
2013-09-25,244.81348264405156,147.514614789871
2013-09-26,244.91801480603232,147.51771916308326
2013-09-27,242.87785655330356,148.4862397205375
2013-09-30,241.9586722686685,148.95016232494157
2013-10-01,240.99730485783192,149.43307331400257
2013-10-02,242.90698773614608,148.62360271202056
2013-10-03,246.6232013231288,147.0009359342067
2013-10-04,247.57266450234025,146.62370097210504
2013-10-07,251.4525238414419,144.92737028914925
2013-10-08,252.3112425372459,144.59098327430928
2013-10-09,252.04741244046795,144.75990313406436
2013-10-10,248.3896131467256,146.45659262244462
2013-10-11,247.79877256735168,146.77271376648608
2013-10-14,247.93443006153535,146.76180730141076
2013-10-15,248.3195686048276,146.63859884044072
2013-10-16,248.30490830012505,146.6953567892316
2013-10-17,248.22287194352367,146.78244356958743
2013-10-18,249.3753419624989,146.31382662541847
2013-10-21,246.6639964383059,147.58447710088387
2013-10-22,246.6450376127238,147.64317000761858
2013-10-23,243.49575491058783,149.110954568767
2013-10-24,240.28209041401357,150.60772013771063
2013-10-25,239.3355486871278,151.08395747623206
2013-10-28,236.3305927864505,152.48677444000927
2013-10-29,236.7430341043485,152.3512758239073
2013-10-30,237.9089264923568,151.87661688168012
2013-10-31,238.72742687083948,151.55833381885512
2013-11-01,236.4661852079728,152.626373398804
2013-11-04,235.2991664714485,153.20185681658788
2013-11-05,236.32200306202955,152.79159337011893
2013-11-06,234.89350486556265,153.48477976100398
2013-11-07,235.99670288022415,153.03834224533665
2013-11-08,234.16678718837449,153.91222371938997
2013-11-11,232.30545708178383,154.80024612823277
2013-11-12,231.3665035354696,155.27306771307423
2013-11-13,231.345309802418,155.33276663423172
2013-11-14,231.3924315323975,155.3617138440478
2013-11-15,233.65253912740204,154.39450221719466
2013-11-18,235.8821877239844,153.44100147300404
2013-11-19,240.769648999954,151.2911064178294
2013-11-20,242.2837645441856,150.65969746606055
2013-11-21,241.42961180806907,151.09434661821174
2013-11-22,239.50915177372124,152.0089859095664
2013-11-25,240.0393321861716,151.82048790882402
2013-11-26,239.6689909249996,152.03735293511923
2013-11-27,237.2682170673638,153.1682019126755
2013-11-29,237.29667308801592,153.20555136589775
2013-12-02,237.29877463919743,153.25476409915103
2013-12-03,234.5608506049614,154.53737867186365
2013-12-04,234.5917648258227,154.5736215945781
2013-12-05,235.39945026091323,154.26020682430965
2013-12-06,233.7554452501337,155.05040199228728
2013-12-09,235.61323711091157,154.26428975712457
2013-12-10,237.4276576178609,153.49770079467976
2013-12-11,237.85094208938955,153.35732122682677
2013-12-12,239.2431507313505,152.78078776808138
2013-12-13,238.3888805384329,153.21548977649812
2013-12-16,241.24402932271093,151.98042483699848
2013-12-17,238.34501117122795,153.33555471075385
2013-12-18,235.50676343799128,154.66332923398224
2013-12-19,235.1389899824788,154.87903840719744
2013-12-20,232.10973539200967,156.29279321869956
