,Cnsmr,Manuf,HiTec,Hlth ,Other
192607,   5.43,   2.73,   1.83,   1.77,   2.13
192608,   2.76,   2.33,   2.41,   4.25,   4.35
192609,   2.16,  -0.44,   1.06,   0.69,   0.29
192610,  -3.90,  -2.42,  -2.26,  -0.57,  -2.84
192611,   3.70,   2.50,   3.07,   5.42,   2.11
192612,   3.62,   2.76,   1.03,   0.11,   3.47
192701,  -1.19,   0.15,   0.46,   5.05,   1.50
192702,   5.28,   4.00,   4.19,   1.71,   5.05
192703,   1.64,  -1.43,   3.65,   1.01,   1.22
192704,   3.52,  -1.13,   1.35,   2.74,   0.83
192705,   6.09,   5.67,   5.28,   4.12,   6.54
192706,  -1.95,  -3.03,   0.51,   0.54,  -2.15
192707,   8.69,   7.51,   7.59,   9.84,   6.04
192708,   5.23,   1.97,   2.94,   0.28,  -1.03
192709,   5.89,   4.90,   3.93,   5.65,   4.59
192710,  -3.00,  -4.70,  -4.54,   5.13,  -3.82
192711,   7.74,   7.70,   6.52,   3.68,   4.50
192712,   3.60,   2.20,   1.28,  -0.46,   1.96
192801,  -1.21,   0.18,  -0.03,   2.69,  -1.01
192802,  -1.53,  -1.11,  -0.38,  -1.38,  -2.02
192803,  13.86,   6.96,  10.32,  10.54,   6.04
192804,   0.43,   7.69,   2.70,   2.35,   4.31
192805,   3.50,   0.10,   4.36,   9.27,   0.00
192806,  -4.05,  -4.35,  -5.12,  -3.15,  -4.29
192807,   2.20,   1.03,  -0.29,   2.39,  -0.35
192808,   8.99,   6.28,   7.23,  14.57,   4.75
192809,   3.66,   4.44,   0.42,  -1.14,   1.01
192810,   1.69,   2.39,   2.38,   0.05,  -0.43
192811,   7.80,  16.03,  13.46,   5.05,   9.96
192812,  -1.01,   0.51,   3.78,  -0.41,   0.40
192901,   0.68,   6.04,  11.70,   3.43,   5.56
192902,  -1.51,   1.35,  -0.90,   0.05,   0.02
192903,  -3.62,   1.09,   4.41,  -1.50,  -2.17
192904,   1.10,   2.44,   2.48,   1.48,   0.46
192905,  -9.68,  -5.66,  -3.68,  -7.84,  -0.01
192906,   7.03,  12.44,  15.73,   4.52,   5.75
192907,   0.40,   4.56,  10.97,   2.59,   6.57
192908,   4.93,   9.73,  11.92,   3.09,   7.73
192909,  -5.75,  -3.94,  -5.10,  -7.02,  -6.40
192910, -20.43, -20.47, -22.65, -18.02, -11.76
192911, -12.13, -12.35, -14.84,  -7.90,  -9.57
192912,   0.12,   2.35,   6.10,   1.11,  -0.49
193001,   5.53,   5.04,   6.32,   2.55,   4.89
193002,   0.48,   2.23,   7.45,   3.15,   3.25
193003,   3.87,  10.15,   8.41,   5.99,   4.84
193004,  -1.72,  -1.07,  -0.84,  -1.27,  -6.44
193005,   1.86,  -2.14,  -2.40,  -1.49,  -0.96
193006, -15.68, -16.95, -14.85, -13.34, -11.70
193007,   5.40,   4.64,   2.78,   6.52,   3.44
193008,   1.56,  -0.43,   2.00,   7.71,  -0.38
193009, -11.51, -13.57, -12.35,  -8.70, -10.51
193010,  -7.46,  -9.06, -10.87,  -4.37,  -8.43
193011,   2.04,  -3.75,  -3.27,  -3.23,  -5.17
193012,  -5.83,  -7.80,  -7.09,  -6.79,  -8.80
193101,   6.47,   4.50,   4.99,   8.23,  11.89
193102,  11.35,  12.07,  13.43,   7.81,   5.47
193103,  -2.64,  -7.06,  -5.64,   1.80,  -9.40
193104,  -5.90, -12.30,  -8.48,  -3.62,  -9.89
193105, -10.64, -13.86, -10.76, -10.26, -17.39
193106,  11.01,  15.12,  13.99,   9.69,  16.22
193107,  -2.84,  -7.23,  -7.25,   2.61,  -9.86
193108,  -0.32,   1.32,   2.02,   0.39,  -3.98
193109, -28.58, -30.86, -26.78, -29.45, -26.50
193110,   9.99,   9.38,   7.02,  11.26,   1.90
193111,  -5.42,  -7.29,  -9.77,  -2.79, -19.17
193112, -10.69, -15.53, -10.06,  -4.10, -16.53
193201,  -0.41,  -2.19,  -6.74,  -2.66,   6.79
193202,   4.33,   6.96,   9.78,   2.05,  -0.28
193203, -10.33,  -9.70, -11.41,  -6.41, -15.96
193204, -15.89, -18.19, -16.23, -19.77, -22.36
193205, -22.68, -17.82, -16.06, -34.08, -30.02
193206,  -0.75,   1.25,  -5.41,  11.05,  -2.00
193207,  28.44,  35.86,  24.40,  29.18,  55.85
193208,  28.96,  37.21,  33.84,  35.87,  58.67
193209,   1.90,  -5.19,  -1.82, -11.92,  -4.15
193210, -14.57, -11.22, -11.87, -18.56, -17.99
193211,  -5.92,  -6.63,  -3.36,   5.53,  -6.90
193212,   4.21,   4.23,   4.82,   6.82,   4.88
193301,   2.25,  -0.93,   0.65,  -1.13,   8.53
193302, -14.05, -17.32, -11.55, -10.82, -16.41
193303,   9.79,   1.84,  -2.51,  -3.16,   3.77
193304,  43.67,  43.53,  25.52,  37.13,  30.80
193305,  16.46,  22.17,  18.29,  23.49,  31.54
193306,  13.98,  13.15,  10.62,  10.39,  14.50
193307,  -8.18, -12.04,  -6.94, -19.11,  -6.62
193308,  12.01,  13.05,   7.59,  -0.38,  14.59
193309,  -9.79,  -9.93,  -8.79,  -1.31, -16.39
193310,  -9.10,  -6.99,  -8.08,  -6.02, -10.91
193311,  12.06,  10.72,   8.12,   9.40,   5.35
193312,   2.04,   2.24,  -1.86, -11.73,   4.70
193401,  12.49,  11.77,   9.78,  16.77,  18.58
193402,  -2.36,  -2.99,  -1.24,  -3.59,  -1.88
193403,   1.00,  -1.36,   1.99,  -0.64,   0.82
193404,  -0.90,  -2.69,  -1.67,   8.00,  -1.60
193405,  -6.92,  -8.07,  -5.18,  -0.38,  -7.36
193406,   1.78,   3.31,   1.87,   2.04,   3.12
193407,  -8.05, -11.92,  -7.27,  -1.89, -17.37
193408,   5.90,   6.26,   4.05,  -3.05,   4.41
193409,   0.88,  -1.11,   1.07,   0.80,  -0.37
193410,   0.21,  -2.81,  -1.33,  -0.71,  -2.22
193411,  10.93,   9.14,   4.01,   4.07,   5.64
193412,   0.17,   0.37,   1.16,   0.62,  -0.19
193501,  -4.30,  -3.07,   0.21,  -0.86,  -6.72
193502,  -0.12,  -3.45,   0.68,   4.25,  -4.70
193503,  -4.85,  -2.72,  -2.18,  -3.14,  -5.34
193504,   5.90,  11.11,   9.60,   3.18,   8.75
193505,   1.88,   3.79,   5.96,  -4.02,   3.88
193506,   6.72,   5.35,   6.57,   4.09,   6.33
193507,   8.13,   7.27,   7.35,   3.19,   7.26
193508,   2.42,   2.30,   3.70,   0.29,   3.41
193509,   3.88,   1.24,   5.76,   1.11,   0.62
193510,   6.59,   9.02,   5.59,   5.97,   2.42
193511,   2.28,   3.54,   7.97,   1.74,  13.23
193512,   2.65,   6.81,   1.45,   2.35,   4.29
193601,   2.21,   9.04,   5.21,   3.46,  12.17
193602,   1.78,   2.52,   3.73,   3.45,   2.81
193603,   2.93,   2.00,  -1.91,   3.52,  -2.94
193604,  -6.79,  -9.27,  -7.00,  -9.19,  -7.41
193605,   4.97,   4.60,   5.91,   4.80,   7.40
193606,   4.56,   1.73,   1.93,   1.29,   1.75
193607,   4.32,   7.39,   6.69,   4.65,   9.64
193608,   0.76,   0.64,   2.06,  -1.48,   1.85
193609,   1.50,   1.32,  -0.40,   0.77,   0.90
193610,   5.64,   8.72,   5.39,   3.78,   8.10
193611,   3.79,   3.27,   4.63,   3.40,   0.48
193612,  -5.01,   3.43,   1.01,  -2.04,  -1.18
193701,   3.54,   3.75,   3.66,   3.47,   1.04
193702,   0.88,   1.54,  -2.20,  -3.72,   4.78
193703,  -2.47,   1.08,  -3.30,  -5.03,   2.70
193704,  -7.09,  -7.90,  -6.43,  -3.32,  -6.83
193705,  -1.87,   0.00,   1.17,   1.68,  -3.34
193706,  -5.41,  -3.49,  -0.01,  -4.12,  -8.95
193707,   8.88,   9.90,   6.32,   4.14,   8.74
193708,  -2.83,  -5.60,  -3.65,   1.09,  -8.34
193709, -11.45, -15.74,  -8.04, -10.76, -15.93
193710,  -8.94, -11.00,  -6.21,  -3.55, -10.12
193711, -10.75,  -8.70,  -4.05,  -5.12,  -6.87
193712,  -7.29,  -3.05,  -1.84,  -2.41,  -6.63
193801,   5.76,  -1.20,  -2.45,   3.52,   0.49
193802,   4.82,   8.38,   0.69,   8.61,   4.88
193803, -20.45, -24.96, -22.25, -14.44, -29.77
193804,  13.81,  14.60,  14.91,  11.82,  14.54
193805,  -2.78,  -5.60,  -0.87,   1.71,  -3.96
193806,  21.24,  27.74,  18.89,  10.07,  24.87
193807,  10.87,   6.26,   3.41,   5.80,  10.01
193808,  -0.65,  -4.32,  -0.42,   0.36,  -3.72
193809,   0.46,   1.39,   1.20,  -0.01,  -1.25
193810,   6.24,   8.37,   6.67,   5.63,  11.11
193811,  -1.58,  -1.77,  -1.81,   1.44,  -2.01
193812,   2.15,   5.22,   2.81,   0.85,   6.34
193901,  -4.28,  -7.38,  -2.69,  -0.96,  -8.66
193902,   4.76,   2.63,   3.17,   3.72,   4.69
193903, -10.42, -13.53,  -8.06,  -4.33, -14.98
193904,   0.47,  -0.70,   0.43,   1.00,  -1.81
193905,   7.58,   6.16,   6.68,   5.49,   8.04
193906,  -3.59,  -5.94,  -5.55,   1.10,  -7.64
193907,  10.02,  10.44,   9.61,   3.08,  11.57
193908,  -7.23,  -6.02,  -5.86,  -5.43,  -9.99
193909,   9.65,  23.43,   6.50,   7.07,  25.74
193910,   2.26,  -2.35,   1.31,   0.21,  -1.60
193911,  -1.70,  -5.48,  -0.57,   1.22,  -5.07
193912,   3.37,   2.90,   3.18,   3.77,   2.40
194001,  -0.71,  -3.49,  -1.85,  -1.79,  -2.68
194002,   1.67,   1.79,   0.37,   1.48,   0.88
194003,   2.65,   1.60,   1.93,   1.90,   2.63
194004,   0.58,   0.36,  -0.43,  -0.31,  -0.76
194005, -23.34, -22.45, -16.86, -21.21, -24.04
194006,   7.21,   6.22,   6.48,   4.91,   8.59
194007,   2.83,   3.47,   3.12,  -0.52,   3.39
194008,   3.61,   1.77,   1.06,  -2.29,   2.89
194009,   2.92,   1.92,   2.67,   4.61,   2.48
194010,   0.68,   4.52,   1.94,  -3.00,   5.31
194011,  -1.15,  -2.47,  -0.77,  -1.82,  -0.12
194012,  -0.77,   1.50,   1.21,  -0.23,   0.24
194101,  -4.11,  -5.44,  -2.28,  -2.19,  -1.60
194102,  -1.33,  -1.64,  -1.50,  -4.69,  -0.31
194103,   0.00,   0.96,   1.21,   1.77,   1.80
194104,  -6.40,  -4.46,  -7.32,  -5.22,  -4.44
194105,   0.03,   3.24,   0.09,  -1.45,  -0.92
194106,   5.28,   5.91,   7.22,   6.72,   4.50
194107,   4.87,   7.93,   0.48,   8.03,   7.53
194108,   1.65,  -1.52,   0.93,   0.08,   0.20
194109,   2.13,  -2.32,  -0.16,  -0.21,  -2.58
194110,  -6.86,  -4.50,  -5.66,  -3.69,  -4.13
194111,  -3.64,  -0.61,  -3.28,  -2.93,  -1.54
194112,  -7.70,  -3.35,  -5.13,  -1.59,  -5.37
194201,   3.11,  -1.53,  -0.43,  -2.99,   9.55
194202,  -1.58,  -3.32,  -1.35,  -5.35,  -1.87
194203,  -5.03,  -6.83,  -6.65,  -5.54,  -8.98
194204,  -4.60,  -4.23,  -5.81,  -4.45,  -2.02
194205,   9.84,   3.59,   7.78,  14.69,   3.54
194206,   2.73,   3.60,   0.61,   2.85,   1.99
194207,   2.90,   3.36,   3.30,   1.60,   6.58
194208,   1.51,   1.89,   1.72,   2.43,   2.42
194209,   0.97,   3.21,   3.38,   0.26,   3.38
194210,   4.03,   8.20,   6.22,   4.13,   8.91
194211,   2.63,  -1.36,   2.36,   1.58,  -2.06
194212,   5.39,   5.82,   2.88,   8.69,   4.44
194301,   7.31,   7.47,   6.50,   2.47,   7.06
194302,   4.81,   6.24,   6.30,   3.64,   9.47
194303,   5.56,   6.17,   3.70,   4.56,  10.09
194304,   1.06,  -0.23,   2.75,   1.40,   2.19
194305,   6.78,   5.38,   5.35,   5.13,   5.59
194306,   3.81,   1.28,   2.34,   0.50,  -0.80
194307,  -4.84,  -5.01,  -3.54,  -3.26,  -5.19
194308,   2.44,   0.92,   0.72,   0.26,   1.41
194309,   2.01,   2.40,   3.13,   4.02,   2.18
194310,  -1.07,  -1.07,  -1.19,   0.57,  -1.09
194311,  -4.80,  -6.79,  -3.85,  -3.93,  -7.99
194312,   6.91,   6.44,   5.27,   3.94,   7.16
194401,   2.23,   1.30,   0.75,   0.29,   4.50
194402,   1.22,  -0.03,  -0.47,  -2.64,   2.07
194403,   3.34,   2.10,   2.09,   2.46,   2.66
194404,  -1.47,  -1.72,  -1.18,  -2.36,  -2.46
194405,   6.14,   5.09,   3.19,   5.68,   4.27
194406,   6.94,   4.89,   5.14,   3.85,   5.95
194407,  -1.89,  -1.50,  -1.04,  -1.24,  -0.77
194408,   3.17,   1.07,   1.26,   0.76,   0.36
194409,   0.54,  -0.24,  -0.16,   0.43,   0.10
194410,  -0.84,   0.49,   0.78,   1.09,   0.67
194411,   1.95,   1.25,   1.11,   0.52,   4.31
194412,   2.71,   4.39,   2.54,   1.71,   8.46
194501,   1.59,   3.74,  -0.79,   0.56,   0.62
194502,   5.34,   6.97,   4.66,   4.25,   7.89
194503,  -3.66,  -4.74,  -1.93,  -1.83,  -3.53
194504,   8.49,   8.13,   5.19,   6.33,   8.81
194505,   2.73,   0.42,   2.80,   4.11,   3.11
194506,  -0.93,   0.32,   0.41,  -4.65,   4.48
194507,  -0.95,  -2.76,   0.32,  -1.62,  -5.48
194508,   8.42,   6.01,   5.48,   9.19,   2.52
194509,   4.92,   5.05,   2.63,   6.51,   6.08
194510,   4.39,   3.80,   1.57,   6.61,   5.76
194511,   4.17,   5.81,   3.05,   8.58,   9.11
194512,   2.25,   0.76,   1.52,   1.53,   0.15
194601,   7.05,   6.07,   4.14,   7.76,   7.38
194602,  -5.95,  -5.67,  -5.10,  -4.31,  -6.14
194603,   6.15,   7.17,   1.65,  14.57,   4.68
194604,   4.01,   5.55,   1.64,  14.67,   1.68
194605,   3.41,   4.41,   3.97,   5.64,   3.39
194606,  -5.49,  -3.37,  -2.48,  -5.52,  -3.25
194607,  -2.50,  -2.43,  -1.64,  -3.22,  -4.97
194608,  -6.54,  -6.23,  -6.95,  -3.24,  -6.80
194609, -10.70,  -9.55,  -7.15,  -7.03, -14.38
194610,  -1.32,  -1.13,  -4.05,  -0.24,  -0.46
194611,  -2.34,   1.28,  -0.05,   1.67,   0.01
194612,   4.44,   5.92,   4.21,   7.23,   2.74
194701,   3.08,   0.33,   3.05,  -5.32,   0.47
194702,   0.18,  -1.27,  -2.06,  -4.19,  -1.28
194703,  -2.34,  -0.67,  -2.21,  -1.26,  -3.33
194704,  -6.31,  -3.98,  -2.59,  -8.60,  -6.27
194705,  -0.93,  -0.77,  -0.72,  -2.68,  -2.07
194706,   7.26,   6.15,   0.09,   4.19,   3.19
194707,   4.79,   3.70,   3.46,   2.60,   5.99
194708,  -1.82,  -1.24,  -1.89,  -3.83,  -3.19
194709,  -0.56,  -0.59,   0.98,  -2.62,  -0.96
194710,   2.25,   3.42,   0.95,   1.22,   0.99
194711,  -2.16,  -1.74,  -1.59,  -3.04,  -1.95
194712,   1.04,   4.48,   1.44,   3.10,   3.72
194801,  -3.60,  -4.70,  -2.68,  -8.23,  -0.87
194802,  -5.29,  -4.37,  -2.45,  -3.53,  -4.11
194803,   6.29,   9.35,   6.28,   6.33,   9.94
194804,   2.31,   5.14,   1.04,   2.14,   3.25
194805,   8.67,   7.03,   7.51,   6.78,   6.76
194806,  -1.13,   0.90,  -0.51,  -2.19,  -0.75
194807,  -4.17,  -5.66,  -4.11,  -4.25,  -4.99
194808,   1.01,  -0.44,   1.51,  -1.90,   1.53
194809,  -3.10,  -3.04,  -1.67,  -3.08,  -3.44
194810,   5.05,   7.23,   3.89,   5.19,   4.96
194811,  -7.78, -10.69,  -5.64,  -5.74, -10.58
194812,   1.72,   4.09,   3.58,   4.54,   2.85
194901,   2.60,  -0.52,  -1.30,   4.57,   0.32
194902,  -2.54,  -3.18,  -2.22,  -0.93,  -3.20
194903,   3.60,   4.38,   3.50,   5.50,   4.90
194904,  -2.38,  -1.36,  -2.66,   0.24,  -1.52
194905,  -0.93,  -3.70,  -3.70,  -1.88,  -2.69
194906,   1.62,  -0.39,   0.64,   2.16,  -1.38
194907,   6.24,   5.85,   4.48,   6.00,   4.19
194908,   2.78,   3.44,   0.87,   0.19,   1.45
194909,   2.63,   3.66,   2.36,   1.86,   3.39
194910,   2.91,   3.68,   2.77,   3.38,   2.42
194911,   2.76,   1.31,   2.74,   4.81,   1.23
194912,   5.94,   4.35,   5.27,   8.70,   7.18
195001,   1.26,   1.46,   3.21,   1.06,   3.20
195002,   1.91,   1.29,   2.06,   1.92,   1.01
195003,   0.28,   1.92,   3.46,  -2.90,  -0.70
195004,   3.22,   5.21,   3.58,   5.52,   1.52
195005,   3.81,   6.18,   1.07,   3.96,   1.35
195006,  -4.80,  -6.11,  -6.17,  -4.19,  -6.79
195007,  -1.01,   2.81,  -2.09,  -6.94,   7.51
195008,   5.84,   5.25,   3.84,   3.68,   2.32
195009,   7.16,   4.20,   2.17,   6.16,   6.51
195010,   0.29,   0.22,  -0.63,  -1.76,  -1.51
195011,  -0.60,   4.65,   1.18,   4.68,   3.94
195012,   2.37,   6.84,   2.88,   6.06,  11.06
195101,   5.86,   6.02,   4.82,   3.10,   6.39
195102,   2.17,   1.41,   2.46,   1.46,  -0.42
195103,  -1.24,  -2.60,  -1.00,   1.70,  -2.84
195104,   1.66,   7.12,   2.03,  10.41,   3.75
195105,  -2.73,  -2.13,  -1.62,   1.57,  -3.27
195106,  -4.46,  -1.77,  -0.91,   0.83,  -5.12
195107,   3.04,   8.92,   4.20,  14.46,   7.40
195108,   4.43,   4.76,   4.26,  -1.43,   3.45
195109,   1.68,   0.05,   1.66,  -1.82,   3.57
195110,  -2.74,  -1.67,  -3.78,  -5.97,  -3.63
195111,   1.09,   0.19,   1.51,  -0.48,   2.09
195112,   1.51,   4.42,   2.90,   5.14,   2.13
195201,  -0.34,   2.56,  -0.76,   0.65,   3.32
195202,  -1.62,  -3.00,  -1.99,  -4.25,  -1.57
195203,   4.28,   4.89,   3.24,   0.45,   5.84
195204,  -2.81,  -6.27,  -2.09,  -5.50,  -3.40
195205,   2.95,   3.80,   1.99,   2.52,   2.94
195206,   3.78,   4.22,   4.00,  -0.96,   4.02
195207,   1.66,   1.03,   0.82,  -4.38,   1.13
195208,   1.03,  -1.46,   0.34,  -0.57,  -0.14
195209,  -1.52,  -2.46,   0.34,  -4.09,  -1.37
195210,  -0.14,  -0.57,  -0.07,  -1.49,  -1.57
195211,   5.83,   5.80,   6.58,   7.22,   7.27
195212,   3.56,   3.18,   1.98,  -1.95,   3.74
195301,   0.82,  -0.53,  -0.68,  -5.11,   1.08
195302,   0.11,  -0.30,   0.05,   2.06,  -0.22
195303,  -2.46,  -0.97,  -0.59,  -0.17,  -1.44
195304,  -1.01,  -3.55,  -0.70,  -5.34,  -3.20
195305,   0.47,   0.69,   0.76,  -0.04,   1.44
195306,  -2.13,  -1.69,  -0.78,  -3.31,  -2.06
195307,   1.79,   3.19,   1.58,   3.66,   1.43
195308,  -4.24,  -4.54,  -2.52,   0.05,  -6.80
195309,  -0.17,   0.25,   2.50,   0.42,  -0.98
195310,   3.23,   5.59,   4.12,   2.66,   3.69
195311,   1.19,   3.25,   3.59,   7.98,   2.78
195312,  -0.33,   0.58,   0.60,  -1.34,  -2.31
195401,   4.34,   5.58,   4.30,   5.65,   6.66
195402,   0.64,   1.67,   3.79,  -0.19,   1.54
195403,   1.89,   4.31,   5.31,   0.28,   1.79
195404,   2.29,   5.04,   5.69,   1.20,   2.87
195405,   3.30,   3.65,   0.35,   1.61,   4.40
195406,   1.32,   0.09,   5.45,  -2.43,   1.49
195407,   7.13,   4.95,   1.72,   8.21,   6.83
195408,  -2.31,  -2.09,  -3.15,  -2.56,  -2.27
195409,   8.24,   6.76,   4.55,   2.82,   4.32
195410,  -1.70,  -1.88,  -1.45,  -1.62,   0.58
195411,   6.00,  10.47,   8.62,  12.56,  11.16
195412,   4.98,   6.00,   2.40,   6.12,   9.38
195501,   0.77,   0.31,   2.30,  -2.88,   0.88
195502,   0.41,   3.54,   4.23,   2.85,   3.77
195503,  -0.62,  -0.01,  -0.70,   6.09,   0.94
195504,   4.15,   2.88,   3.89,   0.02,   3.45
195505,   0.21,   1.39,   0.59,   3.15,   1.64
195506,   6.12,   8.77,   1.85,   0.17,   2.37
195507,   9.63,   0.76,  -0.27,   0.13,  -1.43
195508,  -1.84,   1.30,  -0.71,   0.15,   0.58
195509,   4.57,  -0.94,  -1.75,  -3.17,  -2.71
195510,  -3.21,  -2.11,  -3.25,   0.82,  -2.61
195511,   6.80,   7.46,   5.97,   6.29,   8.30
195512,  -1.78,   2.68,   2.97,   6.23,  -0.64
195601,  -4.66,  -2.37,  -1.96,  -6.50,  -2.76
195602,   3.57,   4.25,   3.36,   8.27,   3.37
195603,   2.36,   8.33,   6.29,   7.26,   5.71
195604,  -2.61,   1.43,  -0.33,   2.76,   0.89
195605,  -4.12,  -5.51,  -3.44,  -1.23,  -5.41
195606,   3.94,   3.68,   4.50,   3.60,   1.56
195607,   3.72,   5.92,   4.11,   3.09,   2.41
195608,  -0.59,  -3.67,  -2.60,  -3.07,  -3.59
195609,  -2.50,  -5.67,  -5.06,  -3.68,  -4.40
195610,  -0.10,   0.91,   1.14,   0.58,   1.11
195611,  -2.30,   1.33,   1.06,  -1.30,   0.22
195612,   0.77,   4.19,   3.60,   6.06,   2.02
195701,  -2.82,  -4.11,  -1.89,  -2.27,  -0.54
195702,  -1.51,  -2.22,  -0.20,  -0.35,  -2.56
195703,   1.19,   2.35,   3.26,   8.22,   2.31
195704,   4.20,   4.70,   4.78,   5.43,   3.16
195705,   1.48,   4.54,   3.72,   4.79,   1.36
195706,  -0.58,  -1.18,   2.14,   6.46,  -1.11
195707,   2.67,   0.58,   0.52,   2.60,   1.13
195708,  -2.69,  -5.54,  -4.14,  -2.98,  -5.45
195709,  -3.69,  -6.51,  -4.55,  -3.04,  -6.67
195710,  -3.40,  -4.46,  -1.92,  -0.68,  -6.88
195711,  -1.05,   3.20,   4.25,   8.58,   0.33
195712,  -3.79,  -4.25,  -1.29,  -0.48,  -4.39
195801,   6.39,   4.31,   4.13,  -0.41,  11.04
195802,   0.41,  -2.26,  -0.62,   4.95,  -1.79
195803,   3.65,   3.60,   1.97,   8.17,   2.51
195804,   3.99,   3.28,   1.13,   6.55,   4.52
195805,   3.80,   2.06,   1.77,   1.44,   3.74
195806,   2.51,   3.17,   2.74,   3.55,   2.87
195807,   5.17,   4.64,   2.48,   5.97,   5.28
195808,   2.31,   1.67,   2.22,   1.98,   3.01
195809,   6.66,   3.97,   5.69,  11.72,   4.42
195810,   2.10,   2.72,   3.18,   1.05,   3.75
195811,   3.48,   2.62,   3.40,   8.03,   4.63
195812,   3.44,   4.13,  13.18,   4.61,   3.08
195901,   1.63,   0.79,   0.36,  -0.62,   2.09
195902,   0.84,  -0.04,   5.03,   3.86,   1.75
195903,  -0.80,   0.74,   1.12,   4.25,  -0.71
195904,   5.22,   2.54,   6.80,  11.92,   1.96
195905,   3.29,   1.79,   2.37,  -1.07,   0.63
195906,   1.17,  -0.38,  -1.01,   6.59,   1.42
195907,   5.21,   4.06,   0.51,   4.73,   0.25
195908,   1.08,  -1.67,  -1.20,  -3.57,  -2.21
195909,  -3.46,  -5.35,  -2.81,  -4.96,  -4.14
195910,   0.92,   1.26,   3.38,   2.34,   0.30
195911,   0.97,   1.22,   4.76,   5.62,  -0.50
195912,   3.20,   2.67,   3.78,  -1.67,   2.11
196001,  -7.19,  -7.09,  -5.48,  -6.38,  -4.52
196002,   1.22,  -0.08,   6.64,   0.31,  -0.02
196003,  -2.15,  -1.90,   0.98,   1.61,  -2.27
196004,  -0.12,  -2.76,  -0.16,   1.65,  -1.13
196005,   2.92,   1.61,   6.88,  13.72,   0.24
196006,   2.94,   2.92,   0.71,  -0.16,   2.86
196007,  -1.40,  -2.41,  -2.45,  -3.86,  -1.47
196008,   3.77,   2.83,   3.65,   2.46,   3.11
196009,  -5.57,  -5.06,  -7.50,  -8.71,  -5.73
196010,   0.24,   0.01,  -1.76,  -3.49,  -0.81
196011,   5.02,   4.24,   5.75,   4.04,   6.69
196012,   2.30,   4.79,   7.19,   6.22,   4.22
196101,   5.67,   7.06,   5.19,   6.05,   7.79
196102,   5.32,   3.63,   1.78,   5.20,   5.69
196103,   4.67,   1.65,   4.96,   3.80,   3.53
196104,  -0.95,   0.86,   0.63,  -0.30,   0.56
196105,   3.05,   2.96,   0.99,   2.28,   4.18
196106,  -0.91,  -3.00,  -3.65,  -3.38,  -3.79
196107,   3.74,   2.52,   3.99,   3.50,   1.27
196108,   3.44,   2.19,   2.41,   3.86,   5.23
196109,   1.55,  -3.63,  -1.18,  -1.23,  -1.83
196110,   3.99,   2.68,   1.89,   3.66,   2.32
196111,   6.66,   3.68,   5.49,   3.14,   3.82
196112,  -0.53,   0.01,   1.20,  -1.99,  -1.85
196201,  -4.92,  -2.40,  -5.50,  -4.78,  -1.44
196202,   0.05,   2.72,   1.95,   3.75,   1.72
196203,  -0.05,  -0.22,  -1.33,   0.41,  -1.77
196204,  -5.60,  -5.60,  -8.00, -11.33,  -7.08
196205,  -8.38,  -7.89,  -9.17, -10.78,  -7.85
196206,  -8.25,  -7.20, -10.02, -12.89,  -9.15
196207,   5.98,   5.69,   9.20,   7.78,   5.74
196208,   2.84,   2.41,   2.47,  -7.92,   3.87
196209,  -4.66,  -3.93,  -7.45,  -4.05,  -5.76
196210,  -0.64,   0.33,   1.34,   2.47,   0.57
196211,   9.80,  11.09,  10.74,  17.59,  14.77
196212,   1.84,   1.66,   0.45,   0.88,   1.40
196301,   6.08,   4.75,   4.88,   5.66,   5.24
196302,  -2.37,  -1.93,  -3.08,  -2.58,  -0.42
196303,   4.12,   3.78,   2.34,   1.18,   2.95
196304,   4.44,   4.53,   5.06,   7.62,   5.94
196305,   4.49,   1.18,   1.78,  -0.25,   3.58
196306,  -2.13,  -1.10,  -3.47,  -1.09,  -1.40
196307,  -0.42,   0.24,  -0.42,   0.57,  -1.59
196308,   6.00,   5.03,   4.61,   9.56,   5.44
196309,  -0.42,  -2.06,   1.49,  -4.07,  -3.18
196310,   5.96,   0.94,   5.31,   3.38,   1.39
196311,  -3.15,  -0.43,   2.38,  -1.65,   0.10
196312,   1.20,   2.83,   1.12,   1.53,   2.66
196401,   1.38,   3.07,   3.17,   3.70,   1.17
196402,   1.70,   1.82,   0.60,   1.65,   5.38
196403,   1.98,   2.05,   0.81,  -1.94,   2.34
196404,   1.35,   0.61,  -1.00,  -1.42,   0.29
196405,   2.07,   1.69,   0.86,   0.52,   2.38
196406,   1.73,   1.09,   2.99,   0.58,   1.31
196407,   3.42,   2.70,  -1.93,   4.76,   1.23
196408,   0.66,  -1.18,  -2.03,  -4.22,  -3.11
196409,   3.51,   3.62,  -0.17,   2.74,   3.99
196410,   0.52,   1.35,  -0.93,   2.86,   1.75
196411,   0.45,   0.81,  -1.43,   2.17,  -1.65
196412,   0.99,  -0.30,   1.86,   4.38,  -1.78
196501,   4.27,   3.53,   3.11,   7.66,   4.72
196502,   0.55,   0.26,   1.38,   2.42,   2.61
196503,   0.17,  -1.57,  -1.18,  -0.92,  -0.37
196504,   6.04,   2.37,   3.51,   2.97,   2.30
196505,  -1.73,  -0.22,   1.79,  -1.25,  -1.49
196506,  -6.18,  -4.45,  -4.82,  -5.31,  -6.99
196507,   1.17,   1.77,   1.28,   3.95,   3.34
196508,   3.34,   2.37,   3.26,   6.29,   5.11
196509,   3.28,   3.48,   2.92,   2.24,   1.76
196510,   3.78,   2.92,   1.07,   3.23,   4.13
196511,  -1.25,   0.70,  -1.03,   3.79,   4.08
196512,   1.38,   1.62,  -1.17,   3.84,   3.29
196601,  -0.11,   1.21,  -0.02,   2.74,   5.21
196602,  -1.26,  -2.18,   2.70,  -1.55,   2.07
196603,  -2.68,  -1.60,  -2.87,  -1.60,  -2.57
196604,   0.85,   2.62,   4.52,  -0.01,   3.03
196605,  -6.14,  -4.58,  -4.61,  -5.27,  -7.79
196606,  -2.01,  -1.50,   0.16,   0.99,   0.65
196607,  -2.01,  -0.77,  -1.45,  -1.71,  -1.94
196608,  -7.18,  -7.56,  -5.29,  -8.09, -11.86
196609,  -1.37,   0.07,  -1.27,  -1.15,  -1.91
196610,   1.28,   5.75,   4.54,   4.87,   3.02
196611,  -0.65,   0.74,   4.01,   6.90,   7.99
196612,  -2.03,   0.91,   1.62,  -0.18,   2.15
196701,  10.98,   7.25,   8.34,   6.45,  11.99
196702,   0.92,   0.28,   4.29,   1.40,  -0.32
196703,   3.71,   4.36,   4.35,   7.86,   4.42
196704,   8.44,   2.81,   4.43,   4.46,   2.15
196705,  -5.15,  -3.40,  -4.94,  -5.28,  -2.08
196706,   2.45,   1.54,   4.84,   5.41,   3.48
196707,   8.21,   5.09,  -0.38,   3.79,   7.89
196708,  -0.08,  -0.74,  -1.10,   0.65,  -0.28
196709,   3.75,   2.88,   5.62,   2.90,   1.30
196710,  -2.92,  -3.64,   1.79,  -5.02,  -5.13
196711,  -0.03,   1.10,   0.96,   1.33,  -0.43
196712,   2.25,   4.26,   1.44,   1.62,   5.54
196801,  -2.17,  -3.70,  -4.85,  -6.58,  -1.89
196802,  -2.08,  -3.31,  -3.79,  -4.24,  -3.48
196803,   1.22,  -0.02,   2.25,   0.11,  -0.28
196804,  11.62,   7.77,   8.77,  11.89,  11.98
196805,   2.42,   2.17,   2.29,   3.35,   6.23
196806,  -0.04,   1.75,   0.00,   2.23,   3.03
196807,  -3.86,  -0.60,  -3.79,  -4.12,  -2.80
196808,   2.02,   2.01,   0.80,   0.68,   2.86
196809,   6.35,   3.55,   2.95,   0.84,   9.31
196810,   2.34,   1.37,  -2.13,  -0.04,   1.08
196811,   2.81,   6.22,   7.44,   8.11,   7.69
196812,  -3.21,  -3.02,  -5.81,  -1.02,  -3.70
196901,  -1.37,  -0.22,  -2.63,  -0.23,   0.75
196902,  -4.72,  -5.29,  -3.51,  -5.16,  -8.35
196903,   3.60,   3.35,   3.31,   3.34,   0.74
196904,   1.85,   0.79,   5.27,   4.98,   1.77
196905,   0.61,   0.74,  -0.70,   1.68,  -1.23
196906,  -6.29,  -7.70,  -1.56,  -5.04, -10.68
196907,  -7.35,  -6.36,  -5.08,  -2.73,  -9.10
196908,   4.99,   4.00,   5.13,   9.30,   9.03
196909,  -0.11,  -4.76,  -1.22,   2.09,  -0.71
196910,   6.16,   4.64,   5.04,   8.98,   7.99
196911,  -3.66,  -4.03,  -0.82,   0.32,  -5.54
196912,  -2.80,  -1.74,  -2.31,   4.30,  -3.75
197001,  -6.18,  -7.94,  -6.99,  -7.12,  -8.83
197002,   5.16,   5.76,   4.61,   5.60,   9.50
197003,   0.98,   0.23,  -0.91,  -5.08,  -1.90
197004,  -9.92,  -8.86, -12.38, -10.11, -13.68
197005,  -7.63,  -4.47,  -7.41,  -7.78,  -8.25
197006,  -3.19,  -4.14, -10.51,  -0.51,  -6.83
197007,   9.14,   7.94,   5.37,   2.16,   8.04
197008,   5.06,   5.20,   5.80,   1.80,   5.12
197009,   5.11,   2.93,   5.89,   8.03,   7.61
197010,  -1.00,  -0.90,  -3.59,   0.26,  -5.89
197011,   6.20,   5.18,   4.79,   2.96,   3.87
197012,   6.37,   6.05,   5.28,   5.37,   8.36
197101,   5.48,   3.65,   7.00,   4.94,   7.81
197102,   3.17,   1.59,  -0.25,   1.39,   2.36
197103,   4.78,   3.40,   5.45,   3.68,   5.97
197104,   5.28,   2.94,   1.81,   4.23,   4.36
197105,  -3.10,  -3.24,  -5.83,  -2.10,  -4.42
197106,  -0.18,   1.21,  -1.10,   2.02,  -1.22
197107,  -3.76,  -3.60,  -6.92,  -2.25,  -3.85
197108,   6.64,   2.60,   3.60,   3.27,   7.02
197109,   0.18,  -0.89,  -0.96,   0.66,  -0.42
197110,  -4.36,  -4.23,  -3.47,  -2.50,  -4.20
197111,   0.08,  -0.72,   1.30,   0.58,  -0.23
197112,   8.85,   9.27,   9.95,   7.90,   8.19
197201,   2.09,   1.74,   5.91,   2.60,   3.33
197202,   3.63,   3.08,   1.34,   7.13,   2.25
197203,   2.10,  -0.17,   0.66,   0.46,   2.34
197204,   0.27,   0.52,   0.21,   1.08,   1.82
197205,   0.30,   2.05,   2.96,   3.52,  -0.63
197206,  -2.67,  -1.79,  -2.59,   2.51,  -4.53
197207,  -2.04,   0.01,   0.91,   3.13,  -2.93
197208,   1.08,   5.50,   3.53,   1.05,   3.61
197209,  -1.36,  -0.73,   0.47,  -0.44,  -1.72
197210,  -0.55,   2.54,  -1.59,   1.51,   1.14
197211,   6.95,   5.10,   3.99,  -0.56,   5.14
197212,   1.29,   0.57,   1.81,   3.74,  -0.72
197301,  -5.20,  -1.27,   0.62,  -1.19,  -7.44
197302,  -5.54,  -3.79,  -3.52,  -0.71,  -6.06
197303,  -3.13,   0.46,  -0.65,   0.78,  -0.26
197304,  -6.59,  -2.80,  -4.26,  -5.49,  -7.75
197305,  -2.84,  -1.65,  -2.00,   1.07,  -4.98
197306,  -3.86,  -0.08,  -0.14,   0.00,  -0.25
197307,   8.56,   3.35,   3.12,   6.87,   9.56
197308,  -3.79,  -2.23,  -3.77,  -6.89,  -2.30
197309,   6.92,   6.37,   0.65,   0.78,   7.23
197310,  -3.38,   1.26,   0.55,   1.83,  -1.02
197311, -16.35, -11.43,  -8.25,  -7.75, -13.45
197312,  -1.83,   3.95,  -1.33,  -4.47,   2.49
197401,   4.92,  -1.65,   1.51,  -2.56,   1.14
197402,  -0.05,  -0.44,   1.32,  -1.23,   1.02
197403,  -1.74,  -1.96,  -3.40,   1.22,  -3.63
197404,  -3.26,  -4.83,  -4.24,  -1.48,  -6.37
197405,  -0.52,  -4.34,  -3.24,  -0.11,  -8.44
197406,  -1.93,  -1.14,  -1.76,  -1.61,  -5.50
197407, -11.56,  -4.19,  -8.00, -14.15,  -6.61
197408, -10.00,  -9.45,  -3.07,  -8.04, -10.62
197409, -12.45,  -9.79, -11.86, -15.56,  -9.62
197410,  10.32,  17.10,  13.09,  29.58,  20.19
197411,  -4.70,  -4.56,  -4.18,  -1.22,  -2.77
197412,  -2.49,  -2.19,  -2.42,  -3.32,  -4.35
197501,  21.77,  12.52,  13.48,  -0.74,  17.89
197502,   4.66,   5.06,   9.77,  16.04,   2.87
197503,   8.16,   1.81,   0.24,   1.29,   4.15
197504,   3.19,   7.26,   2.97,   0.65,   3.27
197505,   4.04,   6.39,   5.00,   6.52,   5.72
197506,   7.40,   5.36,   2.95,   0.95,   5.95
197507,  -5.09,  -5.22,  -7.45, -12.03,  -6.14
197508,  -2.37,  -0.90,  -3.20,  -3.32,  -5.14
197509,  -2.79,  -3.60,  -1.01,  -6.53,  -6.31
197510,   9.85,   3.56,   7.79,  10.68,   3.91
197511,   4.06,   1.61,   4.74,   5.13,   3.58
197512,  -1.69,  -0.46,  -0.82,  -6.36,  -0.26
197601,  11.68,  12.92,  14.92,   7.73,  12.95
197602,   2.24,  -0.50,   2.04,  -6.53,   3.13
197603,   2.47,   2.88,   2.07,   6.53,   1.98
197604,  -1.55,  -0.07,  -1.56,  -4.30,  -1.55
197605,  -3.60,   0.74,  -0.79,  -2.81,  -1.71
197606,   3.17,   4.21,   6.53,   3.67,   5.40
197607,  -0.50,  -0.75,  -0.96,  -0.38,  -0.05
197608,   0.27,  -0.69,   1.22,   2.17,  -1.14
197609,   2.15,   3.06,   2.40,   3.62,   0.90
197610,  -1.25,  -2.59,  -2.33,  -3.74,  -0.43
197611,   1.86,   0.59,   2.23,  -9.71,   2.08
197612,   5.73,   6.11,   3.69,   6.26,   8.41
197701,  -5.05,  -2.82,  -2.32,  -8.84,  -4.18
197702,  -2.21,  -1.90,   0.02,  -0.21,  -1.72
197703,  -2.43,  -0.81,  -0.44,  -1.79,  -0.09
197704,   0.21,   1.44,  -1.81,  -5.21,   2.14
197705,  -1.31,  -1.31,  -0.29,  -1.88,  -0.86
197706,   4.88,   4.70,   5.34,   9.03,   5.30
197707,  -0.41,  -2.16,  -0.45,  -2.24,  -0.39
197708,   1.06,  -3.12,  -0.62,   3.83,  -1.22
197709,   0.39,   0.16,   0.31,  -0.89,  -0.07
197710,  -3.66,  -3.96,  -3.97,  -1.75,  -4.45
197711,   4.02,   4.04,   4.00,   6.08,   6.50
197712,  -0.60,   0.88,   2.29,   0.62,   0.61
197801,  -6.24,  -6.03,  -4.51,  -1.92,  -5.32
197802,   0.04,  -1.67,  -0.43,  -3.00,  -0.15
197803,   4.39,   3.01,   0.73,   4.17,   5.45
197804,   8.90,   7.62,   8.92,   9.25,   9.37
197805,   2.07,   2.44,   0.85,   5.17,   2.61
197806,  -1.56,  -1.74,  -0.82,   1.14,  -0.33
197807,   4.36,   5.48,   5.73,   8.86,   6.61
197808,   4.24,   3.61,   5.07,   0.99,   6.37
197809,  -1.10,   0.31,  -2.14,  -2.75,  -1.27
197810, -12.21, -10.31,  -8.36, -12.84, -14.09
197811,   1.82,   3.93,   4.24,   5.19,   2.52
197812,   0.32,   1.37,   3.90,   3.41,   1.29
197901,   4.92,   5.38,   4.06,   1.42,   6.09
197902,  -3.80,  -2.32,  -2.29,  -4.52,  -3.25
197903,   5.48,   7.06,   4.73,   5.04,   8.17
197904,   1.25,   0.73,  -0.59,   0.43,   1.51
197905,  -1.63,  -1.70,  -1.21,  -2.64,  -0.31
197906,   3.08,   5.74,   1.02,   4.83,   7.03
197907,   1.80,   1.88,  -0.99,   0.15,   3.32
197908,   7.03,   6.73,   4.28,   8.56,   5.82
197909,  -0.84,   1.40,  -1.98,  -0.55,  -0.69
197910,  -8.56,  -5.97,  -6.76,  -4.34, -10.17
197911,   2.51,   6.85,   6.64,   8.77,   7.03
197912,   3.28,   2.75,   0.60,   2.08,   4.19
198001,   4.31,   8.97,   4.04,  -1.29,   5.54
198002,  -5.29,   3.74,  -2.86,  -4.63,  -3.39
198003,  -8.47, -13.79,  -9.30,  -2.82, -12.27
198004,   3.10,   6.13,   3.08,   4.29,   6.06
198005,   7.72,   5.04,   4.89,   6.96,   8.12
198006,   2.76,   4.19,   1.69,   0.22,   5.10
198007,   9.76,   5.12,  10.16,   8.88,   6.90
198008,   1.57,   2.01,   4.55,   0.27,   2.73
198009,   0.78,   4.01,   0.76,   3.62,   3.81
198010,  -0.72,   3.89,   0.23,  -1.24,   1.64
198011,   2.55,  15.54,   6.68,   8.86,   7.71
198012,  -0.32,  -6.26,  -0.62,   4.59,   0.02
198101,   0.33,  -5.92,  -4.26,  -1.61,  -3.23
198102,   3.66,   1.37,   0.99,   1.85,   1.71
198103,   8.65,   1.89,   3.80,   5.90,   8.42
198104,   1.95,  -3.99,   2.00,   3.03,   0.87
198105,   2.76,  -1.49,   5.15,   3.44,   2.84
198106,  -1.73,   1.81,  -5.20,  -5.58,  -1.38
198107,  -2.16,   2.51,  -2.44,  -3.90,  -2.71
198108,  -6.03,  -5.66,  -5.15,  -7.73,  -5.52
198109,  -2.86,  -9.11,  -1.58,  -1.28,  -5.44
198110,   4.06,   6.45,   5.50,   7.95,   7.16
198111,   2.69,   5.77,   1.93,   3.92,   5.05
198112,  -1.26,  -3.85,  -0.55,  -0.73,  -3.79
198201,  -0.05,  -4.99,   1.99,   1.43,  -3.23
198202,  -1.79,  -6.85,  -5.43,  -1.80,  -3.89
198203,   3.29,  -1.79,  -1.61,  -2.55,  -1.31
198204,   5.68,   3.76,   4.66,   7.39,   3.71
198205,  -2.74,  -1.29,  -3.95,  -3.03,  -5.47
198206,   2.25,  -3.89,  -2.40,  -0.75,  -2.42
198207,  -0.21,  -4.39,   1.41,   0.79,  -3.03
198208,  11.47,  12.05,  12.12,  12.37,  11.36
198209,   3.50,   0.36,   1.11,   1.36,   4.18
198210,  14.23,   8.65,  14.01,   8.20,  15.74
198211,   8.05,   1.17,   9.18,   5.20,   7.64
198212,   0.42,   2.98,   1.46,   0.58,  -1.34
198301,   1.45,   4.29,   9.59,   1.42,   2.80
198302,   5.17,   2.07,   2.38,   2.84,   4.56
198303,   5.46,   2.92,   0.66,   4.52,   4.96
198304,   8.28,   6.99,   6.80,   5.05,   8.31
198305,  -0.72,   1.90,   1.62,  -2.73,   2.43
198306,   6.09,   2.75,   4.45,   6.91,   1.68
198307,  -3.23,  -1.75,  -5.31,  -5.68,  -3.66
198308,  -2.19,   2.84,  -0.22,  -1.01,  -0.82
198309,   3.67,   0.41,   2.18,   1.30,   1.58
198310,  -0.71,  -1.09,  -6.47,  -2.18,  -4.06
198311,   3.61,   2.49,   2.57,  -3.01,   4.71
198312,  -1.63,  -0.65,  -0.17,  -3.58,  -0.87
198401,  -3.85,   1.85,  -3.40,  -0.62,  -1.64
198402,  -5.38,  -2.42,  -5.28,  -2.02,  -4.92
198403,   1.12,   1.49,  -0.01,  -0.67,   2.44
198404,   0.69,   1.26,   0.30,   2.32,  -2.04
198405,  -4.31,  -4.56,  -4.97,  -6.45,  -6.87
198406,   5.54,   0.78,   4.79,   3.86,   2.22
198407,   0.14,  -3.13,  -1.21,  -3.76,  -1.82
198408,   9.50,  11.66,  12.17,  10.43,  11.18
198409,   0.42,   0.48,  -2.37,  -4.42,   2.19
198410,   0.82,  -0.45,  -0.57,   1.65,   0.73
198411,  -1.76,  -0.26,  -2.94,  -0.08,  -0.30
198412,   2.48,   1.45,   3.19,   2.74,   3.73
198501,   9.21,   6.48,  10.85,   8.31,   9.82
198502,   2.06,   2.11,  -0.34,   3.59,   2.13
198503,  -0.03,   0.48,  -3.09,   3.07,  -0.16
198504,  -1.68,   0.87,  -2.39,  -1.76,   1.42
198505,   8.05,   4.24,   3.92,   9.45,   6.33
198506,   2.01,   1.37,   0.70,   2.29,   2.97
198507,  -1.84,   0.28,   1.68,  -0.47,  -0.18
198508,  -0.65,   0.31,  -1.66,  -0.82,  -0.49
198509,  -2.69,  -3.62,  -4.57,  -3.92,  -4.96
198510,   4.09,   4.73,   3.32,   3.18,   6.40
198511,   8.69,   4.97,   8.29,   9.74,   7.43
198512,   5.55,   2.73,   7.67,   3.52,   4.49
198601,   1.83,   0.11,  -1.29,   1.06,   3.56
198602,   9.72,   7.17,   5.61,   6.13,   8.38
198603,   8.21,   4.43,   0.97,  12.05,   5.77
198604,  -0.61,  -1.79,   3.52,   0.70,  -2.62
198605,   7.80,   4.82,   2.00,   7.29,   4.66
198606,   3.55,   0.77,  -1.34,   5.64,   1.50
198607,  -8.02,  -3.70,  -6.74,  -5.35,  -6.45
198608,   3.38,   8.93,   6.94,   4.00,   6.84
198609,  -9.28,  -6.04,  -7.82, -12.59,  -8.87
198610,   7.72,   5.12,   1.84,   7.99,   4.22
198611,   2.12,   2.13,   3.68,   1.35,  -0.68
198612,  -4.08,  -1.98,  -3.68,  -1.23,  -2.53
198701,  14.65,  13.01,  12.94,  13.16,  11.10
198702,   6.49,   1.49,   6.64,  11.26,   4.68
198703,   2.26,   4.10,   2.28,   0.15,  -0.33
198704,  -1.27,  -1.83,   2.50,  -2.45,  -4.11
198705,   0.52,   0.52,   1.09,   1.25,  -0.03
198706,   5.52,   4.98,   1.85,   4.78,   4.64
198707,   6.05,   4.14,   2.51,   5.78,   3.59
198708,   4.07,   2.80,   6.71,   2.21,   4.33
198709,  -4.38,  -1.30,  -0.79,  -2.57,  -1.80
198710, -25.00, -20.90, -21.46, -20.45, -23.68
198711,  -8.29,  -5.86,  -9.49,  -9.30,  -6.60
198712,   8.15,   7.25,   8.98,   5.36,   5.39
198801,   4.23,   4.49,   1.88,   6.37,   6.33
198802,   7.49,   4.41,   5.11,   4.19,   4.32
198803,  -2.07,  -0.80,  -4.42,  -2.56,  -1.34
198804,   1.21,   1.93,   1.93,  -2.00,  -0.36
198805,  -0.29,   0.48,  -0.01,  -0.25,   0.94
198806,   5.72,   4.07,   7.03,   2.67,   6.03
198807,   0.25,  -0.52,  -2.95,   0.55,  -0.61
198808,  -2.29,  -2.77,  -5.96,  -1.06,  -0.88
198809,   6.68,   1.84,   4.69,   3.80,   4.13
198810,   4.88,   1.41,   1.31,   1.20,   0.01
198811,  -1.68,  -1.34,  -1.70,  -2.15,  -2.17
198812,   2.24,   2.34,   3.20,   1.81,   0.91
198901,   6.23,   6.11,   7.67,   6.79,   6.84
198902,  -1.87,  -1.85,  -2.67,  -1.16,  -0.48
198903,   3.29,   1.69,  -0.55,   4.93,   3.54
198904,   4.72,   4.37,   7.37,   5.42,   4.61
198905,   4.80,   3.78,   4.16,   3.41,   4.24
198906,   0.10,  -0.96,  -1.53,  -2.75,   0.79
198907,   9.72,   6.31,   6.23,  13.90,   8.16
198908,   0.94,   3.01,   1.58,   0.39,   3.22
198909,  -1.94,  -1.02,   0.97,   2.42,   1.39
198910,  -3.61,  -1.98,  -3.05,   0.38,  -4.87
198911,   1.05,   3.32,   0.41,   4.57,  -0.08
198912,   0.84,   4.13,   2.89,   1.04,  -1.60
199001,  -7.47,  -5.60,  -8.25,  -7.31,  -9.00
199002,   1.25,   2.15,   1.65,  -2.08,   2.51
199003,   4.55,   1.71,   4.35,   3.84,  -0.38
199004,  -1.51,  -3.56,  -2.71,   0.30,  -3.42
199005,   9.84,   6.99,  10.73,  12.80,   9.17
199006,   1.24,  -0.67,  -3.09,   4.42,  -1.72
199007,  -2.49,   2.39,  -5.85,   2.58,  -3.57
199008, -10.14,  -8.00, -11.19,  -6.78, -11.32
199009,  -6.69,  -4.32,  -2.22,  -4.37, -10.07
199010,  -0.29,  -0.44,   0.08,   1.41,  -6.43
199011,   7.67,   4.50,   6.16,   9.49,  10.65
199012,   3.45,   1.99,   2.71,   2.79,   5.50
199101,   6.93,   2.31,   7.07,   4.55,   7.47
199102,   9.54,   6.32,   4.95,   9.90,   9.74
199103,   5.84,   1.43,   1.70,   5.44,   3.07
199104,   0.02,   0.91,  -0.95,  -1.14,   1.34
199105,   6.38,   3.55,   1.07,   4.70,   4.99
199106,  -4.63,  -3.71,  -5.29,  -4.21,  -5.24
199107,   4.89,   3.80,   3.89,   8.51,   4.73
199108,   3.91,   2.16,   1.78,   2.94,   3.19
199109,  -3.15,  -0.57,  -0.50,  -0.33,  -0.65
199110,  -1.26,   1.56,   1.95,   6.53,   2.27
199111,  -1.47,  -4.39,  -4.56,  -2.52,  -5.41
199112,  13.39,   7.64,   9.53,  16.61,  12.75
199201,  -0.56,  -0.82,   2.00,  -5.45,   2.00
199202,   2.78,   0.79,   1.38,  -2.73,   3.08
199203,  -1.21,  -1.37,  -3.20,  -5.53,  -2.16
199204,  -0.18,   4.37,   2.71,  -2.30,   0.58
199205,   0.52,   0.94,  -1.18,   1.11,   1.48
199206,  -1.88,  -2.46,  -1.56,  -4.78,  -0.05
199207,   3.79,   4.36,   4.17,   5.80,   3.11
199208,  -0.93,  -1.41,  -2.77,  -3.36,  -3.47
199209,   2.16,   1.17,   2.65,  -4.98,   3.43
199210,   1.36,  -0.42,   0.79,   3.34,   2.97
199211,   5.57,   1.43,   5.15,   4.84,   6.12
199212,   0.66,   1.82,   2.75,  -1.35,   3.82
199301,   0.71,   1.25,   3.10,  -6.86,   3.37
199302,  -1.64,   3.75,   2.63,  -9.00,   0.37
199303,   1.82,   2.51,   2.75,   0.73,   3.79
199304,  -7.34,   0.24,  -3.30,   1.29,  -3.27
199305,   3.81,   1.63,   6.46,   3.59,   1.64
199306,  -1.06,   0.36,   2.09,  -2.96,   2.29
199307,  -0.49,   0.54,  -0.88,  -5.99,   2.06
199308,   3.56,   3.69,   5.83,   3.02,   3.46
199309,  -0.79,  -0.84,   0.40,   0.86,   1.79
199310,   5.75,   0.65,   2.02,   5.92,  -2.36
199311,   0.64,  -2.01,  -3.03,   0.97,  -2.83
199312,   0.51,   2.56,   1.25,   2.33,   2.53
199401,   1.41,   3.45,   3.47,   1.81,   4.37
199402,  -0.50,  -2.11,  -1.75,  -5.60,  -3.87
199403,  -4.76,  -4.15,  -3.77,  -6.74,  -4.23
199404,   0.52,   1.40,  -0.15,   2.27,   1.35
199405,  -1.75,   0.18,   1.83,   4.28,   3.04
199406,  -2.44,  -2.73,  -2.53,  -3.43,  -2.56
199407,   2.19,   4.40,   3.49,   1.10,   2.70
199408,   4.43,   2.83,   5.41,  10.85,   3.51
199409,  -1.90,  -1.98,  -0.78,   1.72,  -4.25
199410,   1.25,   2.27,   3.98,   0.88,   0.05
199411,  -2.89,  -4.22,  -3.54,   0.44,  -5.17
199412,  -0.05,   2.13,   1.79,   0.57,   1.41
199501,   0.62,   1.06,   1.25,   6.18,   4.71
199502,   3.14,   4.37,   4.52,   2.26,   4.85
199503,   2.93,   2.85,   2.77,   2.80,   1.90
199504,   0.33,   2.68,   5.59,   3.00,   1.77
199505,   3.91,   3.92,   2.22,   1.63,   4.49
199506,   2.86,   0.44,   7.59,   4.50,   2.21
199507,   2.42,   2.55,   6.86,   5.52,   4.76
199508,  -0.74,  -0.29,   1.54,   1.04,   3.73
199509,   3.88,   2.73,   2.99,   7.37,   4.50
199510,  -2.80,  -1.35,   0.93,   1.04,  -2.04
199511,   5.32,   5.14,   0.62,   4.99,   6.12
199512,   0.85,   3.07,  -1.14,   5.92,   1.06
199601,   1.62,   2.19,   2.03,   6.02,   3.54
199602,   3.47,   0.27,   2.99,  -1.10,   2.15
199603,   2.69,   3.03,  -2.89,   0.24,   1.80
199604,   2.38,   1.30,   7.40,  -0.61,   0.25
199605,   4.92,   1.71,   2.54,   3.89,   1.51
199606,  -0.18,   0.86,  -3.03,  -0.24,  -0.25
199607,  -5.54,  -4.46,  -7.77,  -6.28,  -4.26
199608,   2.47,   3.12,   2.50,   4.32,   3.90
199609,   3.31,   4.68,   7.82,   7.36,   5.15
199610,   0.36,   2.92,  -1.49,  -0.85,   3.95
199611,   4.47,   5.36,   9.98,   6.61,   7.48
199612,  -1.55,  -0.04,  -1.09,  -2.59,  -1.83
199701,   3.11,   3.69,   7.28,   9.54,   6.05
199702,   3.14,  -1.03,  -4.61,   0.93,   2.60
199703,  -3.46,  -1.50,  -6.33,  -7.48,  -5.83
199704,   3.93,   3.04,   6.19,   6.11,   5.07
199705,   5.99,   7.10,   9.18,   6.99,   6.14
199706,   4.12,   3.98,   1.98,   8.88,   5.25
199707,   5.69,   6.66,  12.09,   2.10,   9.28
199708,  -3.78,  -3.55,  -1.71,  -6.11,  -4.78
199709,   5.37,   4.26,   5.02,   6.62,   8.04
199710,  -2.74,  -3.98,  -5.38,   0.10,  -2.76
199711,   4.91,   2.63,   4.07,   2.82,   2.97
199712,   2.11,   0.73,  -1.67,   3.53,   5.14
199801,  -0.81,  -1.63,   5.20,   5.68,  -1.93
199802,   8.21,   6.38,   7.82,   5.51,   8.25
199803,   6.21,   5.10,   3.98,   3.57,   5.96
199804,  -1.49,   1.25,   2.48,   1.91,   1.96
199805,   2.43,  -2.65,  -5.44,  -2.50,  -3.07
199806,   4.14,  -0.29,   6.98,   6.17,   3.22
199807,  -3.23,  -5.89,   1.52,  -0.26,  -1.86
199808, -14.36, -10.86, -15.80, -12.35, -21.46
199809,   1.32,   4.74,  13.55,  12.04,   2.78
199810,  10.86,   6.40,   6.45,   3.87,   9.02
199811,   7.72,   2.48,   9.17,   6.19,   6.11
199812,   4.91,   1.64,  14.95,   5.00,   3.45
199901,   0.25,  -1.90,  13.29,   0.22,   0.95
199902,  -2.74,  -2.52,  -9.06,   0.18,   0.02
199903,   0.56,   5.76,   5.64,   2.52,   2.44
199904,   2.75,  10.44,   3.79,  -5.53,   6.69
199905,  -1.57,  -1.71,  -0.25,  -2.03,  -3.91
199906,   4.25,   1.73,   9.99,   4.49,   3.01
199907,  -4.16,  -0.45,  -1.76,  -4.43,  -5.95
199908,  -4.72,   0.16,   1.74,   3.71,  -5.08
199909,  -2.89,  -3.50,   0.90,  -7.07,  -4.52
199910,   4.55,   3.62,   4.42,  10.77,  11.54
199911,   1.54,  -0.89,  10.59,   1.51,  -2.48
199912,   2.90,   6.64,  16.45,  -5.65,   1.37
200001,  -7.92,  -4.93,  -4.89,   7.59,  -4.77
200002,  -5.23,  -4.63,  13.22,  -2.75,  -7.38
200003,  10.98,   8.13,   4.83,   0.16,  14.39
200004,  -2.21,   1.53,  -9.96,   5.26,  -2.85
200005,  -0.60,   1.25, -10.76,   3.96,   3.36
200006,  -1.32,  -2.53,  11.06,  11.55,  -3.11
200007,   0.02,  -0.87,  -5.60,  -6.47,   5.34
200008,  -1.51,   8.48,  10.18,   3.46,   9.24
200009,   2.28,  -0.36, -12.99,   3.71,   0.25
200010,   1.86,   0.69,  -6.20,   2.08,  -1.29
200011,  -0.73,  -1.86, -21.71,   0.75,  -6.02
200012,   5.08,   7.09,  -7.29,   3.51,   7.13
200101,   3.84,  -3.42,  15.69,  -8.51,   0.07
200102,  -3.06,  -1.15, -22.72,  -0.55,  -4.30
200103,  -3.56,  -3.12, -11.93,  -8.57,  -4.51
200104,   4.23,   7.89,  14.10,   4.23,   6.09
200105,   1.90,   1.21,  -2.80,   2.81,   3.63
200106,  -1.61,  -5.74,   0.36,  -3.07,  -0.08
200107,   2.78,  -1.14,  -5.77,   2.31,  -2.20
200108,  -4.17,  -1.95, -11.76,  -3.09,  -5.35
200109,  -7.77,  -9.57, -14.34,  -0.60,  -8.00
200110,   1.41,   3.70,   7.80,   1.24,  -0.97
200111,   7.36,   2.93,  13.25,   5.03,   7.30
200112,   3.07,   3.76,   0.14,  -2.82,   3.67
200201,   2.24,  -0.77,  -2.11,  -2.41,  -1.68
200202,   1.64,   3.80, -10.51,  -0.46,  -0.25
200203,   3.15,   6.63,   4.83,   0.54,   5.18
200204,   0.12,  -2.08, -12.06,  -7.52,  -2.82
200205,  -0.35,  -1.65,  -2.03,  -2.27,  -0.52
200206,  -5.63,  -2.76, -12.62,  -9.68,  -5.16
200207,  -9.68, -10.07, -10.29,  -2.57,  -6.38
200208,   1.90,   0.05,  -0.65,   0.63,   1.14
200209,  -8.86,  -8.72, -14.75,  -5.88, -10.60
200210,   4.82,   2.87,  20.16,   5.67,   6.37
200211,   1.40,   4.59,  15.00,   3.78,   4.21
200212,  -4.38,  -1.31, -11.97,  -4.07,  -4.79
200301,  -4.32,  -3.51,  -2.19,  -0.61,  -2.38
200302,  -2.16,  -1.36,  -0.95,  -1.96,  -2.70
200303,   1.24,   1.85,  -0.88,   3.79,   1.04
200304,   7.61,   4.55,   9.78,   4.39,  11.63
200305,   5.70,   6.67,   8.89,   3.94,   5.23
200306,   2.70,   0.13,   0.75,   4.15,   0.91
200307,   1.61,   0.99,   3.56,   0.48,   3.59
200308,   4.44,   4.31,   4.80,  -2.82,   0.64
200309,  -2.50,  -2.06,  -2.09,   0.29,   0.26
200310,   7.75,   5.60,   7.93,   0.87,   6.34
200311,   1.83,   1.50,   1.25,   1.83,   1.15
200312,   0.93,   8.40,   3.43,   5.65,   4.27
200401,   0.18,   0.01,   3.76,   3.09,   2.90
200402,   4.92,   2.70,  -2.35,   0.90,   2.13
200403,   0.04,   0.03,  -2.40,  -3.92,  -0.64
200404,  -0.81,   0.09,  -3.83,   3.52,  -3.81
200405,  -0.68,   1.27,   2.88,  -0.41,   1.73
200406,   1.02,   4.84,   2.23,  -0.50,   1.32
200407,  -4.81,  -1.12,  -6.71,  -5.92,  -2.35
200408,  -0.56,   0.90,  -3.07,   1.64,   1.88
200409,   0.87,   3.85,   2.92,  -1.40,   1.11
200410,   2.46,   0.13,   4.73,  -2.44,   1.10
200411,   4.29,   6.62,   5.23,   0.68,   4.72
200412,   4.08,   1.02,   3.38,   5.66,   4.43
200501,  -1.09,   0.26,  -5.83,  -4.08,  -2.18
200502,   0.70,   8.50,  -0.04,   2.44,   0.15
200503,  -0.91,  -1.78,  -1.96,  -0.47,  -2.37
200504,  -4.10,  -3.86,  -3.86,   3.95,  -1.60
200505,   5.03,   2.41,   6.53,   1.48,   3.24
200506,   0.88,   2.26,  -1.21,  -0.59,   1.42
200507,   4.58,   5.42,   5.41,   3.72,   2.42
200508,  -3.33,   1.47,  -0.56,  -0.31,  -1.68
200509,  -1.29,   3.71,   0.17,  -1.92,   1.28
200510,  -0.21,  -6.11,  -2.05,  -3.27,   1.36
200511,   2.76,   2.81,   5.64,   1.58,   4.93
200512,  -0.28,   1.07,  -1.86,   2.39,   0.12
200601,   1.54,   7.34,   4.03,   2.17,   1.59
200602,   1.23,  -2.43,  -0.10,   1.07,   0.97
200603,   2.04,   2.21,   2.64,  -0.96,   1.86
200604,  -0.43,   3.91,  -0.55,  -1.96,   2.13
200605,  -0.36,  -2.62,  -5.51,  -2.18,  -3.25
200606,   0.40,   1.09,  -0.48,  -0.12,  -0.37
200607,  -1.40,   0.82,  -2.30,   4.14,  -0.90
200608,   2.55,   0.19,   6.13,   2.33,   1.72
200609,   3.19,  -0.80,   3.59,   1.53,   3.23
200610,   3.61,   4.84,   4.33,   1.71,   2.98
200611,  -0.08,   5.15,   2.43,   0.06,   1.61
200612,   1.49,  -0.30,   0.30,   0.15,   3.21
200701,   2.79,   1.16,   2.23,   3.50,   1.05
200702,  -0.93,   0.41,  -2.45,  -2.85,  -2.28
200703,   1.31,   3.51,   1.20,  -0.25,  -0.24
200704,   3.07,   4.57,   4.14,   6.80,   3.30
200705,   2.62,   4.92,   4.71,   1.14,   3.18
200706,  -1.34,  -0.87,  -0.03,  -3.40,  -2.74
200707,  -4.95,  -1.03,  -1.63,  -3.99,  -5.33
200708,   1.39,   0.73,   1.88,   2.27,   1.17
200709,   1.30,   5.98,   3.63,   3.53,   2.66
200710,   1.55,   2.55,   4.42,   1.54,   0.20
200711,  -2.32,  -2.96,  -7.26,   0.03,  -5.98
200712,  -1.96,   3.37,   1.06,  -3.98,  -3.47
200801,  -2.76,  -7.96, -11.24,  -4.60,  -2.08
200802,  -2.90,   2.39,  -3.65,  -0.93,  -7.87
200803,   1.20,  -1.05,   0.48,  -1.77,  -1.92
200804,   2.60,   7.40,   6.02,   0.44,   3.47
200805,   2.04,   3.71,   5.44,   1.63,  -2.35
200806,  -8.54,  -3.14,  -9.34,  -3.01, -14.64
200807,   1.53,  -7.84,  -1.17,   6.73,   4.30
200808,   3.62,   0.57,   2.77,   1.80,   0.41
200809,  -4.77, -12.71, -12.48,  -5.96,  -6.00
200810, -15.20, -17.64, -17.66, -11.03, -19.80
200811,  -6.88,  -3.10,  -8.61,  -7.35, -12.40
200812,   3.00,  -0.77,   2.51,   6.74,   0.76
200901,  -6.84,  -5.44,  -5.11,  -2.21, -17.81
200902,  -5.32, -12.91,  -5.53,  -9.95, -14.53
200903,   8.59,   5.23,  10.51,   7.06,  13.01
200904,   9.00,   9.36,  11.65,  -0.90,  16.17
200905,   2.03,   7.24,   2.57,   6.20,   7.23
200906,   0.29,  -1.88,   3.88,   3.59,  -2.02
200907,   7.66,   7.78,   7.54,   5.49,   9.16
200908,   2.45,   1.68,   1.94,   2.21,   7.70
200909,   3.10,   5.24,   5.49,   2.39,   3.14
200910,  -0.25,  -0.86,  -1.95,  -3.72,  -5.38
200911,   4.86,   5.44,   5.20,   8.23,   5.66
200912,   2.44,   2.09,   6.08,   2.47,   0.73
201001,  -1.97,  -4.07,  -7.60,  -0.02,  -0.54
201002,   3.86,   3.32,   4.37,   0.38,   3.64
201003,   6.32,   4.78,   6.89,   3.63,   8.10
201004,   1.52,   3.44,   2.52,  -2.18,   1.83
201005,  -5.76,  -8.74,  -7.37,  -8.06,  -8.76
201006,  -6.53,  -5.15,  -5.67,  -1.67,  -6.52
201007,   6.46,   8.50,   7.80,   2.14,   6.81
201008,  -3.30,  -3.80,  -5.52,  -1.66,  -7.10
201009,   9.82,   8.66,  11.48,   9.01,   8.51
201010,   3.61,   4.40,   6.00,   1.98,   2.03
201011,   2.76,   2.39,  -0.99,  -3.34,   0.50
201012,   4.08,   7.27,   6.12,   5.44,   9.23
201101,  -1.34,   4.30,   3.08,  -0.72,   2.10
201102,   2.84,   4.85,   3.47,   3.32,   2.94
201103,   1.89,   1.82,  -0.76,   2.29,  -1.08
201104,   4.36,   2.58,   3.17,   6.34,   1.06
201105,   0.97,  -2.57,  -1.18,   1.95,  -2.64
201106,  -0.98,  -1.21,  -2.21,  -1.88,  -2.12
201107,  -1.38,  -2.11,  -1.54,  -3.66,  -3.66
201108,  -2.87,  -6.62,  -6.41,  -3.16,  -8.15
201109,  -5.13,  -9.86,  -5.02,  -3.95, -11.10
201110,   9.41,  13.48,  10.87,   5.54,  13.59
201111,   0.44,   1.60,  -1.51,   1.30,  -2.03
201112,   1.12,   0.02,  -0.43,   3.51,   1.46
201201,   3.35,   2.95,   7.11,   3.41,   7.23
201202,   3.67,   4.38,   6.25,   1.26,   4.21
201203,   4.05,  -0.66,   4.16,   3.94,   4.90
201204,   0.24,  -0.63,  -1.31,   0.61,  -1.66
201205,  -3.29,  -7.67,  -6.34,  -3.25,  -7.73
201206,   2.09,   3.21,   3.86,   6.83,   4.89
201207,   1.23,   2.06,   0.83,   1.63,  -1.23
201208,   1.81,   1.74,   3.93,   0.98,   3.12
201209,   1.66,   2.53,   2.04,   4.69,   3.79
201210,  -0.78,  -0.80,  -5.44,  -1.91,   0.91
201211,   2.26,   0.02,   1.14,   1.50,  -0.37
201212,  -0.90,   1.80,   0.54,  -0.53,   3.67
201301,   5.22,   6.40,   2.96,   8.08,   6.76
201302,   1.66,   1.21,   1.05,   1.32,   1.41
201303,   4.79,   2.91,   3.42,   6.51,   4.18
201304,   3.19,   0.70,   1.36,   2.60,   0.83
201305,   1.12,   1.49,   2.95,   1.62,   5.92
201306,  -0.03,  -1.69,  -1.73,  -1.37,  -1.19
201307,   5.05,   5.54,   5.17,   8.08,   5.69
201308,  -3.84,  -2.30,  -0.91,  -3.68,  -3.64
201309,   3.77,   3.36,   3.93,   4.16,   3.83
201310,   4.60,   4.42,   4.25,   3.56,   3.90
201311,   2.67,   1.41,   2.79,   4.49,   4.79
201312,   1.12,   2.88,   3.98,   0.62,   3.10
201401,  -5.95,  -4.10,  -1.93,   1.88,  -4.37
201402,   4.91,   5.10,   4.58,   6.48,   3.49
201403,   0.71,   1.45,  -0.45,  -2.56,   1.98
201404,   0.06,   3.04,  -0.74,  -0.41,  -1.97
201405,   1.85,   0.89,   3.54,   1.87,   1.86
201406,   1.53,   3.00,   2.59,   2.90,   2.45
201407,  -3.24,  -4.31,   0.36,  -0.30,  -2.27
201408,   5.22,   3.99,   3.36,   5.54,   4.12
201409,  -1.71,  -4.55,  -1.37,  -0.22,  -1.13
201410,   2.97,   0.85,   1.43,   5.90,   3.44
201411,   6.30,  -1.95,   3.90,   2.52,   2.49
201412,   0.08,   0.44,  -1.38,  -0.82,   1.17
201501,  -0.71,  -3.00,  -3.69,   1.59,  -6.36
201502,   5.62,   3.70,   8.39,   4.24,   7.21
201503,  -0.50,  -1.88,  -2.39,   0.76,  -0.59
201504,  -1.05,   1.66,   1.90,  -1.42,   0.62
201505,   1.14,  -1.22,   1.64,   4.91,   1.74
201506,  -0.92,  -3.10,  -2.93,   0.16,   0.03
201507,   4.34,  -3.22,   2.21,   3.49,   1.82
201508,  -5.00,  -4.76,  -6.33,  -8.37,  -6.18
201509,  -1.48,  -3.93,  -1.69,  -6.95,  -3.06
201510,   5.47,   8.67,   9.96,   7.50,   6.60
201511,   0.35,  -0.14,   0.59,   0.57,   1.38
201512,   0.14,  -4.58,  -2.70,   0.29,  -2.67
201601,  -3.30,  -3.36,  -4.85, -10.13,  -8.77
201602,   0.52,   1.28,  -0.48,  -0.98,  -0.43
201603,   5.81,   8.15,   7.89,   3.96,   7.16
201604,  -0.15,   3.54,  -3.12,   4.95,   2.39
201605,   0.73,   0.01,   4.08,   2.41,   1.20
201606,   1.76,   2.71,  -0.71,  -0.16,  -3.07
201607,   2.48,   1.16,   6.46,   6.16,   3.75
201608,  -1.00,   0.40,   0.76,  -3.14,   3.30
201609,  -1.42,   1.13,   1.93,   0.58,  -1.10
201610,  -2.53,  -2.30,  -1.52,  -7.52,   0.74
201611,   1.44,   5.40,   1.79,   2.40,  11.64
201612,   1.32,   1.53,   1.77,   0.72,   2.97
201701,   1.42,   0.60,   4.32,   2.03,   0.95
201702,   3.00,   2.21,   3.85,   7.00,   3.68
201703,   0.80,  -0.19,   1.86,   0.04,  -1.66
201704,   1.82,   0.30,   2.12,   0.91,   0.30
201705,   2.08,   0.27,   3.12,  -0.26,  -0.52
201706,  -1.22,   0.24,  -2.12,   5.54,   4.41
201707,  -0.06,   2.31,   3.97,   0.70,   1.36
201708,  -1.54,  -0.72,   1.98,   2.59,  -0.64
201709,   1.66,   4.65,   0.29,   2.09,   4.57
201710,   1.70,   2.20,   4.72,  -2.26,   2.08
201711,   5.90,   3.11,   1.52,   2.46,   3.91
201712,   2.02,   1.58,   0.59,  -0.15,   1.41
201801,   6.35,   2.46,   7.06,   6.38,   5.78
201802,  -5.26,  -6.00,  -1.21,  -3.49,  -3.28
201803,  -2.31,   0.11,  -3.07,  -2.41,  -2.63
201804,   1.09,   1.38,  -0.53,  -0.04,   0.62
201805,   0.59,   2.36,   5.67,   2.37,   1.34
201806,   3.31,   0.11,   0.50,   1.48,  -0.97
201807,   2.75,   3.36,   2.49,   5.92,   3.81
201808,   4.68,  -0.83,   6.59,   4.50,   2.27
201809,   0.32,   1.53,   0.12,   2.08,  -1.45
201810,  -6.01,  -8.65,  -7.62,  -8.79,  -6.74
201811,   2.08,   2.47,  -0.93,   6.42,   2.81
201812,  -9.88,  -9.06,  -8.23,  -8.25, -10.94
201901,   8.10,   8.96,   8.70,   5.32,   9.80
201902,   1.09,   4.16,   5.39,   3.30,   2.96
201903,   2.85,   0.72,   3.32,   0.50,  -1.47
201904,   4.11,   2.43,   5.87,  -3.16,   6.63
201905,  -6.35,  -8.25,  -7.72,  -3.40,  -6.17
201906,   6.88,   7.27,   7.63,   6.83,   6.64
201907,   1.17,  -0.39,   3.26,  -2.18,   1.86
201908,  -0.64,  -2.21,  -2.17,  -0.64,  -4.69
201909,   1.34,   3.83,   1.18,  -0.98,   2.06
201910,   0.98,  -0.74,   3.04,   4.68,   3.11
201911,   2.20,   1.55,   4.83,   5.61,   5.07
201912,   2.24,   3.02,   3.39,   3.46,   2.41
202001,   1.01,  -3.02,   2.62,  -1.99,  -1.45
202002,  -7.38, -10.26,  -6.83,  -5.36,  -9.93
202003,  -9.82, -19.25, -10.31,  -5.09, -19.35
202004,  15.76,  12.62,  14.61,  13.48,  11.08
202005,   4.26,   4.55,   7.59,   4.15,   4.08
202006,   3.90,   0.17,   4.93,  -1.45,   0.16
202007,   9.35,   3.42,   6.77,   4.39,   3.53
202008,  10.21,   3.01,   9.93,   2.35,   6.90
202009,  -4.05,  -2.37,  -4.87,  -1.46,  -2.93
202010,  -2.73,   0.02,  -2.09,  -4.40,  -1.58
202011,  11.47,  12.94,  11.18,   9.86,  15.87
202012,   4.01,   2.62,   5.15,   4.70,   5.54
202101,   0.64,  -0.95,   0.16,   3.43,  -2.82
202102,  -2.07,   5.91,   1.84,  -1.28,   9.71
202103,   5.31,   7.33,   0.81,  -0.08,   5.69
202104,   5.89,   2.50,   6.07,   2.97,   5.63
202105,  -1.76,   2.49,  -0.82,  -0.11,   2.87
202106,   2.37,  -0.02,   6.23,   4.39,  -2.48
202107,   0.07,  -0.17,   3.10,   2.92,  -0.42
202108,   1.71,   0.80,   4.36,   2.85,   2.59
202109,  -3.28,  -2.84,  -6.16,  -6.01,  -2.26
202110,   8.63,   6.01,   6.74,   2.25,   7.25
202111,   0.51,  -1.85,   0.35,  -4.29,  -4.96
202112,   1.54,   5.86,   1.94,   6.62,   4.88
202201,  -7.48,  -0.86,  -7.86,  -8.77,  -3.22
202202,  -2.25,   0.83,  -4.56,  -1.00,  -0.97
202203,   4.36,   4.68,   2.82,   5.13,   1.00
202204,  -8.55,  -3.99, -12.45,  -6.88,  -8.98
202205,  -4.29,   4.66,  -1.24,   0.96,   0.66
202206,  -7.41, -10.77,  -8.17,  -2.01,  -9.76
202207,  13.99,   8.44,  10.75,   2.77,   8.69
202208,  -3.30,  -0.91,  -5.06,  -5.03,  -2.62
202209,  -7.62, -10.90, -11.61,  -1.91,  -8.05
202210,   3.71,  13.50,   5.45,   8.80,  11.66
202211,   2.34,   6.17,   5.02,   5.35,   5.99
202212,  -9.43,  -2.64,  -7.83,  -1.74,  -5.37
202301,   9.10,   3.61,  10.01,  -1.03,   7.32
202302,  -1.95,  -3.91,  -0.77,  -4.29,  -2.68
202303,   2.78,   0.85,   9.52,   2.49,  -5.00
202304,  -0.10,   0.71,   0.31,   4.12,   1.83
202305,   0.64,  -6.67,   6.98,  -3.67,  -2.65
202306,   8.98,   7.96,   5.83,   4.66,   7.44
202307,   2.36,   4.15,   4.10,  -0.11,   5.24
202308,  -1.82,  -1.82,  -1.58,  -0.22,  -3.35
202309,  -4.94,  -3.95,  -5.82,  -4.71,  -3.41
202310,  -3.43,  -3.05,  -1.68,  -4.58,  -2.53
202311,   7.88,   5.22,  11.65,   5.87,  10.41
202312,   5.48,   3.86,   4.56,   6.90,   6.54
