,Mkt-RF,SMB,HML,RF
1926-07-01,2.96,-2.56,-2.43,0.22
1926-08-01,2.64,-1.17,3.82,0.25
1926-09-01,0.36,-1.4,0.13,0.23
1926-10-01,-3.24,-0.09,0.7,0.32
1926-11-01,2.53,-0.1,-0.51,0.31
1926-12-01,2.62,-0.03,-0.05,0.28
1927-01-01,-0.06,-0.37,4.54,0.25
1927-02-01,4.18,0.04,2.94,0.26
1927-03-01,0.13,-1.65,-2.61,0.3
1927-04-01,0.46,0.3,0.81,0.25
1927-05-01,5.44,1.53,4.73,0.3
1927-06-01,-2.34,0.59,-1.73,0.26
1927-07-01,7.26,-3.25,-1.14,0.3
1927-08-01,1.97,-0.69,-3.74,0.28
1927-09-01,4.76,-3.63,-0.63,0.21
1927-10-01,-4.31,2.12,-4.33,0.25
1927-11-01,6.58,2.72,-0.27,0.21
1927-12-01,2.09,0.97,-1.13,0.22
1928-01-01,-0.68,4.26,-0.75,0.25
1928-02-01,-1.7,-2.06,-0.65,0.33
1928-03-01,8.81,-0.26,-1.22,0.29
1928-04-01,4.23,3.98,3.44,0.22
1928-05-01,1.52,2.85,-3.27,0.32
1928-06-01,-4.85,-3.52,-0.03,0.31
1928-07-01,0.62,-1.32,-0.5,0.32
1928-08-01,6.68,-2.06,-2.15,0.32
1928-09-01,2.88,2.41,0.86,0.27
1928-10-01,1.33,2.22,-2.16,0.41
1928-11-01,11.81,-1.78,2.7,0.38
1928-12-01,0.36,-0.86,-0.65,0.06
1929-01-01,4.66,-3.56,-1.24,0.34
1929-02-01,-0.34,-0.38,1.66,0.36
1929-03-01,-0.89,-4.71,1.58,0.34
1929-04-01,1.43,-0.97,0.59,0.36
1929-05-01,-6.39,-5.37,-1.42,0.44
1929-06-01,9.7,-2.17,-2.79,0.52
1929-07-01,4.46,-3.88,2.71,0.33
1929-08-01,8.18,-9.59,0.13,0.4
1929-09-01,-5.47,1.19,-0.65,0.35
1929-10-01,-20.12,-4.01,7.78,0.46
1929-11-01,-12.74,-1.72,5.05,0.37
1929-12-01,1.33,-4.5,-0.54,0.37
1930-01-01,5.61,3.55,-0.96,0.14
1930-02-01,2.5,0.19,0.2,0.3
1930-03-01,7.1,3.41,0.33,0.35
1930-04-01,-2.06,-0.35,-0.35,0.21
1930-05-01,-1.66,-2.01,-0.73,0.26
1930-06-01,-16.27,-3.38,2.33,0.27
1930-07-01,4.12,-0.28,-1.75,0.2
1930-08-01,0.3,-2.1,-0.61,0.09
1930-09-01,-12.75,-2.21,-4.96,0.22
1930-10-01,-8.78,-0.12,-1.38,0.09
1930-11-01,-3.04,2.23,-3.66,0.13
1930-12-01,-7.83,-4.6,-5.25,0.14
1931-01-01,6.24,3.45,7.12,0.15
1931-02-01,10.88,3.59,1.92,0.04
1931-03-01,-6.43,2.98,-3.44,0.13
1931-04-01,-9.98,-4.45,-3.82,0.08
1931-05-01,-13.24,5.35,-6.57,0.09
1931-06-01,13.9,-5.32,11.29,0.08
1931-07-01,-6.62,1.42,-2.11,0.06
1931-08-01,0.41,-1.95,-1.47,0.03
1931-09-01,-29.13,0.54,-6.77,0.03
1931-10-01,8.04,-1.87,1.7,0.1
1931-11-01,-9.08,4.31,-5.04,0.17
1931-12-01,-13.53,-0.55,-8.85,0.12
1932-01-01,-1.58,3.93,9.03,0.23
1932-02-01,5.46,-2.78,-1.46,0.23
1932-03-01,-11.21,2.27,-2.32,0.16
1932-04-01,-17.96,1.45,1.43,0.11
1932-05-01,-20.51,3.91,-2.98,0.06
1932-06-01,-0.7,0.33,5.3,0.02
1932-07-01,33.84,-4.59,35.61,0.03
1932-08-01,37.06,13.41,34.24,0.03
1932-09-01,-2.94,-2.08,-7.36,0.03
1932-10-01,-13.17,-2.56,-10.33,0.02
1932-11-01,-5.88,2.0,-13.11,0.02
1932-12-01,4.4,-8.64,-7.72,0.01
1933-01-01,1.25,0.63,6.36,0.01
1933-02-01,-15.24,-2.58,-2.95,-0.03
1933-03-01,3.29,3.79,7.54,0.04
1933-04-01,38.85,3.07,19.65,0.1
1933-05-01,21.43,36.56,19.19,0.04
1933-06-01,13.11,8.42,-1.78,0.02
1933-07-01,-9.63,-1.05,3.27,0.02
1933-08-01,12.05,-5.39,3.0,0.03
1933-09-01,-10.65,-0.4,-11.74,0.02
1933-10-01,-8.36,-0.2,-8.57,0.01
1933-11-01,9.97,-6.47,2.32,0.02
1933-12-01,1.83,0.63,-1.56,0.02
1934-01-01,12.6,12.69,15.59,0.05
1934-02-01,-2.5,5.1,2.0,0.02
1934-03-01,0.09,2.51,-2.7,0.02
1934-04-01,-1.79,2.73,-3.73,0.01
1934-05-01,-7.25,-0.29,-5.89,0.01
1934-06-01,2.64,-2.23,-2.96,0.01
1934-07-01,-10.96,-6.95,-10.7,0.01
1934-08-01,5.58,5.37,0.09,0.01
1934-09-01,-0.23,-1.52,-1.2,0.01
1934-10-01,-1.66,1.24,-5.08,0.01
1934-11-01,8.33,6.48,-2.15,0.01
1934-12-01,0.36,3.06,-3.14,0.01
1935-01-01,-3.45,1.07,-1.9,0.01
1935-02-01,-1.94,0.37,-7.44,0.02
1935-03-01,-3.68,-3.59,-5.12,0.01
1935-04-01,9.06,-1.47,4.47,0.01
1935-05-01,3.47,-3.34,2.65,0.01
1935-06-01,5.93,-2.57,-1.69,0.01
1935-07-01,7.51,1.88,6.93,0.01
1935-08-01,2.65,6.2,6.08,0.01
1935-09-01,2.63,1.53,-4.07,0.01
1935-10-01,7.03,2.72,-2.37,0.01
1935-11-01,4.88,4.54,12.06,0.02
1935-12-01,4.56,0.17,0.95,0.01
1936-01-01,6.89,5.23,10.34,0.01
1936-02-01,2.49,0.95,4.51,0.01
1936-03-01,0.99,0.69,-1.44,0.02
1936-04-01,-8.14,-6.06,-2.15,0.02
1936-05-01,5.19,0.91,2.61,0.02
1936-06-01,2.4,-3.2,-1.2,0.03
1936-07-01,6.67,1.0,2.4,0.01
1936-08-01,0.99,0.6,3.82,0.02
1936-09-01,0.98,3.08,0.9,0.01
1936-10-01,7.12,-2.43,2.47,0.02
1936-11-01,3.27,8.77,-1.21,0.01
1936-12-01,0.21,3.96,4.3,0.0
1937-01-01,3.35,4.34,2.61,0.01
1937-02-01,1.09,1.05,4.83,0.02
1937-03-01,-0.27,-1.69,6.5,0.01
1937-04-01,-7.36,-3.83,-3.66,0.03
1937-05-01,-0.83,-0.68,-3.48,0.06
1937-06-01,-4.21,-3.76,-3.33,0.03
1937-07-01,8.91,0.89,0.81,0.03
1937-08-01,-4.86,0.44,-2.25,0.02
1937-09-01,-13.61,-6.98,-4.57,0.04
1937-10-01,-9.61,0.41,-1.55,0.02
1937-11-01,-8.31,-3.6,0.15,0.02
1937-12-01,-4.24,-7.74,-0.4,0.0
1938-01-01,0.49,4.84,-1.61,0.0
1938-02-01,5.84,0.4,-2.02,0.0
1938-03-01,-23.82,-4.34,-3.54,-0.01
1938-04-01,14.51,6.46,0.23,0.01
1938-05-01,-3.83,-2.51,-0.27,0.0
1938-06-01,23.87,4.3,0.32,0.0
1938-07-01,7.34,6.64,2.2,-0.01
1938-08-01,-2.67,-2.45,-4.72,0.0
1938-09-01,0.81,-2.73,-1.62,0.02
1938-10-01,7.8,5.81,5.03,0.01
1938-11-01,-1.72,-2.57,-1.22,-0.06
1938-12-01,4.19,-1.82,0.53,0.0
1939-01-01,-5.96,-1.55,-3.94,-0.01
1939-02-01,3.51,0.63,2.95,0.01
1939-03-01,-11.99,-4.75,-8.31,-0.01
1939-04-01,-0.18,1.67,-0.3,0.0
1939-05-01,6.8,2.8,0.49,0.01
1939-06-01,-5.31,-1.01,-5.42,0.01
1939-07-01,10.24,4.32,-0.03,0.0
1939-08-01,-6.68,-4.61,-2.42,-0.01
1939-09-01,16.88,20.24,22.22,0.01
1939-10-01,-0.53,-0.01,-4.89,0.0
1939-11-01,-3.62,-5.07,-6.46,0.0
1939-12-01,3.03,0.79,-4.06,0.0
1940-01-01,-2.41,0.21,-0.81,0.0
1940-02-01,1.44,2.51,-0.33,0.0
1940-03-01,2.05,1.25,-1.27,0.0
1940-04-01,0.22,3.92,-0.13,0.0
1940-05-01,-21.95,-6.66,-3.69,-0.02
1940-06-01,6.67,-2.13,4.62,0.0
1940-07-01,3.16,1.01,-0.74,0.01
1940-08-01,2.19,-0.11,0.56,-0.01
1940-09-01,2.39,3.22,-1.13,0.0
1940-10-01,3.02,0.28,4.64,0.0
1940-11-01,-1.61,1.94,0.12,0.0
1940-12-01,0.69,-2.15,-0.89,0.0
1941-01-01,-4.17,1.0,3.83,-0.01
1941-02-01,-1.43,-1.56,0.89,-0.01
1941-03-01,0.84,0.1,3.04,0.01
1941-04-01,-5.46,-1.68,3.41,-0.01
1941-05-01,1.39,-0.65,0.6,0.0
1941-06-01,5.83,1.32,0.59,0.0
1941-07-01,5.87,5.71,7.25,0.03
1941-08-01,-0.17,-0.42,-1.1,0.01
1941-09-01,-0.87,-0.99,-0.28,0.01
1941-10-01,-5.25,-2.02,1.63,0.0
1941-11-01,-1.92,-1.21,-0.64,0.0
1941-12-01,-4.87,-2.99,-5.94,0.01
1942-01-01,0.79,7.53,10.1,0.02
1942-02-01,-2.46,1.72,-1.13,0.01
1942-03-01,-6.58,1.77,-0.62,0.01
1942-04-01,-4.37,-0.6,2.09,0.01
1942-05-01,5.94,-3.05,-2.65,0.03
1942-06-01,2.69,-1.22,0.54,0.02
1942-07-01,3.51,-0.15,2.4,0.03
1942-08-01,1.8,-0.09,1.35,0.03
1942-09-01,2.61,0.63,2.35,0.03
1942-10-01,6.82,1.75,6.39,0.03
1942-11-01,0.15,-1.5,-4.21,0.03
1942-12-01,5.12,-2.51,0.58,0.03
1943-01-01,7.13,8.8,8.18,0.03
1943-02-01,6.15,4.75,6.4,0.03
1943-03-01,6.01,4.99,5.48,0.03
1943-04-01,0.81,2.05,5.82,0.03
1943-05-01,5.74,4.35,3.25,0.03
1943-06-01,1.82,-1.02,-0.7,0.03
1943-07-01,-4.77,-2.39,-2.29,0.03
1943-08-01,1.3,-0.6,-0.43,0.03
1943-09-01,2.4,1.29,1.43,0.03
1943-10-01,-1.15,0.58,1.64,0.03
1943-11-01,-5.91,-1.65,-4.02,0.03
1943-12-01,6.36,3.34,3.24,0.03
1944-01-01,1.74,2.55,2.16,0.03
1944-02-01,0.37,-0.1,0.84,0.03
1944-03-01,2.46,1.73,3.43,0.02
1944-04-01,-1.69,-1.37,-1.14,0.03
1944-05-01,5.07,1.68,1.04,0.03
1944-06-01,5.49,4.01,1.75,0.03
1944-07-01,-1.49,0.58,-0.42,0.03
1944-08-01,1.57,2.33,-1.49,0.03
1944-09-01,0.01,0.49,-1.16,0.02
1944-10-01,0.16,-0.15,-0.33,0.03
1944-11-01,1.71,0.36,2.38,0.03
1944-12-01,4.03,2.25,5.91,0.02
1945-01-01,2.01,2.46,0.67,0.03
1945-02-01,6.23,1.55,4.34,0.02
1945-03-01,-3.89,-1.6,-1.74,0.02
1945-04-01,7.8,0.32,3.24,0.03
1945-05-01,1.73,1.52,0.36,0.03
1945-06-01,0.39,3.12,4.21,0.02
1945-07-01,-2.17,-1.52,-2.62,0.03
1945-08-01,6.2,1.5,-4.27,0.03
1945-09-01,4.77,1.7,0.42,0.03
1945-10-01,3.89,2.38,2.13,0.03
1945-11-01,5.39,4.31,3.96,0.02
1945-12-01,1.2,2.1,-2.28,0.03
1946-01-01,6.24,3.91,2.48,0.03
1946-02-01,-5.83,-0.71,-1.46,0.03
1946-03-01,5.87,0.29,-0.54,0.03
1946-04-01,4.23,2.35,0.32,0.03
1946-05-01,3.93,1.46,1.28,0.03
1946-06-01,-3.89,-1.58,-0.39,0.03
1946-07-01,-2.69,-2.07,0.07,0.03
1946-08-01,-6.44,-1.84,0.55,0.03
1946-09-01,-10.17,-4.4,-1.92,0.03
1946-10-01,-1.44,0.1,3.46,0.03
1946-11-01,-0.01,-0.44,1.47,0.03
1946-12-01,4.96,0.08,-1.36,0.03
1947-01-01,1.25,2.2,-0.73,0.03
1947-02-01,-1.08,0.68,0.15,0.03
1947-03-01,-1.67,-1.62,0.61,0.03
1947-04-01,-4.8,-3.96,0.85,0.03
1947-05-01,-0.97,-3.26,0.33,0.03
1947-06-01,5.29,-0.3,-0.59,0.03
1947-07-01,4.14,1.43,2.82,0.03
1947-08-01,-1.74,0.32,0.18,0.03
1947-09-01,-0.54,1.64,1.36,0.06
1947-10-01,2.47,0.51,0.07,0.06
1947-11-01,-1.97,-1.71,1.1,0.06
1947-12-01,3.0,-2.46,3.71,0.08
1948-01-01,-3.93,2.5,1.39,0.07
1948-02-01,-4.38,-1.72,0.07,0.07
1948-03-01,8.07,0.14,4.5,0.09
1948-04-01,3.65,-1.65,4.11,0.08
1948-05-01,7.3,0.91,-1.27,0.08
1948-06-01,-0.1,-1.82,2.81,0.09
1948-07-01,-5.09,-0.33,0.14,0.08
1948-08-01,0.25,-1.11,0.28,0.09
1948-09-01,-2.97,-1.23,-1.71,0.04
1948-10-01,5.96,-1.5,0.58,0.04
1948-11-01,-9.3,-0.6,-4.13,0.04
1948-12-01,3.26,-2.82,-1.94,0.04
1949-01-01,0.23,1.77,1.23,0.1
1949-02-01,-2.93,-1.9,-0.86,0.09
1949-03-01,4.04,2.5,1.29,0.1
1949-04-01,-1.87,-0.89,-1.13,0.09
1949-05-01,-2.94,-0.79,-2.37,0.1
1949-06-01,0.1,-0.91,-1.65,0.1
1949-07-01,5.54,0.55,0.37,0.09
1949-08-01,2.6,0.2,-0.55,0.09
1949-09-01,3.09,1.0,0.19,0.09
1949-10-01,3.14,1.04,-0.48,0.09
1949-11-01,1.82,-1.02,-0.96,0.08
1949-12-01,5.13,2.06,1.77,0.09
1950-01-01,1.7,3.33,0.12,0.09
1950-02-01,1.48,0.03,-0.79,0.09
1950-03-01,1.26,-1.44,-2.81,0.1
1950-04-01,3.94,1.94,1.3,0.09
1950-05-01,4.31,-2.1,0.46,0.1
1950-06-01,-5.94,-2.34,-0.7,0.1
1950-07-01,1.36,0.69,13.56,0.1
1950-08-01,4.85,0.76,-1.5,0.1
1950-09-01,4.81,0.49,-1.07,0.1
1950-10-01,-0.18,-0.47,1.3,0.12
1950-11-01,2.76,-0.89,3.33,0.11
1950-12-01,5.54,1.47,7.36,0.11
1951-01-01,5.7,1.76,3.64,0.13
1951-02-01,1.41,0.08,-2.85,0.1
1951-03-01,-2.15,-0.77,-4.1,0.11
1951-04-01,4.86,-1.45,3.27,0.13
1951-05-01,-2.34,0.0,-1.37,0.12
1951-06-01,-2.62,-2.06,-3.75,0.12
1951-07-01,6.94,-1.99,2.06,0.13
1951-08-01,4.27,0.99,-0.13,0.13
1951-09-01,0.7,1.87,0.63,0.12
1951-10-01,-2.53,-0.22,0.23,0.16
1951-11-01,0.57,-0.32,-0.06,0.11
1951-12-01,3.33,-2.26,-1.59,0.12
1952-01-01,1.45,-0.61,1.55,0.15
1952-02-01,-2.62,0.82,-0.61,0.12
1952-03-01,4.44,-2.99,2.17,0.11
1952-04-01,-4.97,0.46,-0.1,0.12
1952-05-01,3.2,-1.0,0.04,0.13
1952-06-01,3.83,-1.64,1.24,0.15
1952-07-01,0.91,-0.4,-0.35,0.15
1952-08-01,-0.76,1.15,0.01,0.15
1952-09-01,-2.03,1.11,-1.52,0.16
1952-10-01,-0.66,-1.05,-0.46,0.14
1952-11-01,5.94,-0.72,0.97,0.1
1952-12-01,2.93,-1.48,0.19,0.16
1953-01-01,-0.34,3.61,1.32,0.16
1953-02-01,-0.27,2.15,-0.09,0.14
1953-03-01,-1.43,-0.22,-0.85,0.18
1953-04-01,-2.83,0.3,1.57,0.16
1953-05-01,0.52,-0.07,0.23,0.17
1953-06-01,-1.89,-1.87,-0.47,0.18
1953-07-01,2.4,-1.0,-0.22,0.15
1953-08-01,-4.52,0.29,-3.53,0.17
1953-09-01,0.2,-0.84,-2.44,0.16
1953-10-01,4.6,-1.35,-0.25,0.13
1953-11-01,2.83,-1.3,-0.15,0.08
1953-12-01,0.03,-0.85,-2.84,0.13
1954-01-01,5.13,0.48,3.44,0.11
1954-02-01,1.67,-0.19,-0.29,0.07
1954-03-01,3.65,-0.54,-1.5,0.08
1954-04-01,4.27,-3.44,-0.34,0.09
1954-05-01,3.09,0.41,2.45,0.05
1954-06-01,1.07,0.38,0.01,0.06
1954-07-01,4.99,1.06,4.13,0.05
1954-08-01,-2.34,2.69,-1.38,0.05
1954-09-01,6.39,-2.53,0.68,0.09
1954-10-01,-1.67,0.62,0.67,0.07
1954-11-01,9.38,-2.62,4.4,0.06
1954-12-01,5.48,2.12,5.66,0.08
1955-01-01,0.6,0.36,2.14,0.08
1955-02-01,3.02,1.59,0.58,0.09
1955-03-01,-0.16,-0.74,1.97,0.1
1955-04-01,3.11,-1.62,0.68,0.1
1955-05-01,0.93,-0.28,-0.96,0.14
1955-06-01,6.55,-4.65,1.84,0.1
1955-07-01,1.9,-1.17,0.35,0.1
1955-08-01,0.21,-0.44,0.72,0.16
1955-09-01,-0.36,0.35,-0.99,0.16
1955-10-01,-2.68,1.48,-0.15,0.18
1955-11-01,7.03,-2.22,0.33,0.17
1955-12-01,1.49,2.16,-2.3,0.18
1956-01-01,-3.03,0.37,0.95,0.22
1956-02-01,3.77,-0.98,-0.43,0.19
1956-03-01,6.64,-2.09,-0.46,0.15
1956-04-01,0.28,0.01,-0.24,0.19
1956-05-01,-5.2,1.45,-1.31,0.23
1956-06-01,3.48,-1.48,-1.13,0.2
1956-07-01,4.84,-1.66,-0.04,0.22
1956-08-01,-3.18,1.89,-0.74,0.17
1956-09-01,-5.14,1.57,1.76,0.18
1956-10-01,0.52,-0.1,-0.06,0.25
1956-11-01,0.36,-0.21,1.78,0.2
1956-12-01,3.16,-0.01,-2.15,0.24
1957-01-01,-3.58,3.37,2.81,0.27
1957-02-01,-2.06,-0.72,-0.72,0.24
1957-03-01,2.13,0.26,-0.48,0.23
1957-04-01,4.26,-1.59,-1.45,0.25
1957-05-01,3.45,-1.05,-2.1,0.26
1957-06-01,-0.74,0.54,0.01,0.24
1957-07-01,0.66,-0.76,0.43,0.3
1957-08-01,-5.11,0.05,-0.41,0.25
1957-09-01,-5.98,0.08,0.92,0.26
1957-10-01,-4.32,-2.52,-1.8,0.29
1957-11-01,2.3,0.4,-2.87,0.28
1957-12-01,-3.91,-0.98,-1.62,0.24
1958-01-01,4.66,4.39,4.19,0.28
1958-02-01,-1.52,0.65,0.33,0.12
1958-03-01,3.27,0.65,-0.97,0.09
1958-04-01,3.09,-0.62,1.61,0.08
1958-05-01,2.31,2.16,-0.26,0.11
1958-06-01,2.93,-0.19,0.4,0.03
1958-07-01,4.39,0.47,3.06,0.07
1958-08-01,1.91,1.18,0.36,0.04
1958-09-01,4.66,0.12,2.85,0.19
1958-10-01,2.53,1.09,-1.18,0.18
1958-11-01,3.01,1.97,-1.18,0.11
1958-12-01,5.15,-2.03,0.03,0.22
1959-01-01,0.71,3.02,2.91,0.21
1959-02-01,0.95,1.46,1.16,0.19
1959-03-01,0.28,1.49,-0.34,0.22
1959-04-01,3.66,-0.6,-1.23,0.2
1959-05-01,1.73,-2.16,1.79,0.22
1959-06-01,-0.25,0.67,1.31,0.25
1959-07-01,3.17,-0.3,0.23,0.25
1959-08-01,-1.39,-0.76,0.44,0.19
1959-09-01,-4.8,-0.09,0.55,0.31
1959-10-01,1.28,1.44,-2.1,0.3
1959-11-01,1.6,1.23,-3.21,0.26
1959-12-01,2.45,-0.58,-0.07,0.34
1960-01-01,-6.98,2.09,2.78,0.33
1960-02-01,1.17,0.51,-1.93,0.29
1960-03-01,-1.63,-0.49,-2.94,0.35
1960-04-01,-1.71,0.32,-2.28,0.19
1960-05-01,3.12,1.21,-3.7,0.27
1960-06-01,2.08,-0.21,-0.34,0.24
1960-07-01,-2.37,-0.51,1.98,0.13
1960-08-01,3.01,0.87,-0.18,0.17
1960-09-01,-5.99,-1.11,1.62,0.16
1960-10-01,-0.71,-4.08,2.83,0.22
1960-11-01,4.69,0.4,-2.43,0.13
1960-12-01,4.71,-1.55,-0.81,0.16
1961-01-01,6.2,0.64,3.72,0.19
1961-02-01,3.57,3.93,-0.66,0.14
1961-03-01,2.89,3.3,-0.73,0.2
1961-04-01,0.29,0.07,2.12,0.17
1961-05-01,2.4,2.01,0.37,0.18
1961-06-01,-3.08,-2.49,-0.14,0.2
1961-07-01,2.83,-1.9,-0.09,0.18
1961-08-01,2.57,-1.75,-0.28,0.14
1961-09-01,-2.15,-1.07,-0.61,0.17
1961-10-01,2.57,-1.65,0.15,0.19
1961-11-01,4.45,1.26,-1.23,0.15
1961-12-01,-0.18,-0.85,1.79,0.19
1962-01-01,-3.87,1.77,5.13,0.24
1962-02-01,1.81,-1.15,0.82,0.2
1962-03-01,-0.68,0.52,-1.38,0.2
1962-04-01,-6.59,-0.7,0.03,0.22
1962-05-01,-8.65,-3.34,2.77,0.24
1962-06-01,-8.47,-0.59,2.55,0.2
1962-07-01,6.28,1.52,-3.41,0.27
1962-08-01,2.13,1.22,-1.2,0.23
1962-09-01,-5.22,-2.42,1.28,0.21
1962-10-01,-0.05,-3.97,1.3,0.25
1962-11-01,10.87,2.61,0.95,0.2
1962-12-01,1.01,-3.8,0.36,0.23
1963-01-01,4.93,3.08,2.21,0.25
1963-02-01,-2.38,0.48,2.18,0.23
1963-03-01,3.08,-2.59,2.06,0.23
1963-04-01,4.51,-1.34,1.0,0.25
1963-05-01,1.76,1.13,2.54,0.24
1963-06-01,-2.0,-0.27,0.75,0.23
1963-07-01,-0.39,-0.45,-0.97,0.27
1963-08-01,5.07,-0.98,1.8,0.25
1963-09-01,-1.57,-0.33,0.13,0.27
1963-10-01,2.53,-0.58,-0.1,0.29
1963-11-01,-0.85,-1.17,1.75,0.27
1963-12-01,1.83,-2.16,-0.02,0.29
1964-01-01,2.24,-0.11,1.48,0.3
1964-02-01,1.54,0.11,2.81,0.26
1964-03-01,1.41,0.87,3.4,0.31
1964-04-01,0.1,-1.35,-0.67,0.29
1964-05-01,1.42,-0.86,1.86,0.26
1964-06-01,1.27,-0.12,0.62,0.3
1964-07-01,1.74,0.24,0.75,0.3
1964-08-01,-1.44,0.16,0.08,0.28
1964-09-01,2.69,-0.54,1.7,0.28
1964-10-01,0.59,0.42,1.17,0.29
1964-11-01,0.0,0.69,-1.96,0.29
1964-12-01,0.03,-0.35,-2.48,0.31
1965-01-01,3.54,2.7,0.12,0.28
1965-02-01,0.44,3.55,0.11,0.3
1965-03-01,-1.34,1.89,1.03,0.36
1965-04-01,3.11,1.1,0.66,0.31
1965-05-01,-0.77,0.11,-1.61,0.31
1965-06-01,-5.51,-4.34,0.59,0.35
1965-07-01,1.43,0.89,2.2,0.31
1965-08-01,2.73,2.84,-1.0,0.33
1965-09-01,2.86,0.64,-0.13,0.31
1965-10-01,2.6,2.52,1.56,0.31
1965-11-01,-0.03,4.68,0.15,0.35
1965-12-01,1.01,2.06,2.03,0.33
1966-01-01,0.72,3.84,3.56,0.38
1966-02-01,-1.21,4.4,0.33,0.35
1966-03-01,-2.51,0.99,-1.98,0.38
1966-04-01,2.14,3.43,-0.46,0.34
1966-05-01,-5.66,-4.6,-1.63,0.41
1966-06-01,-1.44,1.03,0.5,0.38
1966-07-01,-1.63,-0.36,0.95,0.35
1966-08-01,-7.91,-3.27,0.43,0.41
1966-09-01,-1.06,-1.04,0.56,0.4
1966-10-01,3.86,-6.52,2.69,0.45
1966-11-01,1.4,4.24,-4.69,0.4
1966-12-01,0.13,1.97,-1.19,0.4
1967-01-01,8.15,8.32,2.27,0.43
1967-02-01,0.78,3.35,-2.22,0.36
1967-03-01,3.99,1.55,0.37,0.39
1967-04-01,3.89,0.63,-2.48,0.32
1967-05-01,-4.33,1.9,1.09,0.33
1967-06-01,2.41,5.93,0.85,0.27
1967-07-01,4.58,3.12,2.73,0.31
1967-08-01,-0.89,0.42,1.44,0.31
1967-09-01,3.11,3.06,-2.5,0.32
1967-10-01,-3.09,1.46,-3.3,0.39
1967-11-01,0.37,0.21,-1.7,0.36
1967-12-01,3.05,5.73,-0.53,0.33
1968-01-01,-4.06,3.92,4.8,0.4
1968-02-01,-3.75,-2.94,1.28,0.39
1968-03-01,0.2,-1.34,-0.59,0.38
1968-04-01,9.05,5.68,-1.13,0.43
1968-05-01,2.28,6.4,0.85,0.45
1968-06-01,0.69,-0.19,0.73,0.43
1968-07-01,-2.72,-1.36,5.39,0.48
1968-08-01,1.34,2.34,1.01,0.42
1968-09-01,4.03,2.8,0.3,0.43
1968-10-01,0.42,-0.48,2.86,0.44
1968-11-01,5.43,2.34,-0.92,0.42
1968-12-01,-3.94,3.37,-0.01,0.43
1969-01-01,-1.25,-0.74,1.67,0.53
1969-02-01,-5.84,-3.92,0.91,0.46
1969-03-01,2.64,-0.3,-0.51,0.46
1969-04-01,1.46,-0.86,-0.03,0.53
1969-05-01,-0.1,-0.21,0.7,0.48
1969-06-01,-7.18,-5.37,-1.08,0.51
1969-07-01,-7.0,-3.24,1.2,0.53
1969-08-01,4.68,0.93,-3.79,0.5
1969-09-01,-2.98,1.18,-3.27,0.62
1969-10-01,5.06,3.91,-3.16,0.6
1969-11-01,-3.79,-2.58,-1.19,0.52
1969-12-01,-2.63,-3.71,-2.86,0.64
1970-01-01,-8.1,2.93,3.13,0.6
1970-02-01,5.13,-2.58,3.93,0.62
1970-03-01,-1.06,-2.32,3.99,0.57
1970-04-01,-11.0,-6.15,6.18,0.5
1970-05-01,-6.92,-4.59,3.33,0.53
1970-06-01,-5.79,-2.13,0.6,0.58
1970-07-01,6.93,-0.5,0.9,0.52
1970-08-01,4.49,1.52,1.15,0.53
1970-09-01,4.18,8.59,-5.47,0.54
1970-10-01,-2.28,-4.21,0.22,0.46
1970-11-01,4.6,-3.94,1.69,0.46
1970-12-01,5.72,2.92,1.0,0.42
1971-01-01,4.84,7.36,1.33,0.38
1971-02-01,1.41,1.86,-1.23,0.33
1971-03-01,4.13,2.62,-3.95,0.3
1971-04-01,3.15,-0.49,0.69,0.28
1971-05-01,-3.98,-1.04,-1.44,0.29
1971-06-01,-0.1,-1.47,-1.87,0.37
1971-07-01,-4.5,-1.48,0.02,0.4
1971-08-01,3.79,-0.17,2.63,0.47
1971-09-01,-0.85,0.51,-2.91,0.37
1971-10-01,-4.42,-1.76,-0.48,0.37
1971-11-01,-0.46,-2.77,-1.68,0.37
1971-12-01,8.71,3.29,-0.4,0.37
1972-01-01,2.49,5.85,2.24,0.29
1972-02-01,2.87,1.3,-2.79,0.25
1972-03-01,0.63,-0.24,-1.61,0.27
1972-04-01,0.29,0.11,0.12,0.29
1972-05-01,1.25,-2.69,-2.7,0.3
1972-06-01,-2.43,0.27,-2.48,0.29
1972-07-01,-0.8,-2.87,0.66,0.31
1972-08-01,3.26,-4.03,4.54,0.29
1972-09-01,-1.14,-2.65,0.46,0.34
1972-10-01,0.52,-2.73,1.34,0.4
1972-11-01,4.6,-1.2,4.85,0.37
1972-12-01,0.62,-1.95,-2.19,0.37
1973-01-01,-3.29,-3.49,2.68,0.44
1973-02-01,-4.85,-3.87,1.6,0.41
1973-03-01,-1.3,-2.82,2.62,0.46
1973-04-01,-5.68,-3.85,5.41,0.52
1973-05-01,-2.94,-6.3,0.41,0.51
1973-06-01,-1.57,-2.86,1.2,0.51
1973-07-01,5.05,7.97,-5.31,0.64
1973-08-01,-3.82,-2.13,1.24,0.7
1973-09-01,4.75,3.04,2.01,0.68
1973-10-01,-0.83,-0.45,1.94,0.65
1973-11-01,-12.75,-7.67,3.87,0.56
1973-12-01,0.61,-5.35,3.85,0.64
1974-01-01,-0.17,9.68,6.02,0.63
1974-02-01,-0.47,-0.18,2.81,0.58
1974-03-01,-2.81,2.6,-0.32,0.56
1974-04-01,-5.29,-0.74,0.85,0.75
1974-05-01,-4.68,-2.96,-2.02,0.75
1974-06-01,-2.83,-0.17,0.77,0.6
1974-07-01,-8.05,0.84,5.16,0.7
1974-08-01,-9.35,-0.73,2.64,0.6
1974-09-01,-11.77,0.27,5.58,0.81
1974-10-01,16.1,-3.46,-9.87,0.51
1974-11-01,-4.51,-1.21,-0.2,0.54
1974-12-01,-3.45,-4.83,0.11,0.7
1975-01-01,13.66,11.14,8.28,0.58
1975-02-01,5.56,0.16,-4.44,0.43
1975-03-01,2.66,3.78,2.38,0.41
1975-04-01,4.23,-0.65,-1.14,0.44
1975-05-01,5.19,3.83,-4.1,0.44
1975-06-01,4.83,0.87,1.38,0.41
1975-07-01,-6.59,2.7,1.69,0.48
1975-08-01,-2.85,-3.25,-0.95,0.48
1975-09-01,-4.26,-0.1,0.39,0.53
1975-10-01,5.31,-4.03,0.28,0.56
1975-11-01,2.64,-1.2,2.03,0.41
1975-12-01,-1.6,-0.78,1.69,0.48
1976-01-01,12.16,4.81,8.63,0.47
1976-02-01,0.32,7.06,5.87,0.34
1976-03-01,2.32,-1.16,-0.12,0.4
1976-04-01,-1.49,-0.11,-0.16,0.42
1976-05-01,-1.34,-1.23,-1.36,0.37
1976-06-01,4.05,-1.32,0.71,0.43
1976-07-01,-1.07,0.29,1.73,0.47
1976-08-01,-0.56,-2.0,0.81,0.42
1976-09-01,2.07,-0.02,-0.29,0.44
1976-10-01,-2.42,0.22,-0.18,0.41
1976-11-01,0.36,2.32,1.51,0.4
1976-12-01,5.65,3.03,2.27,0.4
1977-01-01,-4.05,4.76,4.27,0.36
1977-02-01,-1.94,1.04,0.47,0.35
1977-03-01,-1.37,1.0,1.09,0.38
1977-04-01,0.15,-0.12,3.38,0.38
1977-05-01,-1.45,1.18,0.85,0.37
1977-06-01,4.71,2.09,-0.74,0.4
1977-07-01,-1.69,2.16,-0.56,0.42
1977-08-01,-1.75,1.48,-2.7,0.44
1977-09-01,-0.27,1.34,-0.52,0.43
1977-10-01,-4.38,1.25,1.75,0.49
1977-11-01,4.0,3.73,0.26,0.5
1977-12-01,0.27,1.32,-0.29,0.49
1978-01-01,-6.01,2.24,3.36,0.49
1978-02-01,-1.38,3.59,0.83,0.46
1978-03-01,2.85,3.49,1.18,0.53
1978-04-01,7.88,0.45,-3.54,0.54
1978-05-01,1.76,4.56,-0.52,0.51
1978-06-01,-1.69,1.66,0.57,0.54
1978-07-01,5.11,0.23,-1.15,0.56
1978-08-01,3.75,5.06,-0.51,0.56
1978-09-01,-1.43,-0.43,1.89,0.62
1978-10-01,-11.91,-9.86,1.38,0.68
1978-11-01,2.71,2.97,-2.15,0.7
1978-12-01,0.88,1.29,-2.13,0.78
1979-01-01,4.23,3.62,2.19,0.77
1979-02-01,-3.56,0.45,1.17,0.73
1979-03-01,5.68,3.26,-0.71,0.81
1979-04-01,-0.06,2.15,1.12,0.8
1979-05-01,-2.21,0.21,1.31,0.82
1979-06-01,3.85,1.17,1.44,0.81
1979-07-01,0.82,1.28,1.86,0.77
1979-08-01,5.53,2.05,-1.58,0.77
1979-09-01,-0.82,-0.27,-0.9,0.83
1979-10-01,-8.1,-3.37,-1.84,0.87
1979-11-01,5.21,2.87,-3.29,0.99
1979-12-01,1.79,4.17,-2.1,0.95
1980-01-01,5.51,1.62,1.75,0.8
1980-02-01,-1.22,-1.85,0.61,0.89
1980-03-01,-12.9,-6.64,-1.01,1.21
1980-04-01,3.97,1.05,1.06,1.26
1980-05-01,5.26,2.13,0.38,0.81
1980-06-01,3.06,1.66,-0.76,0.61
1980-07-01,6.49,4.14,-6.41,0.53
1980-08-01,1.8,3.92,-2.6,0.64
1980-09-01,2.19,0.98,-4.59,0.75
1980-10-01,1.06,2.47,-2.76,0.95
1980-11-01,9.59,-3.36,-8.33,0.96
1980-12-01,-4.52,-0.26,2.79,1.31
1981-01-01,-5.04,2.92,6.72,1.04
1981-02-01,0.57,-0.34,1.02,1.07
1981-03-01,3.56,3.54,0.64,1.21
1981-04-01,-2.11,4.4,2.28,1.08
1981-05-01,0.11,2.0,-0.42,1.15
1981-06-01,-2.36,-0.83,5.13,1.35
1981-07-01,-1.54,-2.19,-0.5,1.24
1981-08-01,-7.04,-1.95,4.76,1.28
1981-09-01,-7.17,-2.65,5.17,1.24
1981-10-01,4.92,2.23,-4.21,1.21
1981-11-01,3.36,-1.03,1.83,1.07
1981-12-01,-3.65,1.2,0.81,0.87
1982-01-01,-3.24,-1.28,3.19,0.8
1982-02-01,-5.86,0.44,6.05,0.92
1982-03-01,-1.87,-0.21,3.81,0.98
1982-04-01,3.27,1.47,-2.7,1.13
1982-05-01,-3.99,0.52,1.75,1.06
1982-06-01,-3.09,-0.4,1.53,0.96
1982-07-01,-3.19,0.83,0.09,1.05
1982-08-01,11.14,-4.14,0.95,0.76
1982-09-01,1.29,2.95,0.28,0.51
1982-10-01,11.3,2.34,-3.66,0.59
1982-11-01,4.67,4.67,-1.87,0.63
1982-12-01,0.55,-0.22,-0.02,0.67
1983-01-01,3.6,2.73,-0.75,0.69
1983-02-01,2.59,3.27,0.7,0.62
1983-03-01,2.82,1.73,2.02,0.63
1983-04-01,6.67,0.5,0.49,0.71
1983-05-01,0.52,6.24,-1.4,0.69
1983-06-01,3.07,0.95,-3.9,0.67
1983-07-01,-4.07,1.5,5.62,0.74
1983-08-01,-0.5,-4.28,5.54,0.76
1983-09-01,0.91,0.61,1.01,0.76
1983-10-01,-3.44,-3.57,4.97,0.76
1983-11-01,2.16,2.01,-0.72,0.7
1983-12-01,-1.78,-0.27,1.73,0.73
1984-01-01,-1.92,-0.38,7.58,0.76
1984-02-01,-4.82,-1.69,3.33,0.71
1984-03-01,0.63,0.07,0.46,0.73
1984-04-01,-0.51,-1.16,1.2,0.81
1984-05-01,-5.97,0.06,0.31,0.78
1984-06-01,1.82,-0.3,-2.66,0.75
1984-07-01,-2.74,-2.21,0.36,0.82
1984-08-01,10.28,-0.24,-1.82,0.83
1984-09-01,-0.8,0.17,5.28,0.86
1984-10-01,-0.84,-1.23,0.45,1.0
1984-11-01,-1.76,-0.65,4.06,0.73
1984-12-01,1.84,-0.56,-0.26,0.64
1985-01-01,7.99,3.31,-5.35,0.65
1985-02-01,1.22,0.79,-0.1,0.58
1985-03-01,-0.84,-1.08,4.07,0.62
1985-04-01,-0.96,0.14,3.72,0.72
1985-05-01,5.09,-2.22,-0.96,0.66
1985-06-01,1.27,0.52,0.38,0.55
1985-07-01,-0.74,2.84,-1.62,0.62
1985-08-01,-1.02,-0.3,2.32,0.55
1985-09-01,-4.54,-1.59,1.29,0.6
1985-10-01,4.02,-1.51,0.75,0.65
1985-11-01,6.48,0.25,-2.85,0.61
1985-12-01,3.88,-0.51,-1.54,0.65
1986-01-01,0.65,1.21,0.44,0.56
1986-02-01,7.13,-0.54,-0.72,0.53
1986-03-01,4.88,-0.59,-0.39,0.6
1986-04-01,-1.31,2.78,-2.87,0.52
1986-05-01,4.62,-1.35,-0.21,0.49
1986-06-01,1.03,-0.96,1.28,0.52
1986-07-01,-6.45,-3.36,4.7,0.52
1986-08-01,6.07,-4.17,3.51,0.46
1986-09-01,-8.6,2.36,3.22,0.45
1986-10-01,4.66,-2.5,-1.42,0.46
1986-11-01,1.17,-1.91,-0.07,0.39
1986-12-01,-3.27,0.13,0.36,0.49
1987-01-01,12.47,-1.81,-3.16,0.42
1987-02-01,4.39,3.49,-5.91,0.43
1987-03-01,1.64,0.45,1.61,0.47
1987-04-01,-2.11,-1.69,-0.39,0.44
1987-05-01,0.11,-0.5,0.23,0.38
1987-06-01,3.94,-2.12,1.04,0.48
1987-07-01,3.85,-0.69,0.68,0.46
1987-08-01,3.52,-0.77,-0.93,0.47
1987-09-01,-2.59,0.54,0.27,0.45
1987-10-01,-23.24,-8.43,4.24,0.6
1987-11-01,-7.77,2.72,2.95,0.35
1987-12-01,6.81,0.13,-4.43,0.39
1988-01-01,4.21,-0.72,5.01,0.29
1988-02-01,4.75,3.34,-1.71,0.46
1988-03-01,-2.27,6.15,0.73,0.44
1988-04-01,0.56,1.0,1.67,0.46
1988-05-01,-0.29,-2.6,2.42,0.51
1988-06-01,4.79,2.11,-1.24,0.49
1988-07-01,-1.25,-0.25,2.22,0.51
1988-08-01,-3.31,0.04,2.15,0.59
1988-09-01,3.3,-1.31,-0.75,0.62
1988-10-01,1.15,-2.93,2.05,0.61
1988-11-01,-2.29,-1.72,1.41,0.57
1988-12-01,1.49,1.95,-1.69,0.63
1989-01-01,6.1,-2.23,0.6,0.55
1989-02-01,-2.25,2.82,1.01,0.61
1989-03-01,1.57,0.67,0.58,0.67
1989-04-01,4.33,-0.68,-1.42,0.67
1989-05-01,3.35,-0.05,-0.88,0.79
1989-06-01,-1.35,-1.02,2.25,0.71
1989-07-01,7.2,-4.14,-2.79,0.7
1989-08-01,1.44,0.56,0.6,0.74
1989-09-01,-0.76,0.32,-1.27,0.65
1989-10-01,-3.67,-3.23,-1.11,0.68
1989-11-01,1.03,-1.24,-1.09,0.69
1989-12-01,1.16,-2.36,0.16,0.61
1990-01-01,-7.85,-1.24,0.85,0.57
1990-02-01,1.11,0.99,0.64,0.57
1990-03-01,1.83,1.5,-2.92,0.64
1990-04-01,-3.36,-0.46,-2.59,0.69
1990-05-01,8.42,-2.53,-3.83,0.68
1990-06-01,-1.09,1.4,-1.93,0.63
1990-07-01,-1.9,-3.12,-0.03,0.68
1990-08-01,-10.15,-3.57,1.64,0.66
1990-09-01,-6.12,-3.65,0.64,0.6
1990-10-01,-1.92,-5.57,0.1,0.68
1990-11-01,6.35,0.43,-3.1,0.57
1990-12-01,2.46,0.81,-1.7,0.6
1991-01-01,4.69,3.81,-1.6,0.52
1991-02-01,7.19,3.95,-0.58,0.48
1991-03-01,2.65,3.93,-1.39,0.44
1991-04-01,-0.28,0.48,1.5,0.53
1991-05-01,3.65,-0.4,-0.52,0.47
1991-06-01,-4.94,0.13,1.15,0.42
1991-07-01,4.24,-0.92,-1.32,0.49
1991-08-01,2.32,1.58,-0.78,0.46
1991-09-01,-1.59,1.64,-1.08,0.46
1991-10-01,1.29,0.81,-0.47,0.42
1991-11-01,-4.19,-0.5,-1.89,0.39
1991-12-01,10.84,-2.24,-4.17,0.38
1992-01-01,-0.59,8.46,4.71,0.34
1992-02-01,1.09,0.87,6.47,0.28
1992-03-01,-2.66,-1.04,3.56,0.34
1992-04-01,1.07,-6.06,4.34,0.32
1992-05-01,0.3,0.41,1.19,0.28
1992-06-01,-2.34,-3.07,3.24,0.32
1992-07-01,3.77,-0.47,-0.56,0.31
1992-08-01,-2.38,-0.13,-1.1,0.26
1992-09-01,1.19,0.54,-0.26,0.26
1992-10-01,1.02,2.09,-1.98,0.23
1992-11-01,4.13,3.76,-1.35,0.23
1992-12-01,1.53,1.69,2.62,0.28
1993-01-01,0.93,1.89,5.94,0.23
1993-02-01,0.12,-3.48,6.42,0.22
1993-03-01,2.3,0.24,1.18,0.25
1993-04-01,-3.05,-0.67,2.49,0.24
1993-05-01,2.89,2.04,-3.42,0.22
1993-06-01,0.31,-0.29,2.75,0.25
1993-07-01,-0.34,0.96,2.85,0.24
1993-08-01,3.71,0.13,0.13,0.25
1993-09-01,-0.12,3.04,-0.31,0.26
1993-10-01,1.41,2.03,-2.76,0.22
1993-11-01,-1.89,-1.25,-0.74,0.25
1993-12-01,1.65,1.23,0.32,0.23
1994-01-01,2.87,0.34,1.15,0.25
1994-02-01,-2.55,2.8,-1.54,0.21
1994-03-01,-4.78,-1.08,1.6,0.27
1994-04-01,0.68,-0.93,1.66,0.27
1994-05-01,0.58,-2.15,0.67,0.31
1994-06-01,-3.03,-0.41,1.67,0.31
1994-07-01,2.82,-1.81,0.58,0.28
1994-08-01,4.01,1.45,-2.51,0.37
1994-09-01,-2.31,3.14,-1.89,0.37
1994-10-01,1.34,-2.24,-1.62,0.38
1994-11-01,-4.04,0.25,-0.7,0.37
1994-12-01,0.86,0.22,-0.13,0.44
1995-01-01,1.8,-3.5,2.57,0.42
1995-02-01,3.63,-0.66,1.08,0.4
1995-03-01,2.19,-0.16,-2.15,0.46
1995-04-01,2.11,-0.49,1.71,0.44
1995-05-01,2.9,-2.55,2.29,0.54
1995-06-01,2.72,3.18,-2.54,0.47
1995-07-01,3.72,2.07,-1.62,0.45
1995-08-01,0.55,1.35,2.79,0.47
1995-09-01,3.35,-2.2,-0.04,0.43
1995-10-01,-1.52,-3.78,-0.5,0.47
1995-11-01,3.96,-1.09,0.51,0.42
1995-12-01,1.03,0.7,0.22,0.49
1996-01-01,2.26,-2.73,0.38,0.43
1996-02-01,1.33,1.79,-1.08,0.39
1996-03-01,0.73,1.49,0.35,0.39
1996-04-01,2.06,5.23,-4.02,0.46
1996-05-01,2.36,3.17,-0.83,0.42
1996-06-01,-1.14,-4.01,2.35,0.4
1996-07-01,-5.97,-4.31,5.14,0.45
1996-08-01,2.77,2.44,-0.74,0.41
1996-09-01,5.01,-0.98,-2.72,0.44
1996-10-01,0.86,-4.44,4.94,0.42
1996-11-01,6.25,-4.02,1.39,0.41
1996-12-01,-1.7,3.16,1.31,0.46
1997-01-01,4.99,-1.95,-1.42,0.45
1997-02-01,-0.49,-3.22,5.67,0.39
1997-03-01,-5.03,-0.36,3.39,0.43
1997-04-01,4.04,-5.77,0.07,0.43
1997-05-01,6.74,5.19,-4.13,0.49
1997-06-01,4.1,1.22,1.58,0.37
1997-07-01,7.33,-2.74,0.26,0.43
1997-08-01,-4.15,7.28,1.18,0.41
1997-09-01,5.35,2.53,0.37,0.44
1997-10-01,-3.8,-0.73,2.27,0.42
1997-11-01,2.98,-5.12,1.2,0.39
1997-12-01,1.32,-2.48,3.84,0.48
1998-01-01,0.15,-1.07,-1.63,0.43
1998-02-01,7.04,0.32,-0.85,0.39
1998-03-01,4.76,-1.14,1.39,0.39
1998-04-01,0.73,0.07,0.94,0.43
1998-05-01,-3.07,-3.38,3.44,0.4
1998-06-01,3.18,-3.21,-1.96,0.41
1998-07-01,-2.46,-4.91,-1.78,0.4
1998-08-01,-16.08,-5.69,3.53,0.43
1998-09-01,6.15,0.09,-3.42,0.46
1998-10-01,7.13,-3.12,-2.23,0.32
1998-11-01,6.1,1.23,-3.25,0.31
1998-12-01,6.16,-0.5,-4.19,0.38
1999-01-01,3.5,0.75,-4.6,0.35
1999-02-01,-4.08,-6.08,1.92,0.35
1999-03-01,3.45,-3.8,-2.74,0.43
1999-04-01,4.33,3.91,2.46,0.37
1999-05-01,-2.46,3.34,2.35,0.34
1999-06-01,4.77,3.1,-3.19,0.4
1999-07-01,-3.49,2.6,-0.44,0.38
1999-08-01,-1.38,-0.94,-1.87,0.39
1999-09-01,-2.79,3.41,-3.49,0.39
1999-10-01,6.12,-6.64,-3.37,0.39
1999-11-01,3.37,7.21,-6.12,0.36
1999-12-01,7.72,7.03,-8.33,0.44
2000-01-01,-4.74,5.77,-1.88,0.41
2000-02-01,2.45,21.36,-9.59,0.43
2000-03-01,5.2,-17.2,8.13,0.47
2000-04-01,-6.4,-6.68,7.26,0.46
2000-05-01,-4.42,-6.05,4.75,0.5
2000-06-01,4.64,12.84,-8.42,0.4
2000-07-01,-2.51,-3.07,8.31,0.48
2000-08-01,7.03,-0.61,-1.39,0.5
2000-09-01,-5.45,-1.82,7.17,0.51
2000-10-01,-2.76,-3.88,5.71,0.56
2000-11-01,-10.72,-3.41,12.3,0.51
2000-12-01,1.19,0.73,7.61,0.5
2001-01-01,3.13,6.68,-5.07,0.54
2001-02-01,-10.05,-0.78,12.47,0.38
2001-03-01,-7.26,0.25,6.42,0.42
2001-04-01,7.94,0.55,-4.67,0.39
2001-05-01,0.72,2.5,3.36,0.32
2001-06-01,-1.94,6.24,-1.12,0.28
2001-07-01,-2.13,-4.19,5.21,0.3
2001-08-01,-6.46,2.48,2.31,0.31
2001-09-01,-9.25,-6.23,1.45,0.28
2001-10-01,2.46,7.48,-7.65,0.22
2001-11-01,7.54,-0.47,2.21,0.17
2001-12-01,1.6,4.74,0.84,0.15
2002-01-01,-1.44,1.19,3.44,0.14
2002-02-01,-2.29,-1.01,2.16,0.13
2002-03-01,4.24,4.21,1.06,0.13
2002-04-01,-5.2,5.96,3.88,0.15
2002-05-01,-1.38,-3.21,1.53,0.14
2002-06-01,-7.21,4.29,-0.05,0.13
2002-07-01,-8.18,-5.28,-3.85,0.15
2002-08-01,0.5,-2.86,3.28,0.14
2002-09-01,-10.35,2.4,1.47,0.14
2002-10-01,7.84,-3.41,-3.95,0.14
2002-11-01,5.96,3.18,-1.23,0.12
2002-12-01,-5.76,0.09,2.14,0.11
2003-01-01,-2.57,1.33,-0.83,0.1
2003-02-01,-1.88,-0.45,-1.39,0.09
2003-03-01,1.09,1.02,-1.93,0.1
2003-04-01,8.22,0.63,1.14,0.1
2003-05-01,6.05,4.67,0.4,0.09
2003-06-01,1.42,1.74,0.11,0.1
2003-07-01,2.35,5.06,-1.24,0.07
2003-08-01,2.34,2.59,1.53,0.07
2003-09-01,-1.24,0.8,0.16,0.08
2003-10-01,6.08,2.7,1.97,0.07
2003-11-01,1.35,2.08,1.78,0.07
2003-12-01,4.29,-2.68,1.6,0.08
2004-01-01,2.15,2.55,2.49,0.07
2004-02-01,1.4,-1.58,0.9,0.06
2004-03-01,-1.32,1.72,0.27,0.09
2004-04-01,-1.83,-1.68,-3.1,0.08
2004-05-01,1.17,-0.2,-0.25,0.06
2004-06-01,1.86,2.26,1.18,0.08
2004-07-01,-4.06,-3.81,3.24,0.1
2004-08-01,0.08,-1.48,0.97,0.11
2004-09-01,1.6,3.01,0.0,0.11
2004-10-01,1.43,0.15,-0.22,0.11
2004-11-01,4.54,3.74,1.41,0.15
2004-12-01,3.43,-0.03,-0.22,0.16
2005-01-01,-2.76,-1.72,2.06,0.16
2005-02-01,1.89,-0.57,1.54,0.16
2005-03-01,-1.97,-1.4,2.04,0.21
2005-04-01,-2.61,-3.94,0.07,0.21
2005-05-01,3.65,2.89,-0.64,0.24
2005-06-01,0.57,2.58,2.83,0.23
2005-07-01,3.92,2.91,-0.79,0.24
2005-08-01,-1.22,-0.97,1.32,0.3
2005-09-01,0.49,-0.65,0.71,0.29
2005-10-01,-2.02,-1.25,0.42,0.27
2005-11-01,3.61,0.99,-1.16,0.31
2005-12-01,-0.25,-0.42,0.2,0.32
2006-01-01,3.04,5.39,1.08,0.35
2006-02-01,-0.3,-0.38,-0.34,0.34
2006-03-01,1.46,3.44,0.6,0.37
2006-04-01,0.73,-1.42,2.34,0.36
2006-05-01,-3.57,-2.96,2.41,0.43
2006-06-01,-0.35,-0.39,0.85,0.4
2006-07-01,-0.78,-3.98,2.6,0.4
2006-08-01,2.03,1.03,-2.06,0.42
2006-09-01,1.84,-1.36,0.08,0.41
2006-10-01,3.23,1.75,-0.31,0.41
2006-11-01,1.71,0.7,0.14,0.42
2006-12-01,0.87,-1.14,2.73,0.4
2007-01-01,1.4,0.13,-0.68,0.44
2007-02-01,-1.96,1.19,-0.14,0.38
2007-03-01,0.68,0.16,-0.97,0.43
2007-04-01,3.49,-2.16,-1.45,0.44
2007-05-01,3.24,0.24,-0.65,0.41
2007-06-01,-1.96,0.74,-1.05,0.4
2007-07-01,-3.73,-2.61,-3.71,0.4
2007-08-01,0.92,-0.12,-1.86,0.42
2007-09-01,3.22,-2.23,-2.21,0.32
2007-10-01,1.8,0.08,-2.98,0.32
2007-11-01,-4.83,-2.93,-0.94,0.34
2007-12-01,-0.87,0.13,-0.55,0.27
2008-01-01,-6.36,-1.03,3.97,0.21
2008-02-01,-3.09,-0.43,-0.84,0.13
2008-03-01,-0.93,0.71,0.3,0.17
2008-04-01,4.6,-1.72,-0.94,0.18
2008-05-01,1.86,2.96,-1.43,0.18
2008-06-01,-8.44,1.23,-2.71,0.17
2008-07-01,-0.77,2.61,5.42,0.15
2008-08-01,1.53,3.6,1.59,0.13
2008-09-01,-9.24,-1.23,5.91,0.15
2008-10-01,-17.23,-2.6,-2.3,0.08
2008-11-01,-7.86,-2.85,-6.31,0.03
2008-12-01,1.74,3.46,0.14,0.0
2009-01-01,-8.12,0.07,-11.29,0.0
2009-02-01,-10.1,0.05,-6.95,0.01
2009-03-01,8.95,0.03,3.47,0.02
2009-04-01,10.18,5.4,5.36,0.01
2009-05-01,5.21,-2.52,0.28,0.0
2009-06-01,0.43,2.63,-2.73,0.01
2009-07-01,7.72,1.87,4.83,0.01
2009-08-01,3.33,-1.08,7.63,0.01
2009-09-01,4.08,2.43,1.05,0.01
2009-10-01,-2.59,-4.35,-4.21,0.0
2009-11-01,5.56,-2.4,-0.34,0.0
2009-12-01,2.75,6.05,-0.17,0.01
2010-01-01,-3.36,0.4,0.43,0.0
2010-02-01,3.4,1.19,3.23,0.0
2010-03-01,6.31,1.48,2.21,0.01
2010-04-01,2.0,4.87,2.89,0.01
2010-05-01,-7.89,0.09,-2.44,0.01
2010-06-01,-5.57,-1.82,-4.7,0.01
2010-07-01,6.93,0.2,-0.31,0.01
2010-08-01,-4.77,-3.0,-1.9,0.01
2010-09-01,9.54,3.96,-3.16,0.01
2010-10-01,3.88,1.14,-2.43,0.01
2010-11-01,0.6,3.77,-0.96,0.01
2010-12-01,6.82,0.73,3.7,0.01
2011-01-01,1.99,-2.5,0.83,0.01
2011-02-01,3.49,1.53,1.27,0.01
2011-03-01,0.46,2.54,-1.83,0.01
2011-04-01,2.9,-0.38,-2.43,0.0
2011-05-01,-1.27,-0.59,-2.12,0.0
2011-06-01,-1.75,-0.12,-0.42,0.0
2011-07-01,-2.35,-1.26,-0.9,0.0
2011-08-01,-5.99,-3.05,-2.36,0.01
2011-09-01,-7.59,-3.31,-1.72,0.0
2011-10-01,11.35,3.28,0.1,0.0
2011-11-01,-0.28,-0.16,-0.46,0.0
2011-12-01,0.74,-0.59,1.63,0.0
2012-01-01,5.05,2.04,-0.97,0.0
2012-02-01,4.42,-1.85,0.43,0.0
2012-03-01,3.11,-0.64,1.14,0.0
2012-04-01,-0.85,-0.42,-0.78,0.0
2012-05-01,-6.19,0.07,-1.07,0.01
2012-06-01,3.89,0.67,0.62,0.0
2012-07-01,0.79,-2.74,-0.02,0.0
2012-08-01,2.55,0.47,1.3,0.01
2012-09-01,2.73,0.5,1.6,0.01
2012-10-01,-1.76,-1.15,3.59,0.01
2012-11-01,0.78,0.63,-0.84,0.01
2012-12-01,1.18,1.48,3.51,0.01
2013-01-01,5.57,0.33,0.96,0.0
2013-02-01,1.29,-0.27,0.11,0.0
2013-03-01,4.03,0.81,-0.19,0.0
2013-04-01,1.55,-2.37,0.45,0.0
2013-05-01,2.8,1.7,2.63,0.0
2013-06-01,-1.2,1.33,0.03,0.0
2013-07-01,5.65,1.87,0.57,0.0
2013-08-01,-2.71,0.27,-2.69,0.0
2013-09-01,3.77,2.88,-1.22,0.0
2013-10-01,4.18,-1.53,1.25,0.0
2013-11-01,3.13,1.29,0.32,0.0
2013-12-01,2.81,-0.46,-0.02,0.0
2014-01-01,-3.32,0.89,-2.07,0.0
2014-02-01,4.65,0.35,-0.31,0.0
2014-03-01,0.43,-1.81,4.93,0.0
2014-04-01,-0.19,-4.19,1.17,0.0
2014-05-01,2.06,-1.88,-0.13,0.0
2014-06-01,2.61,3.09,-0.7,0.0
2014-07-01,-2.04,-4.29,0.03,0.0
2014-08-01,4.24,0.4,-0.45,0.0
2014-09-01,-1.97,-3.71,-1.34,0.0
2014-10-01,2.52,4.21,-1.81,0.0
2014-11-01,2.55,-2.06,-3.09,0.0
2014-12-01,-0.06,2.49,2.27,0.0
2015-01-01,-3.11,-0.56,-3.58,0.0
2015-02-01,6.13,0.63,-1.86,0.0
2015-03-01,-1.12,3.04,-0.37,0.0
2015-04-01,0.59,-3.06,1.82,0.0
2015-05-01,1.36,0.93,-1.14,0.0
2015-06-01,-1.53,2.91,-0.79,0.0
2015-07-01,1.54,-4.17,-4.13,0.0
2015-08-01,-6.04,0.33,2.77,0.0
2015-09-01,-3.07,-2.62,0.56,0.0
2015-10-01,7.75,-1.88,-0.46,0.0
2015-11-01,0.56,3.6,-0.42,0.0
2015-12-01,-2.17,-2.84,-2.61,0.01
2016-01-01,-5.77,-3.42,2.09,0.01
2016-02-01,-0.07,0.73,-0.57,0.02
2016-03-01,6.96,0.82,1.19,0.02
2016-04-01,0.91,0.76,3.28,0.01
2016-05-01,1.78,-0.17,-1.66,0.01
2016-06-01,-0.05,0.61,-1.48,0.02
2016-07-01,3.95,2.49,-1.32,0.02
2016-08-01,0.49,1.15,3.18,0.02
2016-09-01,0.25,2.12,-1.24,0.02
2016-10-01,-2.02,-4.4,4.09,0.02
2016-11-01,4.86,5.71,8.21,0.01
2016-12-01,1.81,0.1,3.53,0.03
2017-01-01,1.94,-1.19,-2.75,0.04
2017-02-01,3.57,-2.05,-1.67,0.04
2017-03-01,0.17,1.14,-3.35,0.03
2017-04-01,1.09,0.73,-2.13,0.05
2017-05-01,1.06,-2.57,-3.78,0.06
2017-06-01,0.78,2.25,1.48,0.06
2017-07-01,1.87,-1.51,-0.31,0.07
2017-08-01,0.16,-1.67,-2.09,0.09
2017-09-01,2.51,4.47,3.14,0.09
2017-10-01,2.25,-1.94,0.2,0.09
2017-11-01,3.12,-0.55,-0.03,0.08
2017-12-01,1.06,-1.32,0.06,0.09
2018-01-01,5.57,-3.13,-1.29,0.12
2018-02-01,-3.65,0.25,-1.04,0.11
2018-03-01,-2.35,4.06,-0.21,0.11
2018-04-01,0.28,1.13,0.54,0.14
2018-05-01,2.65,5.25,-3.2,0.14
2018-06-01,0.48,1.14,-2.34,0.14
2018-07-01,3.19,-2.22,0.47,0.16
2018-08-01,3.44,1.14,-3.94,0.16
2018-09-01,0.06,-2.27,-1.7,0.15
2018-10-01,-7.68,-4.78,3.4,0.19
2018-11-01,1.69,-0.68,0.3,0.18
2018-12-01,-9.57,-2.38,-1.84,0.2
2019-01-01,8.4,2.9,-0.46,0.21
2019-02-01,3.4,2.05,-2.67,0.18
2019-03-01,1.1,-3.05,-4.17,0.19
2019-04-01,3.97,-1.74,2.15,0.21
2019-05-01,-6.94,-1.32,-2.37,0.21
2019-06-01,6.93,0.29,-0.71,0.18
2019-07-01,1.19,-1.93,0.48,0.19
2019-08-01,-2.58,-2.38,-4.78,0.16
2019-09-01,1.43,-0.96,6.75,0.18
2019-10-01,2.06,0.29,-1.91,0.16
2019-11-01,3.87,0.77,-2.02,0.12
2019-12-01,2.77,0.73,1.75,0.14
2020-01-01,-0.11,-3.11,-6.25,0.13
2020-02-01,-8.13,1.07,-3.81,0.12
2020-03-01,-13.39,-4.83,-13.87,0.13
2020-04-01,13.65,2.45,-1.33,0.0
2020-05-01,5.58,2.47,-4.88,0.01
2020-06-01,2.46,2.69,-2.2,0.01
2020-07-01,5.77,-2.33,-1.41,0.01
2020-08-01,7.63,-0.22,-2.97,0.01
2020-09-01,-3.63,0.02,-2.71,0.01
2020-10-01,-2.1,4.38,4.25,0.01
2020-11-01,12.47,5.8,2.09,0.01
2020-12-01,4.63,4.89,-1.51,0.01
2021-01-01,-0.03,7.36,3.01,0.01
2021-02-01,2.78,2.05,7.15,0.0
2021-03-01,3.08,-2.37,7.39,0.0
2021-04-01,4.93,-3.19,-0.95,0.0
2021-05-01,0.29,-0.25,7.09,0.0
2021-06-01,2.75,1.68,-7.87,0.0
2021-07-01,1.27,-3.97,-1.78,0.0
2021-08-01,2.91,-0.42,-0.15,0.0
2021-09-01,-4.37,0.71,5.08,0.0
2021-10-01,6.65,-2.35,-0.49,0.0
2021-11-01,-1.55,-1.32,-0.45,0.0
2021-12-01,3.1,-1.67,3.26,0.01
2022-01-01,-6.25,-5.94,12.75,0.0
2022-02-01,-2.29,2.19,3.08,0.0
2022-03-01,3.05,-1.61,-1.81,0.01
2022-04-01,-9.46,-1.39,6.17,0.01
2022-05-01,-0.34,-1.83,8.39,0.03
2022-06-01,-8.43,2.1,-5.97,0.06
2022-07-01,9.57,2.81,-4.05,0.08
2022-08-01,-3.77,1.4,0.29,0.19
2022-09-01,-9.35,-0.81,0.05,0.19
2022-10-01,7.83,0.06,8.01,0.23
2022-11-01,4.6,-3.52,1.38,0.29
2022-12-01,-6.41,-0.69,1.37,0.33
2023-01-01,6.65,5.01,-4.01,0.35
2023-02-01,-2.58,1.17,-0.81,0.34
2023-03-01,2.51,-5.51,-8.85,0.36
2023-04-01,0.61,-3.35,-0.04,0.35
2023-05-01,0.35,1.61,-7.72,0.36
2023-06-01,6.46,1.54,-0.26,0.4
2023-07-01,3.21,2.08,4.11,0.45
2023-08-01,-2.39,-3.16,-1.06,0.45
2023-09-01,-5.24,-2.51,1.52,0.43
2023-10-01,-3.19,-3.87,0.19,0.47
2023-11-01,8.84,0.0,1.65,0.44
