Date,SPY,GLD,AAPL.O,MSFT.O
2010-01-01,,,,
2010-01-04,113.33,109.8,30.57282657,30.95
2010-01-05,113.63,109.7,30.625683660000004,30.96
2010-01-06,113.71,111.51,30.138541290000003,30.77
2010-01-07,114.19,110.82,30.082827060000003,30.452
2010-01-08,114.57,111.37,30.28282686,30.66
2010-01-11,114.73,112.85,30.015684270000005,30.27
2010-01-12,113.66,110.49,29.674256040000003,30.07
2010-01-13,114.62,111.54,30.092827050000004,30.35
2010-01-14,114.93,112.03,29.918541510000004,30.96
2010-01-15,113.64,110.86,29.418542010000003,30.86
2010-01-18,,,,
2010-01-19,115.06,111.52,30.71996928,31.1
2010-01-20,113.89,108.94,30.246398325,30.585
2010-01-21,111.7,107.37,29.724541704000004,30.01
2010-01-22,109.21,107.17,28.249971750000004,28.96
2010-01-25,109.77,107.48,29.010685275,29.32
2010-01-26,109.31,107.56,29.41997058,29.5
2010-01-27,109.83,106.528,29.697684588,29.67
2010-01-28,108.57,106.48,28.46997153,29.16
2010-01-29,107.39,105.96,27.437543991,28.18
2010-02-01,109.06,108.35,27.818543610000003,28.41
2010-02-02,110.38,109.13,27.979972020000005,28.46
2010-02-03,109.83,108.7,28.46140011,28.63
2010-02-04,106.44,104.37,27.435686850000003,27.84
2010-02-05,106.66,104.68,27.922829220000004,28.02
2010-02-08,105.89,104.04,27.731400840000003,27.72
2010-02-09,107.22,105.41,28.02711483,28.01
2010-02-10,107.01,105.12,27.873686412000005,27.99
2010-02-11,108.13,107.13,28.38140019,28.12
2010-02-12,108.04,107.04,28.62568566,27.93
2010-02-15,,,,
2010-02-16,109.74,109.62,29.057113800000003,28.35
2010-02-17,110.26,109.25,28.935685350000004,28.59
2010-02-18,110.91,109.98,28.989685296,28.969
2010-02-19,111.14,109.47,28.80997119,28.77
2010-02-22,111.16,109.07,28.630828512,28.73
2010-02-23,109.81,107.89,28.151257563,28.33
2010-02-24,110.82,107.36,28.665114192000004,28.63
2010-02-25,110.67,108.31,28.857114000000003,28.6
2010-02-26,110.74,109.43,29.231399340000003,28.67
2010-03-01,111.89,109.43,29.855684430000004,29.02
2010-03-02,112.2,111.02,29.83568445,28.46
2010-03-03,112.3,111.63,29.90425581000001,28.46
2010-03-04,112.641,110.83,30.101398470000003,28.63
2010-03-05,114.25,110.81,31.27854015,28.5875
2010-03-08,114.27,109.88,31.297111560000005,28.63
2010-03-09,114.46,109.718,31.859968140000003,28.8
2010-03-10,114.97,108.47,32.119967880000004,28.97
2010-03-11,115.45,108.6,32.214253500000005,29.18
2010-03-12,115.46,107.95,32.3713962,29.27
2010-03-15,115.49,108.36,31.97711088,29.29
2010-03-16,116.41,110.4,32.06425365,29.37
2010-03-17,117.1,109.59,32.01711084,29.63
2010-03-18,117.0375,110.34,32.09282505,29.61
2010-03-19,115.97,108.28,31.7499539643,29.59
2010-03-22,116.5925,107.75,32.107110750000004,29.6
2010-03-23,117.41,108.32,32.62282452,29.88
2010-03-24,116.84,106.3,32.76711009,29.65
2010-03-25,116.65,106.78,32.37853905,30.01
2010-03-26,116.582,108.59,32.9856813,29.66
2010-03-29,117.32,108.75,33.198538230000004,29.59
2010-03-30,117.4,107.97,33.692109165000005,29.77
2010-03-31,117.0,108.95,33.571395,29.2875
2010-04-01,117.8,110.26,33.709966290000004,29.16
2010-04-02,,,,
2010-04-05,118.76,110.89,34.06996593,29.27
2010-04-06,119.04,111.03,34.21996578,29.32
2010-04-07,118.36,112.49,34.371394200000005,29.35
2010-04-08,118.7725,112.65,34.27853715,29.92
2010-04-09,119.55,113.64,34.54139403,30.34
2010-04-12,119.74,113.01,34.61282253,30.32
2010-04-13,119.83,112.69,34.632822510000004,30.45
2010-04-14,121.19,113.03,35.09853633,30.82
2010-04-15,121.29,113.65,35.55996444,30.87
2010-04-16,119.36,111.24,35.3428218,30.67
2010-04-19,119.81,111.15,35.29567899,31.039
2010-04-20,120.88,111.46,34.94139363,31.36
2010-04-21,120.66,112.31,37.03139154000001,31.332
2010-04-22,121.02,111.84,38.0670333615,31.39
2010-04-23,121.8125,113.19,38.68996131,30.96
2010-04-26,121.35,112.75,38.499961500000005,31.11
2010-04-27,118.48,114.63,37.434248280000006,30.845
2010-04-28,119.38,114.31,37.371391200000005,30.91
2010-04-29,120.8575,114.28,38.37710448,31.003
2010-04-30,118.8125,115.36,37.29853413,30.535
2010-05-03,120.35,115.73,38.04996195,30.86
2010-05-04,117.52,114.87,36.954248760000006,30.13
2010-05-05,116.82,115.09,36.56924914500001,29.85
2010-05-06,112.942,118.486,35.17853625,28.98
2010-05-07,111.26,118.27,33.69425202000001,28.21
2010-05-10,116.16,117.57,36.28424943,28.94
2010-05-11,115.83,120.656,36.64567764,28.88
2010-05-12,117.45,121.4,37.44139113,29.44
2010-05-13,115.99,120.56,36.90853452,29.24
2010-05-14,113.89,120.37,36.25996374,28.93
2010-05-17,113.95,119.36,36.317106540000005,28.94
2010-05-18,112.4,119.49,36.05139252000001,28.5975
2010-05-19,111.76,116.63,35.47710738000001,28.24
2010-05-20,107.54,115.84,33.965680320000004,27.11
2010-05-21,109.115,115.22,34.61710824,26.84
2010-05-24,107.71,116.84,35.25139332,26.27
2010-05-25,107.818,117.36,35.03139354,26.07
2010-05-26,107.17,118.470001,34.87267941300001,25.01
2010-05-27,110.76,118.69,36.192820950000005,26.0
2010-05-28,109.369,118.881,36.69710616,25.8
2010-05-31,,,,
2010-06-01,107.53,119.91,37.26139131,25.89
2010-06-02,110.33,119.78,37.70710515,26.46
2010-06-03,110.71,117.96,37.58853384,26.86
2010-06-04,106.82,119.19,36.566392005,25.79
2010-06-07,105.49,121.49,35.848535580000004,25.29
2010-06-08,106.62,121.0025,35.618535810000004,25.11
2010-06-09,106.05,120.56,34.7428224,24.79
2010-06-10,109.15,118.975,35.787107070000005,25.0
2010-06-11,109.68,120.01,36.21567807,25.66
2010-06-14,109.509,119.6,36.32567796,25.495
2010-06-15,112.0,120.99,37.09853433,26.5825
2010-06-16,111.96,120.33,38.17853325,26.32
2010-06-17,112.14,121.9,38.83853259000001,26.37
2010-06-18,111.729,122.83,39.153389418,26.44
2010-06-21,111.41,120.39,38.59567569000001,25.95
2010-06-22,109.57,121.45,39.12138945000001,25.77
2010-06-23,109.23,120.95,38.70996129000001,25.308
2010-06-24,107.42,121.3,38.428533,25.0
2010-06-25,107.8675,122.76,38.0999619,24.5325
2010-06-28,107.53,121.09,38.3285331,24.31
2010-06-29,104.21,121.27,36.59567769,23.31
2010-06-30,103.22,121.68,35.93282121,23.01
2010-07-01,102.76,117.04,35.49710736,23.16
2010-07-02,102.2,118.49,35.27710758,23.27
2010-07-05,,,,
2010-07-06,102.87,116.51,35.518535910000004,23.82
2010-07-07,106.1075,117.73,36.952105905,24.3
2010-07-08,107.16,117.21,36.86996313,24.4095
2010-07-09,107.96,118.36,37.08853434,24.27
2010-07-12,108.03,117.34,36.754963245000006,24.83
2010-07-13,109.66,118.36,35.971106886,25.13
2010-07-14,109.651,118.3,36.103821039,25.44
2010-07-15,109.68,118.23,35.92139265,25.51
2010-07-16,106.66,116.67,35.699964300000005,24.89
2010-07-19,107.29,115.73,35.082822060000005,25.23
2010-07-20,108.48,116.65,35.98424973,25.48
2010-07-21,107.07,115.85,36.31996368,25.12
2010-07-22,109.461,116.863,37.003391568000005,25.84
2010-07-23,110.41,116.09,37.134248580000005,25.81
2010-07-26,111.56,115.52,37.03996296,26.1
2010-07-27,111.55,113.51,37.72567656,26.16
2010-07-28,110.83,113.78,37.27996272,25.95
2010-07-29,110.29,114.288,36.872820270000005,26.03
2010-07-30,110.27,115.49,36.74996325,25.81
2010-08-02,112.76,115.54,37.40710545,26.33
2010-08-03,112.22,115.99,37.41853401,26.16
2010-08-04,112.97,116.72,37.56853386,25.73
2010-08-05,112.85,116.98,37.3856769,25.37
2010-08-06,112.392,117.84,37.155819987,25.55
2010-08-09,112.992,117.4,37.39281975,25.61
2010-08-10,112.375,117.73,37.05853437,25.07
2010-08-11,109.3,117.34,35.74139283,24.86
2010-08-12,108.63,118.77,35.96996403,24.49
2010-08-13,108.31,118.74,35.5856787,24.4
2010-08-16,108.26,119.73,35.37710748,24.5
2010-08-17,109.59,119.75,35.99567829,24.71
2010-08-18,109.79,120.22,36.15282099,24.82
2010-08-19,107.88,120.39,35.69710716,24.44
2010-08-20,107.53,119.97,35.66282148,24.23
2010-08-23,107.1236,119.78,35.114250600000005,24.28
2010-08-24,105.53,120.36,34.27568001,24.04
2010-08-25,105.94,121.36,34.69853673,24.1
2010-08-26,105.23,120.96,34.32567996,23.82
2010-08-27,106.86,121.01,34.51710834,23.93
2010-08-30,105.311,120.91,34.6428225,23.64
2010-08-31,105.31,122.08,34.7285367,23.465
2010-09-01,108.46,121.69,35.761392810000004,23.9
2010-09-02,109.47,122.29,36.02424969,23.94
2010-09-03,110.89,121.86,36.96710589,24.29
2010-09-06,,,,
2010-09-07,109.64,122.7,36.829963170000006,23.96
2010-09-08,110.41,122.71,37.55996244000001,23.93
2010-09-09,110.919998,121.56,37.58139099,24.01
2010-09-10,111.482,121.73,37.62996237000001,23.85
2010-09-13,112.72,121.62,38.14853328000001,25.11
2010-09-14,112.65,124.024,38.294247420000005,25.03
2010-09-15,113.08,123.94,38.60281854000001,25.115
2010-09-16,113.05,124.63,39.509960490000005,25.33
2010-09-17,112.49,124.5425,39.33853209,25.22
2010-09-20,114.21,124.87,40.46138811000001,25.43
2010-09-21,113.98,126.01,40.53853089,25.15
2010-09-22,113.42,126.2,41.107101750000005,24.61
2010-09-23,112.498,126.3,41.27424444,24.43
2010-09-24,114.82,126.69,41.75995824,24.775
2010-09-27,114.27,126.72,41.594815548,24.7325
2010-09-28,114.67,127.85,40.97995902,24.6775
2010-09-29,114.47,127.95,41.05281609000001,24.5
2010-09-30,114.13,127.91,40.53567375,24.49
2010-10-01,114.61,128.91,40.35995964,24.38
2010-10-04,113.75,128.46,39.80567448,23.91
2010-10-05,116.04,130.99,41.27710158,24.35
2010-10-06,116.03,131.81,41.312815830000005,24.43
2010-10-07,115.89,130.37,41.31710154000001,24.53
2010-10-08,116.5375,131.66,42.00995799,24.57
2010-10-11,116.65,132.292,42.19424352000001,24.59
2010-10-12,117.01,131.96,42.64852878000001,24.83
2010-10-13,117.92,134.07,42.87709998,25.34
2010-10-14,117.46,134.75,43.18709967,25.23
2010-10-15,117.7,133.68,44.96281218000001,25.54
2010-10-18,118.28,134.28,45.428526000000005,25.82
2010-10-19,116.73,130.11,44.212812930000005,25.1
2010-10-20,117.87,131.32,44.36138421,25.31
2010-10-21,118.13,129.47,44.21709864,25.42
2010-10-22,118.347,129.73,43.92424179000001,25.3775
2010-10-25,118.7,130.85,44.11995588,25.19
2010-10-26,118.72,130.88,44.007098850000006,25.9
2010-10-27,118.38,129.52,43.97567031,26.05
2010-10-28,118.4,131.24,43.60567068,26.28
2010-10-29,118.49,132.62,42.997099860000006,26.665
2010-11-01,118.53,131.92,43.45424226000001,26.95
2010-11-02,119.475,132.49,44.194241520000006,27.39
2010-11-03,119.95,131.57,44.6856696,27.03
2010-11-04,122.26,136.03,45.46709739,27.14
2010-11-05,122.725,136.38,45.304240410000006,26.85
2010-11-08,122.49,137.78,45.51709734000001,26.81
2010-11-09,121.61,135.59,45.15424056,26.95
2010-11-10,122.1,137.24,45.43281171,26.94
2010-11-11,121.635,137.66,45.236383335,26.68
2010-11-12,120.198,133.69,44.00424171,26.27
2010-11-15,120.03,132.42,43.862098995,26.2
2010-11-16,118.16,130.968,43.08424263,25.81
2010-11-17,118.218,130.38,42.928528500000006,25.57
2010-11-18,119.9575,132.088,44.06138451,25.8375
2010-11-19,120.29,132.2,43.81852761,25.69
2010-11-22,120.19,133.48,44.76566952,25.73
2010-11-23,118.4475,134.41,44.10424161000001,25.12
2010-11-24,120.2,134.18,44.97066931500001,25.37
2010-11-25,,,,
2010-11-26,119.29,132.82,45.10852632,25.33
2010-11-29,119.162,133.508,45.267097590000006,25.31
2010-11-30,118.4925,135.42,44.44995555,25.2575
2010-12-01,121.01,135.38,45.1999548,26.04
2010-12-02,122.56,135.2,45.44995455,26.89
2010-12-03,122.89,138.07,45.348526080000006,27.02
2010-12-06,122.76,139.11,45.73566855,26.84
2010-12-07,122.83,136.5,45.45852597,26.87
2010-12-08,123.28,134.79,45.858525570000005,27.23
2010-12-09,123.76,135.37,45.6795971775,27.08
2010-12-10,124.48,135.408,45.79423992,27.34
2010-12-13,124.56,136.05,45.952811190000006,27.245
2010-12-14,124.67,136.18,45.75566853000001,27.62
2010-12-15,124.098,134.7,45.765668520000006,27.85
2010-12-16,124.82,133.81,45.89281125,27.9875
2010-12-17,124.3,134.2,45.80138277,27.9025
2010-12-20,124.6,135.11,46.02995397,27.81
2010-12-21,125.39,135.32,46.314953685,28.07
2010-12-22,125.78,135.05,46.451382120000005,28.1875
2010-12-23,125.6,134.66,46.22852520000001,28.3
2010-12-24,,,,
2010-12-27,125.65,135.02,46.382810760000005,28.07
2010-12-28,125.83,137.22,46.495667790000006,28.01
2010-12-29,125.92,137.71,46.469953530000005,27.97
2010-12-30,125.72,137.03,46.23709662000001,27.85
2010-12-31,125.75,138.72,46.07995392,27.91
2011-01-03,127.05,138.0,47.081381490000005,27.98
2011-01-04,126.98,134.75,47.32709553000001,28.0875
2011-01-05,127.64,134.37,47.714238,28.0
2011-01-06,127.39,133.83,47.67566661000001,28.82
2011-01-07,127.14,133.58,48.017094840000006,28.6
2011-01-10,126.98,134.12,48.922093935,28.22
2011-01-11,127.43,134.91,48.80566548,28.11
2011-01-12,128.58,135.46,49.20280794000001,28.55
2011-01-13,128.3675,134.05,49.382807760000006,28.19
2011-01-14,129.3,132.69,49.78280736000001,28.3
2011-01-17,,,,
2011-01-18,129.52,133.43,48.66423705,28.66
2011-01-19,128.25,133.72,48.40566588,28.47
2011-01-20,128.08,131.2,47.52566676000001,28.3525
2011-01-21,128.37,131.03,46.67423904000001,28.02
2011-01-24,129.1,130.36,48.20709465,28.38
2011-01-25,129.17,130.1,48.7713798,28.45
2011-01-26,129.67,131.16,49.121379450000006,28.78
2011-01-27,129.99,127.925,49.02995097,28.87
2011-01-28,127.72,130.28,48.01423770000001,27.751
2011-01-31,128.68,129.87,48.47423724,27.725
2011-02-01,130.74,130.8,49.28995071,27.9925
2011-02-02,130.485,130.45,49.188522240000005,27.94
2011-02-03,130.78,132.2,49.06280808,27.65
2011-02-04,131.15,131.66,49.4999505,27.77
2011-02-07,131.97,131.68,50.268521160000006,28.1975
2011-02-08,132.57,133.14,50.7428064,28.2825
2011-02-09,132.269,133.07,51.165663120000005,27.97
2011-02-10,132.321,132.85,50.648520780000005,27.5
2011-02-11,133.11,132.3225,50.978520450000005,27.25
2011-02-14,133.43,132.95,51.31137726000001,27.23
2011-02-15,133.01,133.97,51.4142343,26.96
2011-02-16,133.85,134.1,51.87566241,27.02
2011-02-17,134.25,135.04,51.185663100000006,27.21
2011-02-18,134.53,135.41,50.07994992,27.06
2011-02-21,,,,
2011-02-22,131.83,136.29,48.372808770000006,26.59
2011-02-23,131.02,137.51,48.945665340000005,26.59
2011-02-24,130.93,136.48,48.982808160000005,26.77
2011-02-25,132.33,137.384,49.73709312,26.55
2011-02-28,133.15,137.661,50.45852097,26.58
2011-03-01,130.93,140.03,49.90137867000001,26.16
2011-03-02,131.21,139.917,50.30280684,26.0775
2011-03-03,133.47,138.09,51.365662920000005,26.2
2011-03-04,132.47,139.35,51.428520000000006,25.9525
2011-03-07,131.43,139.721,50.76566352,25.72
2011-03-08,132.58,139.36,50.822806320000005,25.91
2011-03-09,132.39,139.41,50.35280679000001,25.89
2011-03-10,129.9375,137.77,49.52423619,25.41
2011-03-11,130.84,138.22,50.28423543,25.68
2011-03-14,130.05,138.86,50.50852092,25.69
2011-03-15,128.56,136.27,49.34709351000001,25.39
2011-03-16,126.175,136.24,47.144238570000006,24.79
2011-03-17,127.85,136.97,47.80566648,24.78
2011-03-18,127.76,138.37,47.23852419000001,24.8
2011-03-21,129.74,139.14,48.471380100000005,25.33
2011-03-22,129.29,139.05,48.7428084,25.295
2011-03-23,129.66,140.34,48.45566583,25.54
2011-03-24,130.9,139.22,49.28137929000001,25.81
2011-03-25,131.3,139.26,50.21994978000001,25.62
2011-03-28,130.98,138.54,50.062807080000006,25.41
2011-03-29,131.86,138.21,50.13709272,25.49
2011-03-30,132.77,138.67,49.80423591,25.61
2011-03-31,132.59,139.86,49.7867359275,25.39
2011-04-01,133.15,139.19,49.22280792,25.48
2011-04-04,133.26,139.84,48.74137983000001,25.55
2011-04-05,133.24,142.05,48.41280873,25.78
2011-04-06,133.66,142.38,48.291380280000006,26.15
2011-04-07,133.32,142.51,48.297094560000005,26.2
2011-04-08,132.86,143.66,47.86566642,26.07
2011-04-11,132.46,142.64,47.25709560000001,25.98
2011-04-12,131.47,141.61,47.4856668,25.64
2011-04-13,131.46,141.9,48.01852341,25.63
2011-04-14,131.56,143.81,47.48852394000001,25.42
2011-04-15,132.04,145.05,46.77995322,25.37
2011-04-18,130.56,145.93,47.40709545000001,25.08
2011-04-19,131.31,145.93,48.265666020000005,25.15
2011-04-20,133.1,146.5,48.915665370000006,25.76
2011-04-21,133.78,146.74,50.099378472000005,25.52
2011-04-22,,,,
2011-04-25,133.64,146.87,50.429806713000005,25.61
2011-04-26,134.791,146.38,50.05994994000001,26.19
2011-04-27,135.67,149.2,50.02137855,26.38
2011-04-28,136.11,149.82,49.53566475,26.71
2011-04-29,136.43,152.37,50.018521410000005,25.92
2011-05-02,136.22,150.414,49.46852196,25.66
2011-05-03,135.73,149.88,49.7428074,25.81
2011-05-04,134.83,147.73,49.93852149000001,26.06
2011-05-05,133.61,143.47,49.53566475,25.79
2011-05-06,134.2,145.3,49.52280762000001,25.87
2011-05-09,134.72,147.38,49.657093200000006,25.83
2011-05-10,135.87,147.9,49.92137865,25.67
2011-05-11,134.44,146.54,49.60423611000001,25.36
2011-05-12,135.08,146.59,49.50995049,25.32
2011-05-13,134.04,145.63,48.6428085,25.03
2011-05-16,133.19,145.37,47.61423810000001,24.57
2011-05-17,133.17,144.74,48.01995198,24.52
2011-05-18,134.36,145.6,48.552808590000005,24.69
2011-05-19,134.68,145.65,48.64709421,24.715
2011-05-20,133.61,147.49,47.88852354000001,24.49
2011-05-23,132.06,147.83,47.7713808,24.17
2011-05-24,131.95,148.59,47.455666830000006,24.15
2011-05-25,132.39,148.58,48.11138046,24.19
2011-05-26,133.0,148.22,47.857095,24.67
2011-05-27,133.51,149.7,48.20138037000001,24.76
2011-05-30,,,,
2011-05-31,134.9,149.64,49.68995031,25.01
2011-06-01,131.87,149.91,49.35852207,24.43
2011-06-02,131.73,149.5,49.443093414,24.22
2011-06-03,130.42,150.22,49.06280808,23.905
2011-06-06,129.045,150.48,48.291380280000006,24.01
2011-06-07,128.96,150.42,47.43423828000001,24.06
2011-06-08,128.42,149.81,47.46280968000001,23.94
2011-06-09,129.4,150.56,47.355666930000005,23.96
2011-06-10,127.6,149.24,46.5570963,23.705
2011-06-13,127.7,147.77,46.657096200000005,24.04
2011-06-14,129.32,148.67,47.49138108,24.22
2011-06-15,127.02,149.12,46.67852475,23.74
2011-06-16,127.3,148.97,46.451382120000005,23.995
2011-06-17,127.05,149.94,45.75138282,24.26
2011-06-20,127.7,150.03,45.04566924,24.47
2011-06-21,129.45,150.76,46.47138210000001,24.76
2011-06-22,128.67,150.99,46.08709677,24.65
2011-06-23,128.301,148.339,47.318524110000006,24.63
2011-06-24,126.81,146.26,46.62138195000001,24.3
2011-06-27,127.94,145.73,47.43423828000001,25.2
2011-06-28,129.61,146.24,47.89423782,25.8
2011-06-29,130.72,147.18,47.71995228000001,25.62
2011-06-30,131.97,146.001,47.95280919,26.0
2011-07-01,133.92,144.93,49.03709382,26.02
2011-07-04,,,,
2011-07-05,133.81,147.63,49.918521510000005,26.03
2011-07-06,133.97,148.91,50.25137832,26.33
2011-07-07,135.36,149.15,51.028520400000005,26.77
2011-07-08,134.4,150.25,51.38709147,26.92
2011-07-11,131.97,151.59,50.571378,26.63
2011-07-12,131.4,152.77,50.535663750000005,26.54
2011-07-13,131.84,154.14,51.14566314,26.63
2011-07-14,130.93,154.54,51.10994889,26.47
2011-07-15,131.69,155.2,52.13137644,26.78
2011-07-18,130.61,156.57,53.39994660000001,26.59
2011-07-19,132.73,154.66,53.835660450000006,27.54
2011-07-20,132.65,156.02,55.2713733,27.06
2011-07-21,134.49,154.83,55.32708753000001,27.095
2011-07-22,134.58,156.12,56.185658100000005,27.53
2011-07-25,133.83,157.34,56.928514500000006,27.91
2011-07-26,133.33,157.77,57.62994237000001,28.08
2011-07-27,130.6,157.19,56.08422963,27.33
2011-07-28,130.22,157.32,55.974229740000006,27.72
2011-07-29,129.33,158.29,55.78280136000001,27.4
2011-08-01,128.78,157.72,56.678514750000005,27.27
2011-08-02,125.49,161.52,55.55851587000001,26.8
2011-08-03,126.17,161.49,56.08137249000001,26.92
2011-08-04,120.26,160.64,53.909946090000005,25.94
2011-08-05,120.08,161.75,53.374232340000006,25.68
2011-08-08,112.26,167.119,50.45852097,24.48
2011-08-09,117.48,168.61,53.429946570000006,25.58
2011-08-10,112.29,174.58,51.95566233,24.2
2011-08-11,117.33,170.75,53.385660900000005,25.19
2011-08-12,118.12,169.97,53.85566043000001,25.1
2011-08-15,120.62,171.8,54.77280237000001,25.51
2011-08-16,119.59,173.92,54.35423136000001,25.35
2011-08-17,119.67,174.42,54.34851708000001,25.245
2011-08-18,114.51,177.72,52.29280485,24.67
2011-08-19,112.64,179.95,50.86137771,24.05
2011-08-22,112.73,184.59,50.91994908,23.98
2011-08-23,116.44,177.67,53.37137520000001,24.72
2011-08-24,118.08,171.646,53.73994626,24.9
2011-08-25,116.28,172.36,53.38851804000001,24.57
2011-08-26,117.97,177.47,54.79708806,25.25
2011-08-29,121.36,173.89,55.70994429000001,25.84
2011-08-30,121.68,179.1,55.712801430000006,26.23
2011-08-31,122.22,177.72,54.975659310000005,26.6
2011-09-01,120.94,177.87,54.43280271,26.21
2011-09-02,117.85,183.238,53.435660850000005,25.8
2011-09-05,,,,
2011-09-06,116.99,182.9,54.24851718000001,25.51
2011-09-07,120.29,177.08,54.84708801000001,26.0
2011-09-08,119.04,181.81,54.877087980000006,26.22
2011-09-09,115.92,180.7,53.92566036000001,25.74
2011-09-12,116.67,176.67,54.27708858,25.89
2011-09-13,117.74,178.54,54.945659340000006,26.04
2011-09-14,119.37,177.21,55.61423010000001,26.5
2011-09-15,121.43,174.4,56.13708672,26.99
2011-09-16,121.521,176.03,57.2142285,27.12
2011-09-19,120.31,173.31,58.80422691,27.21
2011-09-20,120.17,175.78,59.06422665,26.98
2011-09-21,116.63,173.59,58.87708398,25.99
2011-09-22,112.86,169.05,57.402799740000006,25.06
2011-09-23,113.54,159.8,57.757085100000005,25.06
2011-09-26,116.24,157.58,57.595656690000006,25.44
2011-09-27,117.54,160.63,57.03708582,25.67
2011-09-28,115.145,156.22,56.715657570000005,25.575
2011-09-29,116.05,157.7,55.79565849,25.45
2011-09-30,113.15,158.06,54.47423124,24.89
2011-10-03,109.93,160.96,53.51423220000001,24.53
2011-10-04,112.34,157.644,53.2142325,25.34
2011-10-05,114.42,159.46,54.03566025000001,25.89
2011-10-06,116.49,160.49,53.909946090000005,26.34
2011-10-07,115.71,159.18,52.8285186,26.25
2011-10-10,119.58,163.266,55.544230170000006,26.94
2011-10-11,119.7,162.1,57.184228530000006,27.0
2011-10-12,120.75,163.26,57.45565683,26.96
2011-10-13,120.51,162.3,58.34708451000001,27.18
2011-10-14,122.57,163.4,60.28565400000001,27.27
2011-10-17,120.23,162.62,59.99851143000001,26.98
2011-10-18,122.58,161.84,60.319939680000005,27.31
2011-10-19,121.13,159.87,56.94565734,27.13
2011-10-20,121.66,157.77,56.472800670000005,27.04
2011-10-21,123.97,159.52,56.124229590000006,27.16
2011-10-24,125.49,161.02,57.96708489,27.19
2011-10-25,123.049,165.59,56.82422889,26.81
2011-10-26,124.3,167.4,57.228514200000006,26.59
2011-10-27,128.63,169.55,57.81279933,27.25
2011-10-28,128.6,169.62,57.84994215,26.98
2011-10-31,125.5,167.34,57.82565646,26.63
2011-11-01,122.002,167.38,56.64422907,25.99
2011-11-02,123.99,169.06,56.772800370000006,26.01
2011-11-03,126.25,171.72,57.58137099,26.53
2011-11-04,125.481,170.85,57.177085680000005,26.25
2011-11-07,126.26,174.98,57.10422861000001,26.8
2011-11-08,127.88,173.53,58.032799110000006,27.16
2011-11-09,123.161,172.07,56.46851496,26.2
2011-11-10,124.32,171.14,55.03137354000001,26.28
2011-11-11,126.66,173.96,54.945659340000006,26.91
2011-11-14,125.46,173.2,54.17994582,26.76
2011-11-15,126.083,173.36,55.54708731,26.74
2011-11-16,124.08,171.51,54.96708789,26.07
2011-11-17,122.105,167.1,53.915660370000005,25.54
2011-11-18,121.979,167.62,53.56280358,25.3
2011-11-21,119.661,163.5,52.71566157,25.0
2011-11-22,119.19,165.31,53.78708907,24.79
2011-11-23,116.56,164.83,52.42709043000001,24.47
2011-11-24,,,,
2011-11-25,116.34,163.4,51.93851949,24.3
2011-11-28,119.71,166.63,53.73137484000001,24.87
2011-11-29,120.05,166.88,53.3142324,24.84
2011-11-30,124.99,170.13,54.5999454,25.58
2011-12-01,124.97,169.63,55.418516010000005,25.28
2011-12-02,124.86,169.82,55.6713729,25.22
2011-12-05,126.22,167.32,56.14422957,25.7
2011-12-06,126.26,168.18,55.849944150000006,25.66
2011-12-07,126.73,169.4,55.58423013,25.6
2011-12-08,123.95,165.976,55.80851562000001,25.4
2011-12-09,126.05,166.4,56.23137234000001,25.7
2011-12-12,124.21,161.99,55.97708688,25.51
2011-12-13,123.05,158.45,55.544230170000006,25.76
2011-12-14,121.74,152.89,54.31280283,25.59
2011-12-15,122.185,152.33,54.134231580000005,25.56
2011-12-16,121.59,155.23,54.43137414,26.0
2011-12-19,120.29,154.87,54.60137397,25.53
2011-12-20,123.93,156.98,56.56422915,26.025
2011-12-21,124.17,157.16,56.634943365000005,25.76
2011-12-22,125.27,156.04,56.93565735000001,25.81
2011-12-23,126.39,156.31,57.61851381,26.03
2011-12-26,,,,
2011-12-27,126.49,154.91,58.07565621,26.04
2011-12-28,124.83,151.03,57.519942480000005,25.82
2011-12-29,126.12,150.34,57.87422784,26.02
2011-12-30,125.5,151.99,57.857085000000005,25.96
2012-01-02,,,,
2012-01-03,127.495,155.92,58.74708411000001,26.765
2012-01-04,127.7,156.71,59.06279808000001,27.4
2012-01-05,128.04,157.78,59.71851171,27.68
2012-01-06,127.71,157.2,60.3427968,28.105
2012-01-09,128.02,156.5,60.24708261000001,27.74
2012-01-10,129.13,158.64,60.46279668,27.84
2012-01-11,129.2,159.67,60.364225350000005,27.72
2012-01-12,129.51,160.38,60.19851123,28.0
2012-01-13,128.84,159.26,59.97279717000001,28.25
2012-01-16,,,,
2012-01-17,129.34,160.5,60.6713679,28.255
2012-01-18,130.77,161.6,61.30136727000001,28.23
2012-01-19,131.46,161.22,61.107081750000006,28.12
2012-01-20,131.95,162.07,60.04279710000001,29.71
2012-01-23,131.61,163.16,61.058367513,29.73
2012-01-24,131.46,162.01,60.058511370000005,29.34
2012-01-25,132.56,166.42,63.80850762000001,29.56
2012-01-26,131.88,167.27,63.51850791,29.5
2012-01-27,131.82,168.97,63.89707896,29.23
2012-01-30,131.37,168.03,64.71564957000001,29.61
2012-01-31,131.32,169.31,65.21136336,29.53
2012-02-01,132.47,169.56,65.16993483,29.89
2012-02-02,132.68,171.05,65.01707784,29.95
2012-02-03,134.54,167.64,65.66850576,30.24
2012-02-06,134.45,167.18,66.28136229,30.2
2012-02-07,134.79,169.7,66.97564731,30.35
2012-02-08,135.19,168.5,68.09707476000001,30.66
2012-02-09,135.36,168.02,70.45278669000001,30.77
2012-02-10,134.361,167.14,70.48850094000001,30.495
2012-02-13,135.36,167.51,71.79992820000001,30.58
2012-02-14,135.19,167.12,72.77992722,30.25
2012-02-15,134.56,168.108,71.09564319,30.05
2012-02-16,136.049,168.0,71.74421397,31.285
2012-02-17,136.41,167.35,71.73135684,31.25
2012-02-20,,,,
2012-02-21,136.47,171.02,73.54992645000002,31.44
2012-02-22,136.032,172.94,73.29135528,31.27
2012-02-23,136.631,173.02,73.76992623000001,31.37
2012-02-24,136.93,172.231,74.62992537,31.48
2012-02-27,137.16,171.7,75.10849632,31.35
2012-02-28,137.559,173.49,76.48706637000001,31.87
2012-02-29,137.02,164.286,77.49135108000002,31.74
2012-03-01,137.73,166.61,77.78135079,32.29
2012-03-02,137.312,166.34,77.88277925999999,32.075
2012-03-05,136.75,165.65,76.16563812,31.8
2012-03-06,134.75,162.7,75.75135282000001,31.555
2012-03-07,135.69,163.63,75.81278133,31.84
2012-03-08,137.04,165.28,77.42706543000001,32.01
2012-03-09,137.57,166.3799,77.88135069,31.99
2012-03-12,137.58,165.07,78.85706400000001,32.04
2012-03-13,140.062,162.3,81.15706170000001,32.67
2012-03-14,139.91,159.57,84.22563006000001,32.77
2012-03-15,140.72,161.08,83.65134492,32.85
2012-03-16,140.3,161.3,83.65277349000002,32.6
2012-03-19,140.85,161.59,85.87134270000001,32.2
2012-03-20,140.44,160.13,86.56562772000001,31.99
2012-03-21,140.21,160.21,86.0713425,31.91
2012-03-22,139.2,159.57,85.61991438000001,31.995
2012-03-23,139.65,161.5329,85.14991485,32.01
2012-03-26,141.61,164.4,86.71134186,32.59
2012-03-27,141.17,163.24,87.78276936,32.52
2012-03-28,140.47,161.51,88.23134034,32.19
2012-03-29,140.23,161.28,87.12277002,32.12
2012-03-30,140.81,162.12,85.64991435,32.255
2012-04-02,141.84,162.94,88.37562591000001,32.29
2012-04-03,141.26,159.89,89.90276724000002,31.94
2012-04-04,139.86,157.21,89.18705367,31.21
2012-04-05,139.79,158.31,90.52562376,31.52
2012-04-06,,,,
2012-04-09,138.22,159.37,90.88990911,31.1
2012-04-10,135.9,161.1,89.77705308000002,30.47
2012-04-11,137.0,161.065,89.45705340000002,30.345
2012-04-12,138.79,162.7,88.96705389,30.975
2012-04-13,137.14,160.85,86.46134211,30.81
2012-04-16,137.05,160.46,82.87563141000001,31.075
2012-04-17,139.082,160.27,87.0999129,31.44
2012-04-18,138.61,159.31,86.90562738000001,31.14
2012-04-19,137.72,159.43,83.91991608000002,31.01
2012-04-20,137.95,159.54,81.85420386000001,32.42
2012-04-23,136.79,159.07,81.67134690000002,32.12
2012-04-24,137.31,159.3,80.03991996,31.92
2012-04-25,139.19,159.62,87.14277000000001,32.2
2012-04-26,140.16,161.03,86.81419890000001,32.11
2012-04-27,140.39,161.38,86.14277100000001,31.98
2012-04-30,139.87,161.88,83.42563086000001,32.015
2012-05-01,140.74,161.32,83.16134541000001,32.01
2012-05-02,140.325,160.59,83.71134486000001,31.8
2012-05-03,139.25,158.97,83.11705974000002,31.76
2012-05-04,137.0,159.47,80.74991925,30.98
2012-05-07,137.1,159.08,81.35420436000001,30.65
2012-05-08,136.55,156.0,81.16849026,30.5
2012-05-09,135.74,154.47,81.31134726,30.76
2012-05-10,136.02,154.77,81.50277564000001,30.74
2012-05-11,135.61,153.56,80.95849047000002,31.16
2012-05-14,134.11,151.33,79.74563454000001,30.68
2012-05-15,133.34,149.74,79.02420669,30.21
2012-05-16,132.829,149.46,78.01063627500001,29.9
2012-05-17,130.86,152.8,75.73135284000001,29.72
2012-05-18,129.74,154.55,75.76849566,29.27
2012-05-21,131.97,154.65,80.18277696,29.75
2012-05-22,132.2,152.08,79.56706329000001,29.76
2012-05-23,132.27,151.62,81.50848992,29.11
2012-05-24,132.53,151.41,80.75991924000002,29.07
2012-05-25,132.1,152.68,80.32706253,29.06
2012-05-28,,,,
2012-05-29,133.7,151.02,81.75277539000001,29.56
2012-05-30,131.76,151.91,82.73848869,29.34
2012-05-31,131.47,151.62,82.53277461,29.19
2012-06-01,128.16,157.5,80.14134843000001,28.45
2012-06-04,128.1,157.32,80.61277653,28.55
2012-06-05,129.07,157.14,80.40420531000001,28.505
2012-06-06,131.97,157.21,81.63706122,29.35
2012-06-07,132.05,154.5,81.67420404,29.23
2012-06-08,133.1,154.73,82.90277424000001,29.65
2012-06-11,131.415,155.36,81.59563269,28.895
2012-06-12,132.92,156.4594,82.30848912,29.29
2012-06-13,132.07,157.12,81.73706112,29.13
2012-06-14,133.47,157.75,81.64706121,29.34
2012-06-15,134.14,157.84,82.01848941,30.02
2012-06-18,134.4,157.93,83.68277346,29.84
2012-06-19,135.7,157.16,83.91563037,30.7
2012-06-20,135.48,155.97,83.677202037,30.93
2012-06-21,132.44,152.015,82.52420319,30.135
2012-06-22,133.46,152.64,83.1570597,30.7
2012-06-25,131.32,153.76,81.53777560500001,29.865
2012-06-26,131.98,152.62,81.717775425,30.02
2012-06-27,133.173,152.83,82.0713465,30.17
2012-06-28,132.79,151.05,81.29277585,29.91
2012-06-29,136.105,155.19,83.428488,30.59
2012-07-02,136.51,155.09,84.64562964000001,30.56
2012-07-03,137.412,157.46,85.62991437000001,30.76
2012-07-04,,,,
2012-07-05,136.79,155.68,87.13419858000002,30.7
2012-07-06,135.49,153.71,86.55419916000001,30.185
2012-07-09,135.32,154.04,87.69848373,30.0
2012-07-10,134.14,152.15,86.88705597,29.74
2012-07-11,134.16,152.99,86.34705651,29.3
2012-07-12,133.51,152.59,85.5570573,28.63
2012-07-13,135.75,154.14,86.42419929,29.39
2012-07-16,135.43,154.21,86.70134187000001,29.44
2012-07-17,136.36,153.47,86.70562758000001,29.66
2012-07-18,137.37,153.05,86.60848482,30.45
2012-07-19,137.73,153.38,87.75991224000002,30.665
2012-07-20,136.47,153.67,86.3284851,30.115
2012-07-23,135.09,153.03,86.26134231000002,29.28
2012-07-24,133.925,153.52,85.84562844,29.15
2012-07-25,133.96,155.67,82.13848929000001,28.83
2012-07-26,136.17,156.77,82.12563216000001,29.16
2012-07-27,138.675,157.54,83.59420212,29.755
2012-07-30,138.68,157.43,85.00420071,29.64
2012-07-31,137.71,156.49,87.25134132000001,29.47
2012-08-01,137.59,155.14,86.68705617,29.41
2012-08-02,136.64,154.13,86.82705603000001,29.19
2012-08-03,139.349,155.55,87.95705490000002,29.75
2012-08-06,139.62,156.3,88.93562535,29.95
2012-08-07,140.32,156.28,88.701911298,30.26
2012-08-08,140.49,156.48,88.55134002000001,30.33
2012-08-09,140.61,156.99,88.67562561000001,30.5
2012-08-10,140.84,157.18,88.81419690000001,30.42
2012-08-13,140.77,155.99,89.99991000000001,30.39
2012-08-14,140.79,155.13,90.24133833000002,30.13
2012-08-15,140.95,155.63,90.11848131,30.2
2012-08-16,141.99,156.56,90.90562338,30.78
2012-08-17,142.18,156.72,92.58705027,30.9
2012-08-20,142.19,157.26,95.02133355,30.74
2012-08-21,141.76,158.83,93.723049134,30.8
2012-08-22,141.82,160.54,95.55276159,30.54
2012-08-23,140.665,161.89,94.66133391,30.255
2012-08-24,141.51,161.97,94.745905254,30.56
2012-08-27,141.54,161.36,96.52561776,30.69
2012-08-28,141.4,161.64,96.3999036,30.63
2012-08-29,141.51,160.59,96.209332362,30.65
2012-08-30,140.49,160.52,94.838190876,30.32
2012-08-31,141.16,164.22,95.03419068,30.82
2012-09-03,,,,
2012-09-04,141.03,164.48,96.42418929000002,30.385
2012-09-05,140.91,164.31,95.74704711,30.39
2012-09-06,143.77,164.89,96.60990339,31.345
2012-09-07,144.33,168.44,97.20561708,30.95
2012-09-10,143.51,167.29,94.67704818,30.72
2012-09-11,143.91,167.9,94.36990563000002,30.79
2012-09-12,144.39,167.92,95.68419003,30.78
2012-09-13,146.59,171.31,97.56847386,30.935
2012-09-14,147.24,171.8,98.75418696,31.21
2012-09-17,146.74,170.4,99.968614317,31.21
2012-09-18,146.62,171.72,100.27275687,31.175
2012-09-19,146.7,171.74,100.2998997,31.052
2012-09-20,146.71,171.47,99.8141859,31.45
2012-09-21,145.87,171.96,100.013471415,31.19
2012-09-24,145.645,171.05,98.68418703,30.78
2012-09-25,144.1,170.77,96.21990378,30.39
2012-09-26,143.295,169.81,95.02561926,30.165
2012-09-27,144.64,172.34,97.33133124,30.16
2012-09-28,143.97,171.89,95.300618985,29.76
2012-10-01,144.345,172.295,94.19847723,29.49
2012-10-02,144.5,172.1,94.47276267,29.66
2012-10-03,145.09,172.41,95.92133265,29.86
2012-10-04,146.125,173.61,95.2570476,30.03
2012-10-05,146.14,172.62,93.22704963,29.85
2012-10-08,145.642,172.05,91.16705169,29.78
2012-10-09,144.2,170.99,90.83562345,29.28
2012-10-10,143.28,170.84,91.55847987,28.98
2012-10-11,143.36,171.32,89.72848170000002,28.95
2012-10-12,142.89,170.06,89.95905289800001,29.2
2012-10-15,144.08,168.35,90.67990932,29.51
2012-10-16,145.54,169.42,92.82740717250002,29.49
2012-10-17,146.2,169.54,92.08756505520002,29.59
2012-10-18,145.82,168.7891,90.37705248,29.495
2012-10-19,143.3896,166.97,87.11991288000002,28.64
2012-10-22,143.41,167.58,90.57562371,28.0
2012-10-23,141.42,165.4258,87.62211237780001,28.047
2012-10-24,141.02,164.8603,88.11848331000002,27.9019
2012-10-25,141.43,166.02,87.07677006600001,27.88
2012-10-26,141.35,165.93,86.285628,28.21
2012-10-29,,,,
2012-10-30,,,,
2012-10-31,141.35,166.83,85.04562924000001,28.54
2012-11-01,142.83,166.07,85.2199004943,29.515
2012-11-02,141.56,162.6,82.3999176,29.4998
2012-11-05,141.8486,163.23,83.51721648270001,29.63
2012-11-06,142.96,166.3,83.2641310215,29.86
2012-11-07,139.72,166.49,79.7144774283,29.08
2012-11-08,138.04,167.99,76.82135175,28.81
2012-11-09,138.16,167.82,78.15135042,28.83
2012-11-12,138.265,167.45,77.54706531000001,28.22
2012-11-13,137.79,167.1,77.556779586,27.0895
2012-11-14,135.9299,167.14,76.69706616,26.84
2012-11-15,135.7,166.09,75.08849634,26.6607
2012-11-16,136.37,165.88,75.382496046,26.5209
2012-11-19,139.13,167.87,80.81849061000001,26.7277
2012-11-20,139.19,167.39,80.13040558380001,26.71
2012-11-21,139.45,167.56,80.24277690000001,26.95
2012-11-22,,,,
2012-11-23,141.35,169.61,81.64277550000001,27.7
2012-11-26,141.05,169.43,84.21848721,27.385
2012-11-27,140.33,168.71,83.53991646,27.08
2012-11-28,141.46,166.55,83.27705958000001,27.36
2012-11-29,142.12,167.1817,84.19420152,26.95
2012-11-30,142.155,166.05,83.61134496,26.615
2012-12-03,141.45,166.1267,83.74134483000002,26.4294
2012-12-04,141.25,164.42,82.26354630780001,26.37
2012-12-05,141.5,164.12,76.9702516011,26.67
2012-12-06,141.98,164.5,78.17770753650001,26.725
2012-12-07,142.415,165.165,76.17849525000001,26.455
2012-12-10,142.473,165.8,75.68862431130002,26.94
2012-12-11,143.44,165.65,77.34106551600001,27.32
2012-12-12,143.51,165.77,76.99992300000001,27.24
2012-12-13,142.63,164.37,75.66992433000001,27.11
2012-12-14,142.1051,164.13,72.827641458,26.81
2012-12-17,143.77,164.44,74.11849731000001,27.095
2012-12-18,145.37,162.08,76.2713523,27.56
2012-12-19,144.29,161.69,75.18706767,27.31
2012-12-20,145.12,159.73,74.5328111814,27.68
2012-12-21,142.79,160.33,74.18992581,27.45
2012-12-24,142.35,160.62,74.30963997600001,27.06
2012-12-25,,,,
2012-12-26,141.75,160.78,73.2855695715,26.86
2012-12-27,141.5616,161.16,73.57992641999999,26.96
2012-12-28,140.03,160.54,72.7983843444,26.55
2012-12-31,142.41,162.0204,76.02462397530002,26.7097
2013-01-01,,,,
2013-01-02,146.06,163.17,78.43277871000001,27.62
2013-01-03,145.7341,161.2,77.44219398630001,27.25
2013-01-04,146.37,160.44,75.285639,26.74
2013-01-07,145.9695,159.43,74.8427823,26.69
2013-01-08,145.5496,160.56,75.04421067,26.55
2013-01-09,145.92,160.49,73.87135470000001,26.7
2013-01-10,147.08,161.98,74.78706807,26.46
2013-01-11,147.07,161.06,74.32849709999999,26.83
2013-01-14,146.97,161.54,71.67849975,26.89
2013-01-15,147.07,162.558,69.41707344000001,27.21
2013-01-16,147.05,162.65,72.29849913,27.04
2013-01-17,148.0,163.35,71.81135676000001,27.25
2013-01-18,148.33,163.09,71.4285,27.25
2013-01-21,,,,
2013-01-22,149.13,163.67,72.10992789000001,27.15
2013-01-23,149.37,163.21,73.429212285,27.61
2013-01-24,149.41,161.42,64.3570785,27.63
2013-01-25,150.25,160.65,62.839937160000005,27.88
2013-01-28,150.07,160.29,64.26136431,27.911
2013-01-29,150.66,160.99,65.46707739,28.01
2013-01-30,150.07,162.19,65.26136331000001,27.85
2013-01-31,149.7,161.2,65.06993493,27.45
2013-02-01,151.24,161.45,64.80279234000001,27.93
2013-02-04,149.535,162.0,63.187936812,27.44
2013-02-05,151.05,161.96,65.406220308,27.495
2013-02-06,151.16,162.39,65.33564895,27.34
2013-02-07,150.96,161.84,66.88850454000001,27.283
2013-02-08,151.8,161.57,67.85421786,27.55
2013-02-11,151.77,159.7,68.56136001,27.86
2013-02-12,152.02,159.89,66.8427903,27.88
2013-02-13,152.151,159.05,66.71564757,28.03
2013-02-14,152.29,158.348,66.65564763,28.04
2013-02-15,152.11,155.76,65.73707712000001,28.01
2013-02-18,,,,
2013-02-19,153.25,155.33,65.71279143000001,28.045
2013-02-20,151.34,151.44,64.12136445,27.87
2013-02-21,150.42,152.62,63.72279342,27.49
2013-02-22,151.89,152.97,64.40136417000001,27.76
2013-02-25,149.0,154.34,63.2570796,27.37
2013-02-26,150.02,156.22,64.13850729,27.37
2013-02-27,151.91,154.57,63.50993649,27.81
2013-02-28,151.61,153.0,63.0570798,27.8
2013-03-01,152.11,152.44,61.49565279000001,27.95
2013-03-04,152.92,152.3,60.00708285,28.15
2013-03-05,154.29,152.38,61.591938408,28.35
2013-03-06,154.5,153.23,60.808796334,28.09
2013-03-07,154.776,152.69,61.511652774000005,28.14
2013-03-08,155.44,152.71,61.674224040000006,28.0
2013-03-11,156.03,152.99,62.552794590000005,27.87
2013-03-12,155.68,154.19,61.20422451,27.91
2013-03-13,155.905,153.66,61.19279595000001,27.915
2013-03-14,156.73,153.68,61.785652500000005,28.135
2013-03-15,155.83,154.001,63.37993662000001,28.035
2013-03-18,154.97,155.38,65.10279204000001,28.1
2013-03-19,154.61,156.08,64.92707793000001,28.18
2013-03-20,155.69,155.37,64.58279256,28.315
2013-03-21,154.359,156.246,64.67564961000001,28.11
2013-03-22,155.6,155.55,65.98707687000001,28.25
2013-03-25,154.95,155.24,66.22564806,28.16
2013-03-26,156.19,154.72,65.87650555200001,28.155
2013-03-27,156.19,155.36,64.58279256,28.37
2013-03-28,156.67,154.47,63.23707962000001,28.605
2013-03-29,,,,
2013-04-01,156.05,154.67,61.27279587000001,28.61
2013-04-02,156.82,152.43,61.398795744000005,28.8
2013-04-03,155.23,150.73,61.71279543000001,28.56
2013-04-04,155.86,150.29,61.10279604000001,28.595
2013-04-05,155.158,152.81,60.4570824,28.7
2013-04-08,156.21,152.16,60.88708197,28.59
2013-04-09,156.75,153.34,60.99708186000001,29.61
2013-04-10,158.67,150.75,62.241366330000005,30.28
2013-04-11,159.19,151.05,62.04708081,28.935
2013-04-12,158.8,143.95,61.399938600000006,28.79
2013-04-15,155.118,131.31,59.978511450000006,28.69
2013-04-16,157.41,132.8,60.89136768000001,28.97
2013-04-17,155.11,132.87,57.54279960000001,28.825
2013-04-18,154.14,134.3,56.00708685000001,28.79
2013-04-19,155.48,135.47,55.78994421,29.765
2013-04-22,156.17,137.9,56.952800190000005,30.83
2013-04-23,157.78,136.88,58.01851341,30.6
2013-04-24,157.88,138.3699,57.923084934,31.76
2013-04-25,158.52,141.63,58.33994166,31.94
2013-04-26,158.24,140.91,59.600654685,31.79
2013-04-29,159.3,142.3,61.44565284000001,32.61
2013-04-30,159.68,142.77,63.25422246,33.1
2013-05-01,158.28,141.11,62.75565153000001,32.72
2013-05-02,159.75,141.92,63.64565064,33.16
2013-05-03,161.368,142.09,64.28279286000001,33.49
2013-05-06,161.78,142.15,65.81564847,33.75
2013-05-07,162.5999,140.38,65.522505906,33.31
2013-05-08,163.34,142.46,66.26279088,32.99
2013-05-09,162.881,140.81,65.25279189,32.66
2013-05-10,163.41,139.6,64.70993529,32.69
2013-05-13,163.54,138.43,64.96279218000001,33.03
2013-05-14,165.23,137.81,63.408508020000006,33.53
2013-05-15,166.115,134.63,61.26422445000001,33.845
2013-05-16,165.34,134.09,62.082509346,34.08
2013-05-17,166.94,131.07,61.89422382,34.87
2013-05-20,166.93,135.12,63.27565101,35.08
2013-05-21,167.17,132.88,62.80850862000001,34.85
2013-05-22,165.93,131.94,63.050508378,34.61
2013-05-23,165.45,134.61,63.16279398,34.15
2013-05-24,165.308,133.76,63.59279355,34.269
2013-05-27,,,,
2013-05-28,166.3,133.49,63.06265122300001,35.02
2013-05-29,165.22,134.83,63.564222150000006,34.88
2013-05-30,165.83,136.7,64.51136406,35.03
2013-05-31,163.445,133.92,64.247792895,34.9
2013-06-03,164.35,136.51,64.38850704000001,35.59
2013-06-04,163.56,135.23,64.18707867,34.99
2013-06-05,161.272,135.52,63.58707927,34.78
2013-06-06,162.73,136.53,62.63708022,34.96
2013-06-07,164.8,133.28,63.115794027,35.67
2013-06-10,164.8,133.94,62.69850873,35.47
2013-06-11,163.098,133.25,62.51422320000001,34.84
2013-06-12,161.75,134.25,61.74136683,35.0
2013-06-13,164.21,133.74,62.280652005,34.715
2013-06-14,163.175,134.43,61.43565285,34.4
2013-06-17,164.44,133.77,61.714224,35.0
2013-06-18,165.735,132.13,61.68136689,34.98
2013-06-19,163.45,130.59,60.42851100000001,34.59
2013-06-20,159.4,123.6,59.548226166000006,33.49
2013-06-21,159.07,125.05,59.0713695,33.265
2013-06-24,157.06,123.93,57.50565678000001,33.715
2013-06-25,158.575,123.47,57.51851391,33.67
2013-06-26,160.14,118.28,56.86708599000001,34.35
2013-06-27,161.08,115.94,56.25422946,34.62
2013-06-28,160.42,119.11,56.64708621,34.545
2013-07-01,161.36,121.13,58.45994154000001,34.36
2013-07-02,161.21,120.05,59.784225930000005,33.94
2013-07-03,161.28,120.74,60.114225600000005,34.01
2013-07-04,,,,
2013-07-05,163.02,118.09,59.63136894000001,34.21
2013-07-08,163.945,119.51,59.29279785000001,34.325
2013-07-09,165.13,120.62,60.33565395000001,34.35
2013-07-10,165.192,120.95,60.10422561000001,34.7
2013-07-11,167.44,124.24,61.04108181600001,35.685
2013-07-12,167.51,124.13,60.92993907,35.67
2013-07-15,168.155,124.18,61.062796080000005,36.17
2013-07-16,167.525,124.89,61.456367115000006,36.27
2013-07-17,167.9501,123.32,61.47279567,35.74
2013-07-18,168.87,124.01,61.679652606000005,35.44
2013-07-19,169.17,125.11,60.707082150000005,31.4
2013-07-22,169.5,128.84,60.901367670000006,32.01
2013-07-23,169.14,129.71,59.85565443000001,31.82
2013-07-24,168.52,127.48,62.92993707,31.96
2013-07-25,168.93,128.67,62.64279450000001,31.39
2013-07-26,169.11,128.78,62.99850843000001,31.62
2013-07-29,168.59,128.47,63.96993603000001,31.54
2013-07-30,168.588,128.12,64.75993524,31.85
2013-07-31,168.71,127.96,64.64707821,31.84
2013-08-01,170.66,126.61,65.23936333200001,31.67
2013-08-02,170.95,126.36,66.07707678000001,31.89
2013-08-05,170.7,125.7,67.06421865,31.7
2013-08-06,169.73,123.97,66.46421925,31.58
2013-08-07,169.18,124.15,66.42564786000001,32.063
2013-08-08,169.8,126.86,65.85850557,32.89
2013-08-09,169.31,126.86,64.92136365,32.7
2013-08-12,169.111,129.13,66.76564752,32.87
2013-08-13,169.61,127.74,69.93850149000001,32.23
2013-08-14,168.74,129.0,71.21421450000001,32.35
2013-08-15,166.38,131.69,71.12992887000001,31.79
2013-08-16,165.83,132.58,71.76135681000001,31.8
2013-08-19,164.77,132.01,72.53421318000001,31.393
2013-08-20,165.58,132.45,71.58135699,31.62
2013-08-21,164.56,132.07,71.76564252000001,31.61
2013-08-22,166.06,132.81,71.85135672,32.39
2013-08-23,166.62,134.9,71.57421414000001,34.75
2013-08-26,166.0,135.45,71.85278529000001,34.15
2013-08-27,163.33,136.75,69.79850163,33.26
2013-08-28,163.91,136.71,70.12792987200001,33.02
2013-08-29,164.17,135.87,70.2427869,33.55
2013-08-30,163.65,134.62,69.60221611200001,33.4
2013-09-02,,,,
2013-09-03,164.39,136.42,69.79707306,31.88
2013-09-04,165.75,134.66,71.241500187,31.195
2013-09-05,165.96,132.2,70.75278639,31.235
2013-09-06,166.04,134.15,71.17421454000001,31.152
2013-09-09,167.634,133.91,72.30992769000001,31.655
2013-09-10,168.87,131.74,70.66278648000001,32.39
2013-09-11,169.4,131.7,66.81564747,32.74
2013-09-12,168.95,127.67,67.52707533,32.69
2013-09-13,169.33,127.82,66.4142193,33.03
2013-09-16,170.31,126.45,64.30279284000001,32.801
2013-09-17,171.07,126.5,65.04564924,32.93
2013-09-18,173.051,132.01,66.38279076,33.32
2013-09-19,172.76,131.75,67.47136110000001,33.64
2013-09-20,170.72,127.96,66.77279037000001,32.791
2013-09-23,169.93,127.55,70.09135848000001,32.74
2013-09-24,169.53,127.66,69.87135870000002,32.455
2013-09-25,169.04,128.79,68.78993121,32.505
2013-09-26,169.69,127.79,69.45993054000002,32.77
2013-09-27,168.909,128.97,68.96421675,33.27
2013-09-30,168.01,128.18,68.10707475000001,33.28
2013-10-01,169.34,124.59,69.70850172,33.58
2013-10-02,169.18,127.06,69.93707292,33.92
2013-10-03,167.62,127.18,69.05850237000001,33.86
2013-10-04,168.89,126.53,69.00421671000001,33.88
2013-10-07,167.43,127.64,69.67850175000001,33.3
2013-10-08,165.48,127.4,68.70564558000001,33.01
2013-10-09,165.6,126.11,69.512501916,33.07
2013-10-10,169.17,124.27,69.948215766,33.76
2013-10-11,170.26,122.6,70.40164388400001,34.13
2013-10-14,170.94,122.83,70.86278628000001,34.45
2013-10-15,169.7,123.73,71.23992876000001,34.49
2013-10-16,172.07,123.54,71.587642698,34.64
2013-10-17,173.22,127.42,72.07135650000001,34.92
2013-10-18,174.388,126.85,72.69849873,34.96
2013-10-21,174.4,126.98,74.480211234,34.99
2013-10-22,175.41,129.34,74.2667114475,34.58
2013-10-23,174.57,128.69,74.99421072000001,33.76
2013-10-24,175.15,129.9,75.98706687,33.72
2013-10-25,175.95,130.46,75.136782006,35.73
2013-10-28,176.23,130.56,75.696495732,35.57
2013-10-29,177.17,129.77,73.811069046,35.52
2013-10-30,176.29,129.6,74.985067872,35.54
2013-10-31,175.79,127.74,74.671639614,35.405
2013-11-01,176.21,126.95,74.28992571,35.525
2013-11-04,176.83,126.81,75.24992475,35.94
2013-11-05,176.27,126.56,75.064067793,36.64
2013-11-06,177.17,127.2,74.41706844,38.18
2013-11-07,174.93,126.16,73.213069644,37.5
2013-11-08,177.29,124.279,74.36563991999999,37.78
2013-11-11,177.32,123.87,74.149640136,37.59
2013-11-12,176.96,122.45,74.28706857,37.36
2013-11-13,178.38,122.85,74.376211338,38.155
2013-11-14,179.27,124.27,75.45135312000001,38.021
2013-11-15,180.05,124.32,74.998639287,37.841
2013-11-18,179.42,122.9,74.089783053,37.2
2013-11-19,179.03,122.95,74.22135435,36.74
2013-11-20,178.47,120.12,73.57135500000001,37.08
2013-11-21,179.91,119.94,74.447925552,37.4
2013-11-22,180.81,119.92,74.2570686,37.57
2013-11-25,180.63,120.46,74.81992518000001,37.64
2013-11-26,180.68,119.82,76.19992380000001,37.35
2013-11-27,181.12,119.46,77.99420772,37.6
2013-11-28,,,,
2013-11-29,181.0,120.7,79.43849199000002,38.13
2013-12-02,180.53,117.58,78.74706411000001,38.45
2013-12-03,179.75,117.96,80.90306195400001,38.31
2013-12-04,179.73,119.96,80.714205,38.94
2013-12-05,178.94,118.3,81.128633157,38.0
2013-12-06,180.94,118.55,80.00277714,38.36
2013-12-09,181.4,119.72,80.91849051,38.705
2013-12-10,180.75,121.82,80.79277635,38.11
2013-12-11,178.72,120.86,80.19420552000001,37.61
2013-12-12,178.13,118.29,80.07706278,37.22
2013-12-13,178.11,119.38,79.20420651,36.69
2013-12-16,179.216,119.69,79.64277750000001,36.885
2013-12-17,178.65,118.65,79.28420643000001,36.52
2013-12-18,181.7,117.61,78.68134989,36.58
2013-12-19,181.49,114.82,77.77992222000002,36.25
2013-12-20,181.56,115.94,78.43135014,36.8
2013-12-23,182.53,115.57,81.44134713000001,36.62
2013-12-24,182.93,116.1,81.09563319,37.08
2013-12-25,,,,
2013-12-26,183.855,116.74,80.5570623,37.44
2013-12-27,183.845,117.12,80.01277713000002,37.29
2013-12-30,183.82,115.39,79.21706364,37.29
2013-12-31,184.69,116.12,80.14563414,37.41
2014-01-01,,,,
2014-01-02,182.92,118.0,79.01849241000001,37.16
2014-01-03,182.885,119.29,77.28277986,36.91
2014-01-06,182.36,119.5,77.70420801,36.13
2014-01-07,183.48,118.82,77.14813713750002,36.41
2014-01-08,183.52,118.12,77.63706522000001,35.76
2014-01-09,183.64,118.46,76.645494783,35.53
2014-01-10,184.14,120.26,76.13420958000002,36.04
2014-01-13,181.685,121.02,76.53278061,34.98
2014-01-14,183.67,119.89,78.05563623,35.78
2014-01-15,184.66,119.66,79.62277752000001,36.76
2014-01-16,184.42,119.79,79.17849225,36.89
2014-01-17,183.635,120.93,77.23849419,36.38
2014-01-20,,,,
2014-01-21,184.18,119.7,78.43849299000001,36.17
2014-01-22,184.3,119.19,78.78706407,35.93
2014-01-23,182.79,121.79,79.45420625999999,36.055
2014-01-24,178.89,122.29,78.00992199000001,36.805
2014-01-27,178.01,120.96,78.6427785,36.03
2014-01-28,179.07,120.95,72.3570705,36.27
2014-01-29,177.35,122.47,71.53564275000001,36.66
2014-01-30,179.23,119.77,71.397357174,36.86
2014-01-31,178.18,120.09,71.51421420000001,37.84
2014-02-03,174.17,121.32,71.64707121,36.48
2014-02-04,175.385,120.99,72.68421303000001,36.35
2014-02-05,175.17,121.29,73.22706963000002,35.82
2014-02-06,177.48,121.24,73.21564107,36.18
2014-02-07,179.68,122.17,74.23992576,36.56
2014-02-10,180.01,122.92,75.56992443000001,36.8
2014-02-11,181.98,124.36,76.56563772000001,37.175
2014-02-12,182.07,124.43,76.55992344,37.47
2014-02-13,183.01,125.49,77.77563651,37.61
2014-02-14,184.02,127.15,77.71277943000001,37.62
2014-02-17,,,,
2014-02-18,184.24,127.4,77.99849343000001,37.42
2014-02-19,183.02,126.27,76.76706609,37.51
2014-02-20,184.1,127.6,75.87849555,37.75
2014-02-21,183.89,127.58,75.03563925,37.98
2014-02-24,184.91,128.99,75.36421035,37.69
2014-02-25,184.84,129.21,74.57992542,37.54
2014-02-26,184.85,128.11,73.90706895000001,37.47
2014-02-27,185.82,128.2,75.38135319,37.86
2014-02-28,186.29,127.62,75.17706768000001,38.31
2014-03-03,184.98,130.29,75.39421032,37.78
2014-03-04,187.58,128.68,75.89135268000001,38.41
2014-03-05,187.75,128.89,76.05135252000001,38.11
2014-03-06,188.18,130.17,75.82135275,38.15
2014-03-07,188.26,129.09,75.77706708000001,37.9
2014-03-10,188.16,129.13,75.84563844,37.82
2014-03-11,187.23,129.86,76.58420913,38.02
2014-03-12,187.28,131.76,76.65849477,38.27
2014-03-13,185.18,132.21,75.80706705,37.89
2014-03-14,184.66,133.1,74.95563933000001,37.7
2014-03-17,186.33,131.64,75.24849618,38.05
2014-03-18,187.66,130.62,75.91420980000001,39.55
2014-03-19,186.66,128.09,75.89420982,39.27
2014-03-20,187.747,127.86,75.52849590000001,40.33
2014-03-21,186.2,128.47,76.12420959,40.16
2014-03-24,185.43,126.18,77.02706583000001,40.5
2014-03-25,186.31,126.41,77.85563643,40.34
2014-03-26,184.97,125.41,77.11135146000001,39.79
2014-03-27,184.58,124.59,76.77992322000001,39.36
2014-03-28,185.49,124.56,76.69420902,40.3
2014-03-31,187.01,123.61,76.67706618000001,40.99
2014-04-01,188.25,123.39,77.37849405,41.42
2014-04-02,188.88,124.32,77.50706535,41.35
2014-04-03,188.63,123.92,76.96992303,41.01
2014-04-04,186.4,125.57,75.97420974000002,39.87
2014-04-07,184.34,124.91,74.78135379000001,39.8
2014-04-08,185.1,126.09,74.77706808000002,39.82
2014-04-09,187.09,126.32,75.75992424000002,40.47
2014-04-10,183.155,127.01,74.78278236000001,39.36
2014-04-11,181.51,126.93,74.22992577000001,39.209
2014-04-14,182.9401,127.85,74.52563976,39.18
2014-04-15,184.2,125.49,73.9941974343,39.75
2014-04-16,186.125,125.54,74.14421157000001,40.4
2014-04-17,186.39,124.75,74.99135358000001,40.01
2014-04-18,,,,
2014-04-21,187.04,124.24,75.88135269,39.94
2014-04-22,187.89,123.78,75.956924043,39.99
2014-04-23,187.45,123.76,74.96421075,39.69
2014-04-24,187.83,124.56,81.10991889,39.86
2014-04-25,186.29,125.43,81.70563258000001,39.91
2014-04-28,186.875,124.88,84.86991513000001,40.87
2014-04-29,187.75,124.86,84.61848681000001,40.51
2014-04-30,188.31,124.22,84.29848713000001,40.4
2014-05-01,188.325,123.8,84.49705836000001,40.0
2014-05-02,188.06,125.06,84.65420106000002,39.69
2014-05-05,188.42,126.22,85.85134272,39.43
2014-05-06,186.78,125.98,84.91562937,39.06
2014-05-07,187.88,124.17,84.61848681000001,39.425
2014-05-08,187.675,124.17,83.99848743000001,39.64
2014-05-09,187.96,124.1,83.6488449225,39.54
2014-05-12,189.785,124.94,84.68991531000002,39.97
2014-05-13,189.96,124.6,84.82277232000001,40.42
2014-05-14,189.06,125.81,84.83848659,40.24
2014-05-15,187.4,124.77,84.11705874000002,39.6
2014-05-16,188.05,124.5,85.35848607000001,39.83
2014-05-19,188.74,124.58,86.36991363000001,39.75
2014-05-20,187.55,124.69,86.38705647000002,39.68
2014-05-21,189.13,124.39,86.61562767,40.35
2014-05-22,189.59,124.67,86.75277039000001,40.1
2014-05-23,190.35,124.51,87.73276941,40.12
2014-05-26,,,,
2014-05-27,191.52,121.85,89.37562491000001,40.19
2014-05-28,191.38,121.2,89.14419657,40.01
2014-05-29,192.37,120.94,90.76848066,40.34
2014-05-30,192.68,120.43,90.428481,40.94
2014-06-02,192.895,119.7,89.80705305000001,40.79
2014-06-03,192.8,120.01,91.07705178,40.29
2014-06-04,193.19,119.76,92.11705074,40.32
2014-06-05,194.45,120.66,92.47847895,41.21
2014-06-06,195.375,120.61,92.22419349000002,41.48
2014-06-09,195.58,120.65,93.7,41.27
2014-06-10,195.6,121.39,94.25,41.11
2014-06-11,194.92,121.41,93.86,40.86
2014-06-12,193.54,122.64,92.29,40.58
2014-06-13,194.13,122.96,91.28,41.23
2014-06-16,194.29,122.42,92.2,41.5
2014-06-17,194.83,122.28,92.08,41.68
2014-06-18,196.255,122.67,92.18,41.65
2014-06-19,196.48,126.94,91.86,41.51
2014-06-20,195.94,126.5,90.91,41.68
2014-06-23,195.88,126.85,90.83,41.99
2014-06-24,194.7,126.98,90.28,41.745
2014-06-25,195.58,126.99,90.36,42.03
2014-06-26,195.44,126.73,90.9,41.72
2014-06-27,195.82,126.66,91.98,42.25
2014-06-30,195.72,128.04,92.93,41.7
2014-07-01,197.03,127.7,93.52,41.87
2014-07-02,197.23,127.7,93.48,41.9
2014-07-03,198.2,127.16,94.03,41.8
2014-07-04,,,,
2014-07-07,197.51,127.02,95.968,41.99
2014-07-08,196.24,127.07,95.35,41.78
2014-07-09,197.12,127.84,95.39,41.67
2014-07-10,196.34,128.54,95.035,41.685
2014-07-11,196.61,128.78,95.22,42.09
2014-07-14,197.6,125.72,96.45,42.14
2014-07-15,197.23,124.53,95.32,42.45
2014-07-16,197.96,124.97,94.78,44.08
2014-07-17,195.71,127.0899,93.0899,44.53
2014-07-18,197.7099,126.13,94.43,44.69
2014-07-21,197.34,126.34,93.939,44.835
2014-07-22,198.2,125.74,94.72,44.83
2014-07-23,198.64,125.62,97.19,44.87
2014-07-24,198.65,124.35,97.03,44.4
2014-07-25,197.72,125.791,97.671,44.5
2014-07-28,197.8,125.58,99.02,43.97
2014-07-29,196.95,125.2,98.38,43.885
2014-07-30,196.98,124.83,98.15,43.5785
2014-07-31,193.09,123.39,95.6,43.16
2014-08-01,192.5,124.38,96.13,42.86
2014-08-04,193.89,123.99,95.59,43.37
2014-08-05,192.01,123.87,95.12,43.08
2014-08-06,192.07,125.67,94.96,42.74
2014-08-07,191.03,126.18,94.48,43.23
2014-08-08,193.24,126.19,94.74,43.2
2014-08-11,193.795,125.96,95.99,43.2
2014-08-12,193.53,125.99,95.97,43.52
2014-08-13,194.84,126.2,97.24,44.08
2014-08-14,195.76,126.31,97.5,44.27
2014-08-15,195.72,125.483,97.98,44.79
2014-08-18,197.36,124.96,99.16,45.11
2014-08-19,198.39,124.68,100.53,45.33
2014-08-20,198.92,124.22,100.57,44.95
2014-08-21,199.5,122.88,100.58,45.22
2014-08-22,199.19,123.19,101.32,45.15
2014-08-25,200.2,122.74,101.54,45.17
2014-08-26,200.33,123.35,100.889,45.005
2014-08-27,200.25,123.3199,102.13,44.87
2014-08-28,200.14,124.0,102.25,44.88
2014-08-29,200.71,123.86,102.5,45.43
2014-09-01,,,,
2014-09-02,200.61,121.65,103.3,45.09
2014-09-03,200.5,122.15,98.94,44.96
2014-09-04,200.2101,121.48,98.12,45.26
2014-09-05,201.11,122.06,98.97,45.91
2014-09-08,200.59,120.73,98.36,46.47
2014-09-09,199.32,120.87,97.99,46.76
2014-09-10,200.07,120.26,101.0,46.84
2014-09-11,200.3,119.472,101.43,47.0
2014-09-12,199.13,118.38,101.66,46.695
2014-09-15,198.981,118.64,101.63,46.24
2014-09-16,200.48,118.83,100.86,46.76
2014-09-17,200.75,117.54,101.58,46.52
2014-09-18,201.82,117.78,101.79,46.68
2014-09-19,200.7,117.09,100.96,47.52
2014-09-22,199.15,116.85,101.06,47.06
2014-09-23,198.01,117.6,102.64,46.56
2014-09-24,199.56,117.05,101.75,47.08
2014-09-25,196.34,117.39,97.87,46.04
2014-09-26,197.9,117.06,100.75,46.41
2014-09-29,197.54,117.03,100.11,46.44
2014-09-30,197.02,116.21,100.75,46.36
2014-10-01,194.35,116.77,99.18,45.9
2014-10-02,194.38,116.74,99.9,45.76
2014-10-03,196.52,114.61,99.62,46.09
2014-10-06,196.29,116.03,99.62,46.09
2014-10-07,193.26,116.36,98.75,45.53
2014-10-08,196.64,117.4701,100.8,46.78
2014-10-09,192.74,117.64,101.02,45.85
2014-10-10,190.54,117.59,100.73,44.03
2014-10-13,187.4099,118.52,99.81,43.65
2014-10-14,187.7,118.59,98.75,43.73
2014-10-15,186.43,118.99,97.54,43.22
2014-10-16,186.27,119.22,96.26,42.74
2014-10-17,188.47,118.99,97.67,43.63
2014-10-20,190.3,119.8,99.76,44.08
2014-10-21,194.07,120.02,102.47,44.88
2014-10-22,192.69,119.34,102.99,44.38
2014-10-23,194.93,118.52,104.83,45.02
2014-10-24,196.43,118.35,105.22,46.13
2014-10-27,196.16,118.06,105.11,45.91
2014-10-28,198.41,118.1,106.74,46.49
2014-10-29,198.11,116.41,107.34,46.62
2014-10-30,199.38,115.19,106.98,46.05
2014-10-31,201.66,112.66,108.0,46.95
2014-11-03,201.77,112.15,109.4,47.44
2014-11-04,201.07,112.22,108.6,47.57
2014-11-05,202.34,109.79,108.86,47.86
2014-11-06,203.15,109.88,108.7,48.7
2014-11-07,203.34,112.97,109.01,48.68
2014-11-10,203.98,110.46,108.83,48.89
2014-11-11,204.175,112.04,109.7,48.87
2014-11-12,203.96,111.5,111.25,48.78
2014-11-13,204.19,111.67,112.82,49.61
2014-11-14,204.24,114.47,114.18,49.58
2014-11-17,204.37,114.05,113.99,49.46
2014-11-18,205.55,115.05,115.47,48.74
2014-11-19,205.22,113.68,114.67,48.22
2014-11-20,205.58,114.86,116.31,48.7
2014-11-21,206.68,115.39,116.47,47.98
2014-11-24,207.26,115.11,118.625,47.59
2014-11-25,207.11,115.38,117.6,47.47
2014-11-26,207.64,115.16,119.0,47.75
2014-11-27,,,,
2014-11-28,207.2,112.11,118.93,47.81
2014-12-01,205.76,116.58,115.07,48.62
2014-12-02,207.085,115.14,114.63,48.46
2014-12-03,207.89,116.33,115.93,48.08
2014-12-04,207.66,115.88,115.49,48.84
2014-12-05,208.0,114.43,115.0,48.42
2014-12-08,206.61,115.78,112.4,47.695
2014-12-09,206.47,118.19,114.12,47.59
2014-12-10,203.1601,117.96,111.95,46.9
2014-12-11,204.19,117.69,111.62,47.17
2014-12-12,200.89,117.41,109.73,46.95
2014-12-15,199.51,114.39,108.225,46.67
2014-12-16,197.91,114.95,106.745,45.16
2014-12-17,201.79,114.27,109.41,45.74
2014-12-18,206.78,115.15,112.65,47.52
2014-12-19,206.52,114.77,111.78,47.66
2014-12-22,207.47,112.55,112.94,47.98
2014-12-23,207.75,112.74,112.54,48.45
2014-12-24,207.77,112.77,112.01,48.14
2014-12-25,,,,
2014-12-26,208.44,114.83,113.99,47.88
2014-12-29,208.72,113.67,113.91,47.45
2014-12-30,207.6,115.2,112.52,47.02
2014-12-31,205.54,113.58,110.38,46.45
2015-01-01,,,,
2015-01-02,205.43,114.08,109.33,46.76
2015-01-05,201.72,115.8,106.25,46.325
2015-01-06,199.82,117.12,106.26,45.65
2015-01-07,202.31,116.43,107.75,46.23
2015-01-08,205.9,115.94,111.89,47.59
2015-01-09,204.25,117.26,112.01,47.19
2015-01-12,202.65,118.56,109.25,46.6
2015-01-13,202.08,118.16,110.22,46.355
2015-01-14,200.86,117.97,109.8,45.955
2015-01-15,199.0199,120.94,106.82,45.48
2015-01-16,201.63,122.52,105.99,46.24
2015-01-19,,,,
2015-01-20,202.055,124.2,108.72,46.39
2015-01-21,203.08,124.23,109.55,45.92
2015-01-22,206.1,125.23,112.4,47.13
2015-01-23,204.97,124.23,112.98,47.18
2015-01-26,205.45,122.99,113.1,47.01
2015-01-27,202.74,124.4,109.14,42.66
2015-01-28,200.14,123.42,115.31,41.19
2015-01-29,201.9902,120.76,118.9,42.01
2015-01-30,199.45,123.45,117.16,40.4
2015-02-02,201.92,122.42,118.63,41.28
2015-02-03,204.84,121.05,118.65,41.6
2015-02-04,204.06,121.58,119.56,41.84
2015-02-05,206.12,121.79,119.94,42.45
2015-02-06,205.55,118.64,118.93,42.41
2015-02-09,204.63,119.17,119.72,42.36
2015-02-10,206.81,118.47,122.02,42.6
2015-02-11,206.93,117.07,124.88,42.38
2015-02-12,208.92,117.34,126.46,43.09
2015-02-13,209.78,117.98,127.08,43.87
2015-02-16,,,,
2015-02-17,210.11,116.01,127.83,43.58
2015-02-18,210.13,116.34,128.715,43.53
2015-02-19,209.98,115.94,128.45,43.5
2015-02-20,211.239,115.28,129.495,43.855
2015-02-23,211.209,115.43,133.0,44.15
2015-02-24,211.81,115.26,132.17,44.09
2015-02-25,211.63,115.7,128.79,43.99
2015-02-26,211.38,116.07,130.415,44.055
2015-02-27,210.66,116.16,128.46,43.85
2015-03-02,211.99,115.68,129.09,43.88
2015-03-03,211.12,115.47,129.36,43.28
2015-03-04,210.2301,115.11,128.54,43.055
2015-03-05,210.46,115.0,126.41,43.11
2015-03-06,207.5,111.86,126.6,42.36
2015-03-09,208.36,111.97,127.14,42.85
2015-03-10,204.98,111.42,124.51,42.03
2015-03-11,204.5,110.75,122.24,41.98
2015-03-12,207.1,110.72,124.45,41.02
2015-03-13,205.8272,110.88,123.59,41.38
2015-03-16,208.58,110.81,124.95,41.56
2015-03-17,207.96,110.21,127.04,41.695
2015-03-18,210.46,112.37,128.47,42.5
2015-03-19,209.5,112.29,127.495,42.285
2015-03-20,210.41,113.57,125.9,42.88
2015-03-23,210.0,114.29,127.21,42.855
2015-03-24,208.82,114.57,126.69,42.9
2015-03-25,205.76,114.73,123.38,41.46
2015-03-26,205.27,115.48,124.24,41.21
2015-03-27,205.74,115.06,123.25,40.97
2015-03-30,208.25,113.75,126.37,40.96
2015-03-31,206.43,113.66,124.43,40.655
2015-04-01,205.7,115.6,124.25,40.72
2015-04-02,206.435,115.28,125.32,40.29
2015-04-03,,,,
2015-04-06,207.83,116.69,127.35,41.545
2015-04-07,207.28,116.11,126.01,41.53
2015-04-08,207.975,115.47,125.6,41.42
2015-04-09,208.9,114.67,126.56,41.48
2015-04-10,210.04,115.966,127.1,41.72
2015-04-13,209.09,115.14,126.85,41.76
2015-04-14,209.49,114.44,126.3,41.65
2015-04-15,210.43,115.43,126.78,42.255
2015-04-16,210.37,115.03,126.17,42.16
2015-04-17,207.95,115.6,124.75,41.615
2015-04-20,209.85,114.72,127.6,42.905
2015-04-21,209.6,115.38,126.91,42.635
2015-04-22,210.63,113.83,128.62,42.985
2015-04-23,211.16,114.66,129.67,43.34
2015-04-24,211.6499,113.05,130.28,47.87
2015-04-27,210.77,115.33,132.65,48.03
2015-04-28,211.44,116.33,130.56,49.155
2015-04-29,210.57,115.51,128.64,49.06
2015-04-30,208.46,113.47,125.15,48.64
2015-05-01,210.72,113.08,128.95,48.655
2015-05-04,211.32,114.1,128.7,48.24
2015-05-05,208.9,114.42,125.8,47.6
2015-05-06,208.04,114.36,125.01,46.28
2015-05-07,208.87,113.42,125.26,46.7
2015-05-08,211.62,113.97,127.62,47.75
2015-05-11,210.605,113.53,126.32,47.37
2015-05-12,209.98,114.5,125.865,47.35
2015-05-13,210.02,116.55,126.01,47.625
2015-05-14,212.21,117.18,128.95,48.72
2015-05-15,212.44,117.53,128.77,48.295
2015-05-18,213.1,117.52,130.19,48.01
2015-05-19,213.03,115.89,130.07,47.58
2015-05-20,212.88,116.08,130.06,47.58
2015-05-21,213.5,115.69,131.39,47.42
2015-05-22,212.99,115.6,132.54,46.9
2015-05-25,,,,
2015-05-26,210.7,113.91,129.62,46.59
2015-05-27,212.7,113.89,132.045,47.61
2015-05-28,212.46,114.02,131.78,47.45
2015-05-29,211.14,114.1,130.28,46.86
2015-06-01,211.57,114.0,130.535,47.23
2015-06-02,211.36,114.46,129.96,46.92
2015-06-03,211.92,113.64,130.12,46.85
2015-06-04,210.1292,112.84,129.36,46.36
2015-06-05,209.77,112.24,128.65,46.14
2015-06-08,208.48,112.57,127.8,45.73
2015-06-09,208.45,112.82,127.42,45.65
2015-06-10,210.95,113.78,128.88,46.61
2015-06-11,211.63,113.26,128.59,46.44
2015-06-12,210.01,113.23,127.17,45.97
2015-06-15,209.11,113.73,126.92,45.475
2015-06-16,210.25,113.32,127.6,45.83
2015-06-17,210.59,113.85,127.3,45.97
2015-06-18,212.78,115.32,127.88,46.72
2015-06-19,210.81,115.12,126.6,46.1
2015-06-22,211.89,113.64,127.61,46.23
2015-06-23,212.04,112.89,127.03,45.91
2015-06-24,210.5,112.59,128.11,45.635
2015-06-25,209.86,112.44,127.5,45.65
2015-06-26,209.82,112.56,126.75,45.26
2015-06-29,205.42,113.07,124.53,44.37
2015-06-30,205.85,112.37,125.425,44.15
2015-07-01,207.5,111.98,126.6,44.445
2015-07-02,207.31,111.76,126.44,44.4
2015-07-03,,,,
2015-07-06,206.72,112.06,126.0,44.39
2015-07-07,208.02,110.76,125.69,44.3
2015-07-08,204.53,111.09,122.57,44.24
2015-07-09,204.9,111.36,120.07,44.52
2015-07-10,207.48,111.49,123.28,44.61
2015-07-13,209.77,110.99,125.66,45.54
2015-07-14,210.68,110.74,125.61,45.62
2015-07-15,210.61,110.16,126.82,45.76
2015-07-16,212.3,109.76,128.51,46.66
2015-07-17,212.48,108.65,129.62,46.62
2015-07-20,212.59,105.7,132.07,46.92
2015-07-21,211.75,105.37,130.75,47.28
2015-07-22,211.37,104.8,125.22,45.54
2015-07-23,210.18,104.33,125.16,46.11
2015-07-24,208.0,105.35,124.5,45.94
2015-07-27,206.79,104.86,122.77,45.35
2015-07-28,209.33,105.02,123.38,45.34
2015-07-29,210.77,105.17,122.99,46.29
2015-07-30,210.82,104.27,122.37,46.88
2015-07-31,210.5,104.93,121.3,46.7
2015-08-03,209.79,104.1,118.44,46.81
2015-08-04,209.38,104.31,114.64,47.54
2015-08-05,210.07,103.93,115.4,47.58
2015-08-06,208.35,104.39,115.13,46.62
2015-08-07,207.95,104.65,115.52,46.74
2015-08-10,210.57,105.72,119.72,47.33
2015-08-11,208.67,106.26,113.49,46.41
2015-08-12,208.92,107.75,115.24,46.74
2015-08-13,208.66,106.86,115.15,46.73
2015-08-14,209.42,106.85,115.96,47.0
2015-08-17,210.59,107.13,117.16,47.32
2015-08-18,209.98,107.11,116.5,47.27
2015-08-19,208.32,108.55,115.01,46.61
2015-08-20,203.97,110.44,112.65,45.66
2015-08-21,197.83,111.13,105.76,43.07
2015-08-24,189.5,110.53,103.12,41.68
2015-08-25,187.27,109.16,103.74,40.47
2015-08-26,194.46,107.67,109.69,42.71
2015-08-27,199.27,107.73,112.92,43.9
2015-08-28,199.28,108.7,113.29,43.93
2015-08-31,197.67,108.82,112.76,43.52
2015-09-01,191.77,109.2,107.72,41.82
2015-09-02,195.41,108.62,112.34,43.36
2015-09-03,195.55,107.84,110.37,43.5
2015-09-04,192.59,107.49,109.27,42.61
2015-09-07,,,,
2015-09-08,197.43,107.52,112.31,43.89
2015-09-09,194.79,106.13,110.15,43.07
2015-09-10,195.85,106.38,112.57,43.29
2015-09-11,196.74,106.16,114.21,43.48
2015-09-14,196.01,106.22,115.31,43.04
2015-09-15,198.46,105.9,116.28,43.98
2015-09-16,200.18,107.31,116.41,44.3
2015-09-17,199.73,108.41,113.92,44.25
2015-09-18,195.45,109.21,113.45,43.48
2015-09-21,196.46,108.53,115.21,44.11
2015-09-22,193.91,107.79,113.4,43.9
2015-09-23,193.6,108.22,114.32,43.87
2015-09-24,192.9,110.49,115.0,43.91
2015-09-25,192.85,109.81,114.71,43.94
2015-09-28,188.01,108.42,112.44,43.29
2015-09-29,188.12,107.98,109.06,43.44
2015-09-30,191.63,106.86,110.3,44.26
2015-10-01,192.13,106.73,109.58,44.61
2015-10-02,195.0,108.99,110.38,45.57
2015-10-05,198.47,108.77,110.78,46.63
2015-10-06,197.79,109.86,111.31,46.75
2015-10-07,199.41,109.7,110.78,46.8
2015-10-08,201.21,109.14,109.5,47.45
2015-10-09,201.33,110.87,112.12,47.11
2015-10-12,201.52,111.31,111.6,47.0
2015-10-13,200.25,111.86,111.79,46.89
2015-10-14,199.29,113.81,110.21,46.68
2015-10-15,202.35,113.29,111.86,47.01
2015-10-16,203.27,112.49,111.04,47.51
2015-10-19,203.37,112.02,111.73,47.62
2015-10-20,203.11,112.73,113.77,47.77
2015-10-21,201.85,111.73,113.76,47.2
2015-10-22,205.26,111.69,115.5,48.03
2015-10-23,207.51,111.5,119.08,52.87
2015-10-26,207.0,111.43,115.28,54.25
2015-10-27,206.6,111.68,114.55,53.69
2015-10-28,208.95,110.78,119.27,53.98
2015-10-29,208.83,109.72,120.53,53.36
2015-10-30,207.93,109.3,119.5,52.64
2015-11-02,210.39,108.59,121.18,53.24
2015-11-03,211.0,106.98,122.57,54.15
2015-11-04,210.36,105.97,122.0,54.4
2015-11-05,210.15,105.64,120.92,54.38
2015-11-06,210.04,104.1,121.06,54.92
2015-11-09,208.08,104.4,120.57,54.16
2015-11-10,208.56,104.18,116.77,53.51
2015-11-11,207.74,103.83,116.11,53.65
2015-11-12,204.84,103.85,115.72,53.32
2015-11-13,202.54,103.56,112.34,52.84
2015-11-16,205.62,103.71,114.175,53.765
2015-11-17,205.47,102.34,113.69,52.97
2015-11-18,208.73,102.43,117.29,53.85
2015-11-19,208.55,103.56,118.78,53.94
2015-11-20,209.3108,103.09,119.3,54.19
2015-11-23,209.07,102.26,117.75,54.19
2015-11-24,209.35,102.94,118.88,54.25
2015-11-25,209.32,102.46,118.03,53.69
2015-11-26,,,,
2015-11-27,209.56,101.25,117.81,53.93
2015-11-30,208.69,101.92,118.3,54.35
2015-12-01,210.68,102.28,117.34,55.22
2015-12-02,208.529,100.69,116.28,55.21
2015-12-03,205.61,101.76,115.2,54.2
2015-12-04,209.62,104.02,119.03,55.91
2015-12-07,208.35,102.67,118.28,55.81
2015-12-08,206.949,102.84,118.23,55.79
2015-12-09,205.34,102.64,115.62,54.98
2015-12-10,205.87,102.55,116.17,55.27
2015-12-11,201.88,103.11,113.18,54.06
2015-12-14,202.9008,101.79,112.48,55.14
2015-12-15,205.0308,101.52,110.49,55.2
2015-12-16,208.03,102.75,111.34,56.13
2015-12-17,204.86,100.5,108.98,55.7
2015-12-18,200.0208,102.04,106.03,54.13
2015-12-21,201.67,103.15,107.33,54.83
2015-12-22,203.5,102.61,107.23,55.35
2015-12-23,206.02,102.31,108.61,55.82
2015-12-24,205.68,103.05,108.03,55.67
2015-12-25,,,,
2015-12-28,205.21,102.27,106.82,55.95
2015-12-29,207.4,102.2,108.74,56.55
2015-12-30,205.93,101.42,107.32,56.31
2015-12-31,203.87,101.46,105.26,55.48
2016-01-01,,,,
2016-01-04,201.0192,102.89,105.35,54.8
2016-01-05,201.36,103.18,102.71,55.05
2016-01-06,198.82,104.67,100.7,54.05
2016-01-07,194.05,106.15,96.45,52.17
2016-01-08,191.923,105.68,96.96,52.33
2016-01-11,192.11,104.74,98.53,52.3
2016-01-12,193.6608,104.21,99.96,52.78
2016-01-13,188.83,104.72,97.39,51.64
2016-01-14,191.93,103.02,99.52,53.11
2016-01-15,187.81,104.08,97.13,50.99
2016-01-18,,,,
2016-01-19,188.06,103.98,96.66,50.56
2016-01-20,185.65,105.37,96.79,50.79
2016-01-21,186.69,105.49,96.3,50.48
2016-01-22,190.52,105.0,101.42,52.29
2016-01-25,187.64,106.08,99.44,51.79
2016-01-26,190.2,107.29,99.99,52.17
2016-01-27,188.13,107.69,93.42,51.22
2016-01-28,189.11,106.54,94.09,52.055
2016-01-29,193.7208,106.9492,97.34,55.09
2016-02-01,193.65,108.05,96.43,54.71
2016-02-02,190.16,108.09,94.48,53.0
2016-02-03,191.3,109.25,96.35,52.16
2016-02-04,191.6,110.57,96.6,52.0
2016-02-05,187.95,112.32,94.02,50.16
2016-02-08,185.42,113.83,95.01,49.41
2016-02-09,185.43,113.58,94.99,49.28
2016-02-10,185.27,114.46,94.27,49.71
2016-02-11,182.86,119.0592,93.7,49.69
2016-02-12,186.63,118.36,93.99,50.5
2016-02-15,,,,
2016-02-16,189.78,114.77,96.64,51.09
2016-02-17,192.88,115.48,98.12,52.42
2016-02-18,192.09,118.29,96.26,52.19
2016-02-19,192.0,117.58,96.04,51.82
2016-02-22,194.78,115.49,96.88,52.65
2016-02-23,192.32,117.22,94.69,51.18
2016-02-24,193.2,117.61,96.1,51.36
2016-02-25,195.54,117.92,96.76,52.1
2016-02-26,195.0892,117.11,96.91,51.3
2016-02-29,193.56,118.64,96.69,50.88
2016-03-01,198.11,117.77,100.53,52.58
2016-03-02,199.0,118.68,100.75,52.95
2016-03-03,199.775,120.73,101.5,52.35
2016-03-04,200.43,120.54,103.01,52.03
2016-03-07,200.59,121.14,101.87,51.03
2016-03-08,198.4,120.58,101.03,51.65
2016-03-09,199.38,119.58,101.12,52.84
2016-03-10,199.54,121.5,101.17,52.05
2016-03-11,202.76,119.41,102.26,53.07
2016-03-14,202.5,117.87,102.52,53.17
2016-03-15,202.17,117.96,104.58,53.59
2016-03-16,203.34,120.59,105.97,54.35
2016-03-17,204.63,120.13,105.8,54.66
2016-03-18,204.38,119.8,105.92,53.49
2016-03-21,204.67,118.96,105.91,53.86
2016-03-22,204.56,119.31,106.72,54.07
2016-03-23,203.2092,116.61,106.13,53.97
2016-03-24,203.12,116.33,105.67,54.21
2016-03-25,,,,
2016-03-28,203.24,116.6,105.19,53.54
2016-03-29,205.1208,118.76,107.68,54.71
2016-03-30,206.02,117.1,109.56,55.05
2016-03-31,205.52,117.64,108.99,55.23
2016-04-01,206.92,116.93,109.99,55.57
2016-04-04,206.25,116.15,111.12,55.43
2016-04-05,204.1892,117.66,109.81,54.56
2016-04-06,206.42,116.94,110.96,55.12
2016-04-07,203.95,118.61,108.54,54.46
2016-04-08,204.4992,118.43,108.66,54.42
2016-04-11,204.0201,120.03,109.02,54.31
2016-04-12,205.92,120.05,110.44,54.65
2016-04-13,208.0008,118.77,112.04,55.35
2016-04-14,208.01,117.11,112.1,55.36
2016-04-15,207.78,117.92,109.85,55.65
2016-04-18,209.2392,117.74,107.48,56.46
2016-04-19,209.9,119.58,106.91,56.39
2016-04-20,210.1,118.97,107.13,55.59
2016-04-21,208.97,119.42,105.97,55.78
2016-04-22,208.97,117.89,105.68,51.78
2016-04-25,208.61,118.23,105.08,52.11
2016-04-26,208.9192,118.7,104.35,51.44
2016-04-27,209.35,119.04,97.82,50.94
2016-04-28,207.4475,121.29,94.83,49.9
2016-04-29,206.3308,123.65,93.74,49.87
2016-05-02,207.97,123.24,93.64,50.61
2016-05-03,206.1592,122.96,95.18,49.78
2016-05-04,205.01,122.21,94.19,49.87
2016-05-05,204.97,122.07,93.24,49.94
2016-05-06,205.72,123.18,92.72,50.39
2016-05-09,205.8892,120.65,92.79,50.07
2016-05-10,208.45,120.98,93.42,51.02
2016-05-11,206.5,122.12,92.51,51.05
2016-05-12,206.56,121.16,90.34,51.51
2016-05-13,204.76,121.71,90.52,51.08
2016-05-16,206.78,121.8,93.88,51.83
2016-05-17,204.8508,122.22,93.49,50.51
2016-05-18,204.91,120.1,94.56,50.81
2016-05-19,204.2,119.87,94.2,50.32
2016-05-20,205.49,119.71,95.22,50.62
2016-05-23,205.21,119.37,96.43,50.03
2016-05-24,207.87,117.3,97.9,51.59
2016-05-25,209.28,116.98,99.62,52.12
2016-05-26,209.34,116.58,100.41,51.89
2016-05-27,210.24,115.62,100.35,52.32
2016-05-30,,,,
2016-05-31,209.84,116.06,99.86,53.0
2016-06-01,210.27,115.94,98.46,52.85
2016-06-02,210.91,115.67,97.72,52.48
2016-06-03,210.28,118.88,97.92,51.79
2016-06-06,211.35,118.92,98.63,52.13
2016-06-07,211.68,118.82,99.03,52.1
2016-06-08,212.37,120.58,98.94,52.04
2016-06-09,212.08,121.25,99.65,51.62
2016-06-10,210.07,121.74,98.83,51.48
2016-06-13,208.4492,122.64,97.34,50.14
2016-06-14,208.04,122.77,97.46,49.83
2016-06-15,207.75,123.68,97.14,49.69
2016-06-16,208.37,122.38,97.55,50.39
2016-06-17,206.52,123.95,95.33,50.13
2016-06-20,207.85,123.21,95.1,50.07
2016-06-21,208.44,120.84,95.91,51.19
2016-06-22,208.1,120.9,95.55,50.99
2016-06-23,210.81,120.11,96.1,51.91
2016-06-24,203.13,126.01,93.4,49.83
2016-06-27,199.6,126.68,92.04,48.43
2016-06-28,203.1997,125.32,93.59,49.44
2016-06-29,206.66,125.84,94.4,50.54
2016-06-30,209.475,126.47,95.6,51.17
2016-07-01,209.9208,128.41,95.89,51.16
2016-07-04,,,,
2016-07-05,208.41,129.47,94.99,51.17
2016-07-06,209.66,130.23,95.53,51.38
2016-07-07,209.526,129.74,95.94,51.38
2016-07-08,212.65,130.52,96.68,52.3
2016-07-11,213.4,129.29,96.98,52.59
2016-07-12,214.95,127.15,97.42,53.21
2016-07-13,214.92,128.32,96.87,53.51
2016-07-14,216.12,127.33,98.79,53.74
2016-07-15,215.83,126.84,98.78,53.7
2016-07-18,216.4092,127.04,99.83,53.96
2016-07-19,216.19,127.21,99.87,53.09
2016-07-20,217.085,125.39,99.96,55.91
2016-07-21,216.265,127.3,99.43,55.8
2016-07-22,217.24,126.35,98.66,56.57
2016-07-25,216.65,125.47,97.34,56.73
2016-07-26,216.75,126.0,96.67,56.76
2016-07-27,216.52,128.03,102.95,56.19
2016-07-28,216.77,127.66,104.34,56.21
2016-07-29,217.12,128.98,104.21,56.68
2016-08-01,216.94,129.22,106.05,56.58
2016-08-02,215.5492,130.27,104.48,56.58
2016-08-03,216.18,129.65,105.79,56.97
2016-08-04,216.4097,129.87,105.87,57.39
2016-08-05,218.18,127.55,107.48,57.96
2016-08-08,218.05,127.44,108.37,58.06
2016-08-09,218.18,127.96,108.81,58.2
2016-08-10,217.64,128.56,108.0,58.02
2016-08-11,218.65,127.67,107.93,58.3
2016-08-12,218.46,127.4,108.18,57.94
2016-08-15,219.09,127.84,109.48,58.12
2016-08-16,217.96,128.47,109.38,57.44
2016-08-17,218.37,128.5,109.22,57.56
2016-08-18,218.86,129.11,109.08,57.6
2016-08-19,218.54,127.97,109.36,57.62
2016-08-22,218.53,127.78,108.51,57.67
2016-08-23,218.97,127.76,108.85,57.89
2016-08-24,217.85,126.34,108.03,57.95
2016-08-25,217.7,126.23,107.57,58.17
2016-08-26,217.29,126.05,106.94,58.03
2016-08-29,218.3608,126.3,106.82,58.1
2016-08-30,218.0,125.03,106.0,57.89
2016-08-31,217.38,124.78,106.1,57.46
2016-09-01,217.39,125.29,106.73,57.59
2016-09-02,218.37,126.57,107.73,57.67
2016-09-05,,,,
2016-09-06,219.0308,128.71,107.7,57.61
2016-09-07,219.01,128.27,108.36,57.66
2016-09-08,218.51,127.59,105.52,57.43
2016-09-09,213.28,126.75,103.13,56.21
2016-09-12,216.34,126.59,105.44,57.05
2016-09-13,213.23,125.75,107.95,56.53
2016-09-14,213.15,126.18,111.77,56.26
2016-09-15,215.28,125.37,115.57,57.19
2016-09-16,213.37,125.06,114.92,57.25
2016-09-19,213.41,125.32,113.58,56.93
2016-09-20,213.42,125.44,113.57,56.81
2016-09-21,215.82,127.27,113.55,57.76
2016-09-22,217.18,127.57,114.62,57.82
2016-09-23,215.99,127.65,112.71,57.43
2016-09-26,214.24,127.55,112.88,56.9
2016-09-27,215.57,126.62,113.09,57.95
2016-09-28,216.64,126.22,113.95,58.03
2016-09-29,214.68,126.07,112.18,57.4
2016-09-30,216.3,125.64,113.05,57.6
2016-10-03,215.78,125.32,112.52,57.42
2016-10-04,214.68,120.97,113.0,57.24
2016-10-05,215.63,120.78,113.05,57.64
2016-10-06,215.78,119.66,113.89,57.74
2016-10-07,215.04,119.74,114.06,57.8
2016-10-10,216.16,120.16,116.05,58.04
2016-10-11,213.43,119.55,116.3,57.19
2016-10-12,213.71,119.74,117.34,57.11
2016-10-13,213.01,120.03,116.98,56.92
2016-10-14,213.12,119.36,117.63,57.42
2016-10-17,212.38,119.68,117.55,57.22
2016-10-18,213.71,120.42,117.47,57.66
2016-10-19,214.28,121.11,117.12,57.53
2016-10-20,213.88,120.74,117.06,57.25
2016-10-21,213.98,120.83,116.6,59.66
2016-10-24,214.89,120.56,117.65,61.0
2016-10-25,214.17,121.47,118.25,60.99
2016-10-26,213.74,120.79,115.59,60.63
2016-10-27,213.17,121.01,114.48,60.1
2016-10-28,212.54,121.58,113.72,59.87
2016-10-31,212.55,121.94,113.54,59.92
2016-11-01,211.01,122.73,111.49,59.8
2016-11-02,209.74,123.64,111.59,59.43
2016-11-03,208.78,124.3,109.83,59.21
2016-11-04,208.55,124.39,108.84,58.71
2016-11-07,213.15,122.15,110.41,60.42
2016-11-08,214.11,121.64,111.06,60.47
2016-11-09,216.3792,121.56,110.88,60.17
2016-11-10,216.92,119.75,107.79,58.7
2016-11-11,216.42,117.1,108.43,59.02
2016-11-14,216.59,116.11,105.71,58.12
2016-11-15,218.28,117.12,107.11,58.87
2016-11-16,217.87,116.77,109.99,59.65
2016-11-17,218.99,116.17,109.95,60.64
2016-11-18,218.5,115.15,110.06,60.35
2016-11-21,220.15,115.58,111.73,60.86
2016-11-22,220.58,115.54,111.8,61.12
2016-11-23,220.7,113.25,111.23,60.4
2016-11-24,,,,
2016-11-25,221.52,112.61,111.79,60.53
2016-11-28,220.48,113.8,111.57,60.61
2016-11-29,220.91,113.27,111.46,61.09
2016-11-30,220.38,111.75,110.52,60.26
2016-12-01,219.57,111.54,109.49,59.2
2016-12-02,219.68,112.14,109.9,59.25
2016-12-05,221.0,111.54,109.11,60.22
2016-12-06,221.7,111.43,109.95,59.95
2016-12-07,224.6,111.83,111.03,61.37
2016-12-08,225.15,111.57,112.12,61.01
2016-12-09,226.51,110.4,113.95,61.97
2016-12-12,226.25,110.82,113.3,62.17
2016-12-13,227.76,110.45,115.19,62.98
2016-12-14,225.88,108.83,115.19,62.68
2016-12-15,226.81,107.34,115.82,62.58
2016-12-16,225.04,108.05,115.97,62.3
2016-12-19,225.53,108.59,116.64,63.62
2016-12-20,226.4,107.79,116.95,63.54
2016-12-21,225.77,107.85,117.06,63.54
2016-12-22,225.38,107.59,116.29,63.55
2016-12-23,225.71,107.93,116.52,63.24
2016-12-26,,,,
2016-12-27,226.27,108.56,117.26,63.28
2016-12-28,224.4,108.86,116.76,62.99
2016-12-29,224.35,110.29,116.73,62.9
2016-12-30,223.53,109.61,115.82,62.14
2017-01-02,,,,
2017-01-03,225.24,110.47,116.15,62.58
2017-01-04,226.58,110.86,116.02,62.3
2017-01-05,226.4,112.58,116.61,62.3
2017-01-06,227.21,111.75,117.91,62.84
2017-01-09,226.46,112.67,118.99,62.64
2017-01-10,226.46,113.15,119.11,62.62
2017-01-11,227.1,113.5,119.75,63.19
2017-01-12,226.53,113.91,119.25,62.61
2017-01-13,227.05,114.21,119.04,62.7
2017-01-16,,,,
2017-01-17,226.25,115.85,120.0,62.53
2017-01-18,226.75,114.87,119.99,62.5
2017-01-19,225.91,114.77,119.78,62.3
2017-01-20,226.74,115.05,120.0,62.74
2017-01-23,226.15,115.79,120.08,62.96
2017-01-24,227.6,115.27,119.97,63.52
2017-01-25,229.57,114.32,121.88,63.68
2017-01-26,229.33,113.26,121.94,64.27
2017-01-27,228.97,113.49,121.95,65.78
2017-01-30,227.55,113.97,121.63,65.13
2017-01-31,227.53,115.55,121.35,64.65
2017-02-01,227.62,115.2,128.75,63.58
2017-02-02,227.77,115.84,128.53,63.17
2017-02-03,229.34,116.13,129.08,63.68
2017-02-06,228.93,117.7,130.29,63.64
2017-02-07,228.94,117.46,131.53,63.43
2017-02-08,229.24,118.19,132.04,63.34
2017-02-09,230.6,117.29,132.42,64.06
2017-02-10,231.51,117.6,132.12,64.0
2017-02-13,232.77,116.8,133.29,64.72
2017-02-14,233.7,116.93,135.02,64.57
2017-02-15,234.92,117.45,135.51,64.53
2017-02-16,234.72,118.08,135.345,64.52
2017-02-17,235.09,117.68,135.72,64.62
2017-02-20,,,,
2017-02-21,236.49,117.75,136.7,64.49
2017-02-22,236.28,117.91,137.11,64.36
2017-02-23,236.44,118.94,136.53,64.62
2017-02-24,236.74,119.7,136.66,64.62
2017-02-27,237.11,119.12,136.93,64.23
2017-02-28,236.47,119.23,136.99,63.98
2017-03-01,239.78,119.06,139.79,64.94
2017-03-02,238.27,117.58,138.96,64.01
2017-03-03,238.42,117.51,139.78,64.25
2017-03-06,237.71,116.72,139.34,64.27
2017-03-07,237.0,115.78,139.52,64.4
2017-03-08,236.56,115.06,139.0,64.99
2017-03-09,236.86,114.47,138.68,64.73
2017-03-10,237.69,114.72,139.14,64.93
2017-03-13,237.81,114.74,139.2,64.71
2017-03-14,236.9,114.12,138.99,64.41
2017-03-15,238.95,116.25,140.46,64.75
2017-03-16,238.48,116.73,140.69,64.64
2017-03-17,237.03,116.99,139.99,64.87
2017-03-20,236.77,117.5645,141.46,64.93
2017-03-21,233.73,118.54,139.84,64.21
2017-03-22,234.28,118.83,141.42,65.03
2017-03-23,234.03,118.67,140.92,64.87
2017-03-24,233.86,118.86,140.64,64.98
2017-03-27,233.62,119.53,140.88,65.1
2017-03-28,235.32,119.04,143.8,65.29
2017-03-29,235.54,119.33,144.12,65.47
2017-03-30,236.29,118.47,143.93,65.71
2017-03-31,235.74,118.72,143.66,65.86
2017-04-03,235.33,119.35,143.7,65.55
2017-04-04,235.48,119.62,144.77,65.73
2017-04-05,234.78,119.62,144.02,65.56
2017-04-06,235.44,119.18,143.66,65.73
2017-04-07,235.2,119.46,143.34,65.68
2017-04-10,235.34,119.46,143.17,65.53
2017-04-11,235.06,121.19,141.63,65.48
2017-04-12,234.03,122.02,141.8,65.23
2017-04-13,232.51,122.6,141.05,64.95
2017-04-14,,,,
2017-04-17,234.57,122.24,141.83,65.48
2017-04-18,233.87,122.82,141.2,65.39
2017-04-19,233.44,121.73,140.68,65.04
2017-04-20,235.34,121.96,142.44,65.5
2017-04-21,234.59,122.31,142.27,66.4
2017-04-24,237.17,121.48,143.64,67.53
2017-04-25,238.55,120.25,144.53,67.92
2017-04-26,238.4,120.84,143.68,67.83
2017-04-27,238.6,120.39,143.79,68.27
2017-04-28,238.08,120.77,143.65,68.46
2017-05-01,238.68,119.67,146.58,69.41
2017-05-02,238.77,119.65,147.51,69.3
2017-05-03,238.48,117.98,147.06,69.08
2017-05-04,238.76,116.79,146.53,68.81
2017-05-05,239.7,117.01,148.96,69.0
2017-05-08,239.66,116.75,153.01,68.94
2017-05-09,239.44,116.05,153.99,69.04
2017-05-10,239.87,116.04,153.26,69.31
2017-05-11,239.38,116.5,153.95,68.46
2017-05-12,238.98,116.83,156.1,68.38
2017-05-15,240.3,117.14,155.7,68.43
2017-05-16,240.08,117.65,155.47,69.41
2017-05-17,235.82,119.79,150.25,67.48
2017-05-18,236.77,118.81,152.54,67.71
2017-05-19,238.31,119.4,153.06,67.69
2017-05-22,239.52,119.9,153.99,68.45
2017-05-23,240.05,119.14,153.8,68.68
2017-05-24,240.61,119.61,153.34,68.77
2017-05-25,241.76,119.48,153.87,69.62
2017-05-26,241.71,120.54,153.61,69.96
2017-05-29,,,,
2017-05-30,241.5,120.14,153.67,70.41
2017-05-31,241.44,120.62,152.76,69.84
2017-06-01,243.36,120.72,153.18,70.1
2017-06-02,244.17,121.61,155.45,71.76
2017-06-05,243.99,121.73,153.93,72.28
2017-06-06,243.21,123.1,154.45,72.52
2017-06-07,243.66,122.45,155.37,72.39
2017-06-08,243.78,121.65,154.99,71.95
2017-06-09,243.41,120.54,148.98,70.32
2017-06-12,243.36,120.36,145.42,69.78
2017-06-13,244.55,120.48,146.59,70.65
2017-06-14,244.24,119.82,145.16,70.27
2017-06-15,243.77,119.32,144.29,69.9
2017-06-16,242.64,119.34,142.27,70.0
2017-06-19,244.66,118.43,146.34,70.87
2017-06-20,243.01,118.18,145.01,69.91
2017-06-21,242.95,118.52,145.87,70.27
2017-06-22,242.84,118.92,145.63,70.26
2017-06-23,243.13,119.43,146.28,71.21
2017-06-26,243.29,118.36,145.82,70.53
2017-06-27,241.33,118.81,143.73,69.21
2017-06-28,243.49,118.9,145.83,69.8
2017-06-29,241.35,118.32,143.68,68.49
2017-06-30,241.8,118.02,144.02,68.93
2017-07-03,242.21,116.09,143.5,68.17
2017-07-04,,,,
2017-07-05,242.77,116.52,144.09,69.08
2017-07-06,240.55,116.47,142.73,68.57
2017-07-07,242.11,115.28,144.18,69.46
2017-07-10,242.37,115.47,145.06,69.98
2017-07-11,242.19,115.62,145.53,69.99
2017-07-12,244.01,116.03,145.74,71.15
2017-07-13,244.42,115.82,147.77,71.77
2017-07-14,245.56,116.77,149.04,72.78
2017-07-17,245.53,117.29,149.56,73.35
2017-07-18,245.66,118.11,150.08,73.3
2017-07-19,246.99,118.08,151.02,73.86
2017-07-20,247.1,118.24,150.34,74.22
2017-07-21,246.88,119.26,150.27,73.79
2017-07-24,246.82,119.31,152.09,73.6
2017-07-25,247.42,118.92,152.74,74.19
2017-07-26,247.43,119.88,153.46,74.05
2017-07-27,247.2,119.79,150.56,73.16
2017-07-28,246.91,120.69,149.5,73.04
2017-07-31,246.77,120.75,148.73,72.7
2017-08-01,247.32,120.65,150.05,72.58
2017-08-02,247.44,120.4,157.14,72.26
2017-08-03,246.96,120.59,155.57,72.15
2017-08-04,247.41,119.65,156.39,72.68
2017-08-07,247.87,119.51,158.81,72.4
2017-08-08,247.26,119.86,160.08,72.79
2017-08-09,247.25,121.31,161.06,72.47
2017-08-10,243.76,122.21,155.32,71.41
2017-08-11,244.12,122.79,157.48,72.5
2017-08-14,246.54,121.92,159.85,73.59
2017-08-15,246.51,120.98,161.6,73.22
2017-08-16,246.94,121.87,160.95,73.65
2017-08-17,243.09,122.49,157.86,72.4
2017-08-18,242.71,122.3,157.5,72.49
2017-08-21,242.9,122.76,157.21,72.15
2017-08-22,245.44,122.21,159.78,73.16
2017-08-23,244.56,122.67,159.98,72.72
2017-08-24,243.99,122.29,159.27,72.69
2017-08-25,244.56,122.74,159.86,72.82
2017-08-28,244.57,124.69,161.47,72.83
2017-08-29,244.85,124.42,162.91,73.05
2017-08-30,246.01,124.36,163.35,74.01
2017-08-31,247.49,125.82,164.0,74.77
2017-09-01,247.84,126.06,164.05,73.94
2017-09-04,,,,
2017-09-05,246.06,127.46,162.08,73.61
2017-09-06,246.9,126.81,161.91,73.4
2017-09-07,246.87,128.13,161.26,74.34
2017-09-08,246.58,127.97,158.63,73.98
2017-09-11,249.21,126.19,161.5,74.76
2017-09-12,250.05,126.56,160.86,74.68
2017-09-13,250.17,125.61,159.65,75.21
2017-09-14,250.09,126.16,158.28,74.77
2017-09-15,249.19,125.53,159.88,75.31
2017-09-18,249.72,124.36,158.67,75.16
2017-09-19,249.97,124.62,158.73,75.44
2017-09-20,250.06,123.62,156.07,74.94
2017-09-21,249.39,122.68,153.39,74.21
2017-09-22,249.44,123.24,151.89,74.41
2017-09-25,248.93,124.53,150.55,73.26
2017-09-26,249.08,123.14,153.14,73.26
2017-09-27,250.05,121.98,154.23,73.85
2017-09-28,250.35,122.21,153.28,73.87
2017-09-29,251.23,121.58,154.12,74.49
2017-10-02,252.32,120.77,153.81,74.61
2017-10-03,252.86,120.83,154.48,74.26
2017-10-04,253.16,121.17,153.48,74.69
2017-10-05,254.66,120.52,155.39,75.97
2017-10-06,254.37,121.09,155.3,76.0
2017-10-09,253.95,122.08,155.84,76.29
2017-10-10,254.62,122.4,155.9,76.29
2017-10-11,255.02,122.79,156.55,76.42
2017-10-12,254.64,122.89,156.0,77.12
2017-10-13,254.95,123.82,156.99,77.49
2017-10-16,255.29,122.97,159.88,77.65
2017-10-17,255.47,122.13,160.47,77.59
2017-10-18,255.72,121.67,159.76,77.61
2017-10-19,255.79,122.39,155.98,77.91
2017-10-20,257.11,121.61,156.25,78.81
2017-10-23,256.11,121.8,156.17,78.83
2017-10-24,256.56,121.33,157.1,78.86
2017-10-25,255.29,121.35,156.41,78.63
2017-10-26,255.62,120.33,157.41,78.76
2017-10-27,257.71,120.9,163.05,83.81
2017-10-30,256.75,121.13,166.72,83.89
2017-10-31,257.15,120.67,169.04,83.18
2017-11-01,257.49,121.11,166.89,83.18
2017-11-02,257.59,121.19,168.11,84.05
2017-11-03,258.45,120.62,172.5,84.14
2017-11-06,258.85,121.65,174.25,84.47
2017-11-07,258.67,121.21,174.81,84.27
2017-11-08,259.11,121.63,176.24,84.56
2017-11-09,258.17,122.13,175.88,84.09
2017-11-10,258.09,121.13,174.67,83.87
2017-11-13,258.33,121.31,173.97,83.93
2017-11-14,257.73,121.56,171.34,84.05
2017-11-15,256.44,121.41,169.08,82.98
2017-11-16,258.62,121.4,171.1,83.2
2017-11-17,257.86,122.86,170.15,82.4
2017-11-20,258.3,121.31,169.98,82.53
2017-11-21,259.99,121.51,173.14,83.72
2017-11-22,259.76,122.63,174.96,83.11
2017-11-23,,,,
2017-11-24,260.36,122.32,174.97,83.26
2017-11-27,260.23,122.83,174.09,83.87
2017-11-28,262.87,122.81,173.07,84.88
2017-11-29,262.71,122.04,169.48,83.34
2017-11-30,265.01,121.1,171.85,84.17
2017-12-01,264.46,121.59,171.05,84.26
2017-12-04,264.14,121.18,169.8,81.08
2017-12-05,263.19,120.32,169.64,81.59
2017-12-06,263.24,120.07,169.01,82.78
2017-12-07,264.07,118.49,169.32,82.49
2017-12-08,265.51,118.48,169.37,84.16
2017-12-11,266.31,118.01,172.67,85.23
2017-12-12,266.78,118.15,171.7,85.58
2017-12-13,266.75,119.17,172.27,85.35
2017-12-14,265.66,118.93,172.22,84.69
2017-12-15,266.51,119.18,173.97,86.85
2017-12-18,268.2,119.73,176.42,86.38
2017-12-19,267.17,119.82,174.54,85.83
2017-12-20,267.03,120.14,174.35,85.52
2017-12-21,267.58,120.31,175.01,85.5
2017-12-22,267.51,120.94,175.01,85.51
2017-12-25,,,,
2017-12-26,267.19,121.77,170.57,85.4
2017-12-27,267.32,122.23,170.6,85.71
2017-12-28,267.87,122.85,171.08,85.72
2017-12-29,266.86,123.65,169.23,85.54
2018-01-01,,,,
2018-01-02,268.77,125.15,172.26,85.95
2018-01-03,270.47,124.82,172.23,86.35
2018-01-04,271.61,125.46,173.03,87.11
2018-01-05,273.42,125.33,175.0,88.19
2018-01-08,273.92,125.31,174.35,88.28
2018-01-09,274.54,124.73,174.33,88.22
2018-01-10,274.12,125.03,174.29,87.82
2018-01-11,276.12,125.44,175.28,88.08
2018-01-12,277.92,126.96,177.09,89.6
2018-01-15,,,,
2018-01-16,276.97,127.17,176.19,88.35
2018-01-17,279.61,126.14,179.1,90.14
2018-01-18,279.14,125.86,179.26,90.1
2018-01-19,280.41,126.42,178.46,90.0
2018-01-22,282.69,126.65,177.0,91.61
2018-01-23,283.29,127.28,177.04,91.9
2018-01-24,283.18,128.83,174.22,91.82
2018-01-25,283.3,127.97,171.11,92.33
2018-01-26,286.58,128.07,171.51,94.06
2018-01-29,284.68,127.35,167.96,93.92
2018-01-30,281.76,126.8,166.97,92.74
2018-01-31,281.9,127.65,167.43,95.01
2018-02-01,281.58,128.07,167.78,94.26
2018-02-02,275.45,126.39,160.5,91.78
2018-02-05,263.93,126.71,156.49,88.0
2018-02-06,269.13,125.38,163.03,91.33
2018-02-07,267.67,124.79,159.54,89.61
2018-02-08,257.63,124.98,155.15,85.01
2018-02-09,261.5,124.77,156.41,88.18
2018-02-12,265.34,125.37,162.71,89.13
2018-02-13,266.0,126.08,164.34,89.83
2018-02-14,269.59,128.23,167.37,90.81
2018-02-15,273.03,128.38,172.99,92.66
2018-02-16,273.11,127.96,172.43,92.0
2018-02-19,,,,
2018-02-20,271.4,126.24,171.85,92.72
2018-02-21,270.05,125.66,171.07,91.49
2018-02-22,270.4,126.3,172.5,91.73
2018-02-23,274.71,126.14,175.5,94.06
2018-02-26,277.9,126.45,178.97,95.42
2018-02-27,274.43,125.13,178.39,94.2
2018-02-28,271.65,125.0,178.12,93.77
2018-03-01,267.7,124.72,175.0,92.85
2018-03-02,269.08,125.39,176.21,93.05
2018-03-05,272.19,125.18,176.82,93.64
2018-03-06,272.88,126.53,176.67,93.32
2018-03-07,272.78,125.72,175.03,93.86
2018-03-08,274.1,125.42,176.94,94.43
2018-03-09,278.87,125.54,179.98,96.54
2018-03-12,278.52,125.54,181.72,96.77
2018-03-13,276.72,125.78,179.97,94.41
2018-03-14,275.3,125.7,178.44,93.85
2018-03-15,275.0,124.9,178.65,94.18
2018-03-16,274.2,124.6,178.02,94.6
2018-03-19,270.49,124.87,175.3,92.89
2018-03-20,270.95,124.31,175.24,93.13
2018-03-21,270.43,126.48,171.27,92.48
2018-03-22,263.67,125.98,168.85,89.79
2018-03-23,258.05,127.61,164.94,87.18
2018-03-26,265.11,128.28,172.77,93.78
2018-03-27,260.6,127.49,168.34,89.47
2018-03-28,259.83,125.73,166.48,89.39
2018-03-29,263.15,125.79,167.78,91.27
2018-03-30,,,,
2018-04-02,257.47,127.26,166.68,88.52
2018-04-03,260.77,126.3,168.39,89.71
2018-04-04,263.56,126.45,171.61,92.33
2018-04-05,265.64,125.8,172.8,92.38
2018-04-06,259.72,126.39,168.38,90.23
2018-04-09,261.0,126.82,170.05,90.77
2018-04-10,265.15,127.12,173.25,92.88
2018-04-11,263.76,128.11,172.44,91.86
2018-04-12,265.93,126.62,174.14,93.58
2018-04-13,265.15,127.45,174.73,93.08
2018-04-16,267.33,127.63,175.82,94.17
2018-04-17,270.19,127.75,178.24,96.07
2018-04-18,270.39,127.85,177.84,96.44
2018-04-19,268.89,127.6,172.8,96.11
2018-04-20,266.61,126.63,165.72,95.0
2018-04-23,266.57,125.62,165.24,95.35
2018-04-24,262.98,126.23,162.94,93.12
2018-04-25,263.63,125.41,163.65,92.31
2018-04-26,266.31,124.97,164.22,94.26
2018-04-27,266.56,125.5,162.32,95.82
2018-04-30,264.51,124.59,165.26,93.52
2018-05-01,264.98,123.71,169.1,95.0
2018-05-02,263.2,123.65,176.57,93.51
2018-05-03,262.62,124.28,176.89,94.07
2018-05-04,266.02,124.54,183.83,95.16
2018-05-07,266.92,124.57,185.16,96.22
2018-05-08,266.92,124.59,186.05,95.81
2018-05-09,269.5,124.33,187.36,96.94
2018-05-10,272.02,125.18,190.04,97.91
2018-05-11,272.85,125.0,188.59,97.7
2018-05-14,272.98,124.49,188.15,98.03
2018-05-15,271.1,122.48,186.44,97.32
2018-05-16,272.24,122.29,188.18,97.15
2018-05-17,272.01,122.36,186.99,96.18
2018-05-18,271.33,122.41,186.31,96.36
2018-05-21,273.37,122.48,187.63,97.6
2018-05-22,272.61,122.41,187.16,97.5
2018-05-23,273.36,122.54,188.36,98.66
2018-05-24,272.8,123.59,188.15,98.31
2018-05-25,272.15,123.21,188.58,98.36
2018-05-28,,,,
2018-05-29,269.02,123.19,187.9,98.01
2018-05-30,272.61,123.37,187.5,98.95
2018-05-31,270.94,123.1,186.87,98.84
2018-06-01,273.6,122.49,190.24,100.79
2018-06-04,274.9,122.37,191.83,101.67
2018-06-05,275.1,122.85,193.31,102.19
2018-06-06,277.4,122.92,193.98,102.49
2018-06-07,277.37,122.86,193.46,100.88
2018-06-08,278.19,123.01,191.7,101.63
2018-06-11,278.56,123.23,191.23,101.05
2018-06-12,278.92,122.82,192.28,101.31
2018-06-13,278.03,123.19,190.7,100.85
2018-06-14,278.73,123.38,190.8,101.42
2018-06-15,277.13,121.34,188.84,100.13
2018-06-18,276.56,121.11,188.74,100.86
2018-06-19,275.5,120.8,185.69,100.86
2018-06-20,275.97,120.26,186.5,101.87
2018-06-21,274.24,120.05,185.46,101.14
2018-06-22,274.74,120.34,184.92,100.41
2018-06-25,271.0,119.89,182.17,98.39
2018-06-26,271.6,119.26,184.43,99.08
2018-06-27,269.35,118.58,184.16,97.54
2018-06-28,270.89,118.22,185.5,98.63
2018-06-29,271.28,118.65,185.11,98.61
