,Activo 1,Activo 2,Activo 3
0,1.0075116644998783,1.1726254007888097,0.9356869076494312
1,1.0342816980627174,1.0453255257029634,0.8848191912382692
2,1.0972400296764548,1.0680539905280446,0.9330408658498152
3,1.0706084081774072,0.9785009323723529,0.9779940386359341
4,1.1334751873454185,0.8661467629237981,0.9398858408021307
5,1.1281031427850186,0.9021433940992025,0.9132052780816141
6,1.088667135192466,0.8713479084788802,0.8479975148158764
7,1.183377663726508,0.8747171982043868,0.8653981550389753
8,1.2366647073816135,0.9159551456396077,0.8159587049131678
9,1.2544190295414286,0.9397284480111276,0.8004701807997361
10,1.1914552569012504,1.0967081785377475,0.8009083549131255
11,1.2196635640347073,1.188395689649389,0.8064538285936168
12,1.2651645508691578,1.1943363370552156,0.7566611083716673
13,1.2910374008316299,1.2506021971378227,0.7303441400986781
14,1.293683177170165,1.2348752777849523,0.747552625147575
15,1.2460853865791748,1.3224623063051242,0.8117113105766518
16,1.0555076264899124,1.3231173487336638,0.8125929933788884
17,1.0409177278309203,1.2635192371753243,0.7838322503523429
18,0.9642944523051211,1.1878183649485226,0.7609441830600473
19,0.884728400148697,1.1814640378430186,0.7165579224508993
20,0.9325223613834971,1.192964777155675,0.7264742729895491
21,0.9552216539816496,1.2672807098900842,0.710511449044714
22,0.9774285488361036,1.2698677231180875,0.764795301369353
23,0.9631611276562118,1.2687164243962392,0.7316062109857339
24,0.9967096197901081,1.2380788202426989,0.7097386781882626
25,0.8650295756795249,1.2628343740510206,0.7271821746289578
26,0.8310355840898223,1.2594508374098743,0.7630425715816944
27,0.8873316259961316,1.3340113325680174,0.7549288836364003
28,0.875592654345445,1.3360786346215818,0.6957829766134828
29,0.846075668820693,1.2324218372373121,0.6497719936110318
30,0.9057504211554915,1.2067612406021246,0.6556998906644811
31,0.9523294990964613,1.1583185999994667,0.6804217696175495
32,1.0240346493388406,1.2427990706077776,0.6494865834315813
33,1.0211660082845735,1.266288550516693,0.6241096895637029
34,1.0791503442866863,1.3960152886233315,0.6516110112449857
35,0.9997333524836102,1.392659770132924,0.6456206742981141
36,1.0439894419309044,1.3208221753153804,0.608256659168401
37,1.0653668516198787,1.2784149102597449,0.5945729265975541
38,1.0528212928438778,1.3589255715837525,0.6330949381492895
39,1.0144725776318768,1.3840898969278965,0.6278228204191759
40,0.9533836190622625,1.259271941524089,0.6320093661414764
41,0.9241548505289598,1.2904333820872786,0.5974781005342484
42,0.9591335252881189,1.3376673341849128,0.6887306448923874
43,0.7848711763011182,1.3057433648636088,0.7233132608548677
44,0.693590844670734,1.3781906753471875,0.7984978647129058
45,0.6886278736027837,1.2318894559444737,0.8036821561591122
46,0.7265045276901174,1.22363693568581,0.7712446422289386
47,0.6711179930261069,1.3633100058161924,0.8393080494956251
48,0.7059201726031772,1.2436746427710088,0.849330360218543
49,0.6928314892569107,1.211837995143431,0.8589608594446048
50,0.7256383948154632,1.297800153636046,0.8645373327720351
51,0.784824164095522,1.2942092864876216,0.837618287717259
52,0.7442623909162494,1.2888597576693164,0.8433831906074795
53,0.7891854805900116,1.2687761917916525,0.8209025235721216
54,0.7770085463013158,1.3431083155853067,0.8718120725625436
55,0.7041255531177838,1.2843866896263594,0.8441057020700197
56,0.6656890269888569,1.2785948137645522,0.9215525269337923
57,0.6440769720432317,1.34028551404717,0.9086162021937259
58,0.6921103379492153,1.4380499446860842,0.8733932002975426
59,0.717836461863392,1.2216913205836166,0.665806248915166
60,0.7531508757721429,1.2437534942100996,0.6113467463502374
61,0.7412637748974683,1.1737559616166269,0.6257031041423994
62,0.780969136459734,1.225842821653331,0.639654455862103
63,0.7330543006218264,1.2065495992859159,0.6556707329093839
64,0.6491574394658367,1.190621989387983,0.6050657699281013
65,0.5810430212830064,1.138211219277257,0.655534638047349
66,0.6248299287331003,1.1324111247488053,0.6638488387074175
67,0.6359095938689551,1.1854485837448834,0.6530316524014661
68,0.6593545881988185,1.2730104279181411,0.6012969115324133
69,0.68003173544877,1.2652870636596547,0.6179206597905924
70,0.6278707085590849,1.1817545730618388,0.608136204600867
71,0.6072657400376432,1.1050310281412112,0.6550821100629783
72,0.6609092619810808,1.0355027627021383,0.6078203405373305
73,0.6559335694169399,1.0823550116400038,0.6289589314648761
74,0.6003318180948883,1.1759249299733494,0.6633278031290406
75,0.5876229638666116,1.0650564675433418,0.7108117240570183
76,0.6061012780186904,1.0444257158666121,0.7157246088353771
77,0.5757999299920663,1.0145969724165504,0.770633102912262
78,0.5848841343347398,0.9760011484988729,0.8377897186667946
79,0.6294201164624499,0.9887254531420948,0.8184495111080153
80,0.661684913143306,1.0213823525765167,0.8228275067531856
81,0.6584294618105532,1.0406239567780087,0.8296532700780551
82,0.6221308545248541,1.0124298099182905,0.9467325606581296
83,0.6693242426744632,0.9791319554500374,1.048631555241513
84,0.6184382308905264,1.0946787496110886,1.027253963313805
85,0.5604354303124339,0.9572644211322556,1.0058876796990532
86,0.5126208901246718,0.9605107275982357,1.2254151311812524
87,0.5189664789700656,0.9660277019790392,1.2540731758559582
88,0.5619462415270414,0.9465155748755043,1.2600205728960645
89,0.5895872891927161,0.9678144570242652,1.2287699597732018
90,0.5820545201077187,0.9384661364614291,1.3488486208758037
91,0.6053145009616266,0.9883920331071855,1.2225824326305994
92,0.64756801650419,1.034252211706819,1.1997457977470258
93,0.7045418927129431,0.9557728483238651,1.2536515121817509
94,0.7394107883666692,1.0428329646838463,1.2564354282822707
95,0.7168135584377924,1.07743789443654,1.2203817570257849
96,0.7444831397990598,1.049423612160137,1.2837956270966076
97,0.8065525147611239,0.995405178457825,1.3147562288486327
98,0.8249066238050158,0.968686455098949,1.2838885548147838
99,0.8767453521934778,0.916310166327588,1.3287709911579617
100,0.932187682631613,0.8643137984592258,1.2742033045418335
101,0.9335800244873552,0.8577878008368538,1.2778658489173926
102,0.8629504480662897,0.922573294932732,1.316857034784675
103,0.9260594926375914,0.945479336658054,1.301584077797997
104,1.0140047846080502,0.9135850331154418,1.289892297981849
105,1.0577814208567502,0.8747884129928581,1.3708019181700857
106,0.9900026894199169,0.8509089144119985,1.4179745848575984
107,1.0164531359318691,0.8260349487866532,1.424990236671721
108,0.9029676394103971,0.7553073010925451,1.6134345928324352
109,0.9355146750068033,0.7071676349852992,1.5259811262120988
110,1.0230380512474624,0.6485130354039144,1.543368157254619
111,1.0255413815360441,0.655430536950974,1.404087115490727
112,1.1197408963591102,0.5952932313025013,1.3580216642036391
113,1.1348239918124845,0.6369226451170352,1.3359971571301779
114,1.0858908449339046,0.682996159001095,1.2633337125868522
115,1.204757566183973,0.6971050208765464,1.2540883624919785
116,1.2631340247289369,0.7315061230301142,1.3342663743324046
117,1.2475232223938957,0.7124852160662748,1.2236243599240297
118,1.1564437478484284,0.7743928687111764,1.2008567289710608
119,1.0143564703013868,0.8281253035696958,1.3553507739795372
120,1.0928493886777377,0.8291051382800532,1.3633816186844412
121,1.1204765775544538,0.8513119583616439,1.2466691561299545
122,1.1316626026448953,0.8487813628929742,1.2440919193551372
123,1.2086166068888597,0.8312053174493361,1.1914544764918142
124,1.2052524559750113,0.8846601575440446,1.186177526805509
125,1.2169390820801693,0.9250230122278621,1.224648283583306
126,1.152311782778984,0.9113025468016281,1.208078085199694
127,1.248343247511854,0.9354942473772196,1.0786502772610354
128,1.2097083412865053,1.0047225710101713,1.0212119867532394
129,1.1127502692532123,0.9767958601527985,1.0262881173316998
130,0.9620864835917669,0.9461900809947456,1.0305716638274245
131,1.0043155182252625,0.9562469069972356,1.1100369386169802
132,0.9433427083789238,0.8706867282486043,1.0713430613988772
133,0.9904432063234987,0.8302154572188477,1.12843860105388
134,0.9471017586810261,0.7884089286643953,1.1402059988088524
135,0.9365009222195787,0.8177616966633273,1.2415014921748087
136,0.9707499404964169,0.7851733346644544,1.4377899915073558
137,0.9240667388326718,0.8143813203519159,1.4756780003230099
138,0.9909159992472797,0.7525627478744972,1.6778550044190852
139,0.9198151738880753,0.7673504212234827,1.6968741028743397
140,0.7714102894114054,0.7242996839578972,1.6736440406917088
141,0.707837526146175,0.7040479747714297,1.6544285626669155
142,0.7600156468183661,0.6643330896838215,1.71449540600813
143,0.8192283932520339,0.7087565401408772,1.685717762241952
144,0.8215011628674531,0.6598526236001583,1.6128792916690842
145,0.8549053026463159,0.6887974300661952,1.7575984711150139
146,0.939196298123111,0.7269054811553478,1.710580679416701
147,0.9638323948668367,0.7752586210221386,1.578594749001146
148,0.923967918764714,0.7882376003448448,1.5051228782567094
149,0.9982583979969311,0.772386480889433,1.4485013497019952
150,0.8993633138487911,0.802271451966161,1.2904515102433622
151,0.8129833644030414,0.7916281924304629,1.2669287495884032
152,0.7155328324215071,0.7362766230439153,1.343608164224789
153,0.6941211328673549,0.7707211380428409,1.2659004382551355
154,0.7342588612947134,0.8270408132401483,1.21408098446862
155,0.7683797018181798,0.8026927029889938,1.1152563280828618
156,0.8136878328601869,0.834330737340171,1.2165646398115113
157,0.7343310353604006,0.8356792621139494,1.1302660589951763
158,0.7624275236275703,0.8793078988788671,1.0485293865956191
159,0.7638145920750824,0.954641404138308,1.0726586336545973
160,0.7489996922128493,0.9254306383541085,1.071001299465701
161,0.7421884313030007,0.9659739916972284,0.9967721622534166
162,0.7203316193880278,0.9830118927788648,0.9964044641765701
163,0.7673440908247483,1.0707141512152605,1.082963100128422
164,0.7568707847839364,1.1216661054701769,1.0922333399013526
165,0.7687183731883163,1.0650307037677433,1.0840400579794547
166,0.741704474642854,1.0078226939175317,1.0457294747873338
167,0.6705199724740709,1.1072235083709034,1.0193130336852791
168,0.6802316572721199,1.1061493909379878,1.0331864642273
169,0.6781084220692934,1.110130903560137,1.036442066762345
170,0.7149457799305923,1.1254716290348732,0.9363211258287425
171,0.6921032370774606,1.0915978319730866,0.9076191354500657
172,0.6652646618281234,1.0255856570796715,0.7838012083599021
173,0.6761434399329469,0.9994958673917286,0.7914779184647484
174,0.7016454864414435,1.0224926082064787,0.7969656056884598
175,0.7237515093012836,1.027808982121654,0.7239406074063124
176,0.7493963875767098,1.0149579003662323,0.7489273420059183
177,0.6806402787959086,1.0113331283957863,0.7856156141418115
178,0.6635099293887843,0.9664355199007214,0.7698875162016183
179,0.6631554876502586,1.0587589865987357,0.81499266295658
180,0.6822725855936905,0.9273342384240842,0.7154081582073483
181,0.697933883729265,0.9096689731803025,0.664904439267203
182,0.7425840236402591,0.824675515752892,0.6627039964855941
183,0.7048614947396491,0.7957259407346822,0.6582915844154511
184,0.7047403433779303,0.8019493897536843,0.6807233434860674
185,0.6583886875271531,0.7415817166004862,0.6898507756762096
186,0.6914320939389831,0.7283339918086229,0.6950687356604981
187,0.7098176480382341,0.6926204118800019,0.7053400420186554
188,0.7075823356615101,0.7053177170605306,0.6918903259607612
189,0.7049438562397985,0.6902933945563542,0.6873061786777033
190,0.6153286595596356,0.738598567513201,0.6709342498224115
191,0.541762028837367,0.8555145814748037,0.6708444369731849
192,0.5435997742132177,0.8738757273211498,0.6679743400455747
193,0.5204195766491957,0.835505407199966,0.7244803327004637
194,0.5194079202211946,0.8571628246447571,0.7378561070787406
195,0.46647294757967644,0.8816203343839168,0.7343883507549764
196,0.5052090900581193,0.9143509119230694,0.6940041779965133
197,0.5293368957927634,1.0556474408304044,0.6689997959265392
198,0.5221076658186979,1.101450304411117,0.6253237897688505
199,0.5527964442425796,1.085098917863388,0.6216691404334007
200,0.5559191264355839,1.2031918138223545,0.677249750069268
201,0.5496729555215563,1.2658910514014048,0.6876252551350679
202,0.5560600307623673,1.3270808417639788,0.6860960004421083
203,0.5513821907728919,1.3132020019588444,0.7410443769507924
204,0.524943618757647,1.3253165997894483,0.7265637188300633
205,0.4864524412501045,1.255682055224205,0.739971462118839
206,0.4966703878116309,1.2385942867922421,0.7451224675738003
207,0.45898932699909595,1.151161095523672,0.6999557295021663
208,0.46790663381884384,1.2845004405444074,0.715500041850842
209,0.4970479551664182,1.1655194129946091,0.694285559501066
210,0.4595218323796229,1.181481575041292,0.6708490046715406
211,0.4388747184294566,1.189212504090246,0.6602592569133872
212,0.46086370307866764,1.1788989261954468,0.6899729661427813
213,0.46569042963833446,1.1838107615303544,0.5828715355620496
214,0.4923437990583251,1.1595912276876834,0.6342648953889899
215,0.48132140733524015,1.2143152243239308,0.6800413298638297
216,0.4897437550525276,1.1990225085554536,0.7202801612668044
217,0.5308525149231533,1.2320985398919873,0.7063403922662319
218,0.532979841265372,1.2821990375266532,0.7677264947950223
219,0.5125195728328213,1.3721084626036728,0.72473694690984
220,0.5368676533591964,1.4160664148441393,0.7618757317603266
221,0.5198502643855458,1.4423021290489415,0.7695796033334112
222,0.5626324268548246,1.455825126754055,0.6630315352550056
223,0.587390375554554,1.4707546269040643,0.6076984657518519
224,0.5879087722924651,1.5147334650663276,0.6779797671466726
225,0.6530800273288697,1.4745727688605341,0.5838523532871844
226,0.6742087773298724,1.4347858728994851,0.6339592473564688
227,0.7188571849181674,1.4217867177633234,0.6474558503127338
228,0.7795395255900516,1.350425689953794,0.6578087339537155
229,0.7543606961944229,1.3905492558767454,0.6594691793339373
230,0.7115733787350781,1.2803513360785992,0.7392387817077238
231,0.7676022245954244,1.1896679647406183,0.6885928222477793
232,0.8024733744827492,1.1084875235143137,0.7035006097935648
233,0.8093903021184328,1.3269489592824637,0.7792783976845205
234,0.8394611426912154,1.3783560068989251,0.78670739384856
235,0.8634044698644813,1.386552686861422,0.759930223673983
236,0.7826069079049285,1.4139656900937234,0.7647856137281335
237,0.6734973313610909,1.4196446413456794,0.7298412442495403
238,0.6852585672693986,1.4024828810172674,0.7288007827530951
239,0.6393680373635859,1.3924646908694605,0.7237765307406422
240,0.6019506539106834,1.508960722321334,0.7326515671120549
241,0.6180580366439612,1.5481854454147201,0.7040864604453384
242,0.6350568158006404,1.5958183175682568,0.7459025927587046
243,0.6258597874638462,1.6774504132229713,0.7293025427506614
244,0.6340689175466506,1.7595886964059748,0.7954751228570592
245,0.6601147301423611,1.826029933834002,0.7902811691522434
246,0.6669300816962913,1.7294456147711068,0.8399811803577101
247,0.6391758735902364,1.7683426969412226,0.9542194611499932
248,0.652575286814273,1.7484834073195195,0.9495585747949535
249,0.6795258949530202,1.8640232906725596,0.9516323594111762
250,0.6832808595595029,1.7166134154128905,1.0047758691581747
251,0.6429692396079266,1.7849623088083517,1.0628772319698045
252,0.6638338426571494,1.8808618690658603,1.0397563649036796
253,0.7145920730912524,1.9551181777064162,1.1169609395105546
254,0.709496298370173,1.7716005959831473,1.0657463295432945
255,0.7120196886089855,1.761911921066617,1.0641249832583157
256,0.7528269769695354,1.883917398161473,1.044568239058312
257,0.7781297228353595,2.0341716662160803,1.0429239870167488
258,0.7444592244550673,1.9889610411687602,1.0397485476648802
259,0.7653831850279655,2.1134661999478825,1.0146288551726677
260,0.7315667085295333,2.3232845035596115,0.98877859985003
261,0.7705800702623347,2.3931094745581576,0.9813463196782592
262,0.7913326953031907,2.4358463438393962,1.1248556934970784
263,0.8108197466367059,2.6554188863115225,1.0822468004905443
264,0.8411444561292972,2.7011746283330407,1.0264967899650401
265,0.8717476083536024,2.8203574607437734,1.045569840507631
266,0.9584178344846875,2.76272030819875,0.92668863676583
267,0.8703031696398725,2.9402861673910743,0.9768941806490358
268,0.8587106683246186,2.9415934106083643,0.9876356670317663
269,0.8694796311603995,3.0677560375266557,1.0232929117169223
270,0.9203856006560855,3.2389406918572097,1.0340007639564095
271,0.9089278097584726,3.163296548003366,1.0048586031581408
272,0.954089103499178,3.247735381345194,1.0494163859016048
273,0.9631707192262889,3.2762107211367044,1.0526194709219274
274,1.0287748318956578,2.9089682095838674,1.1903205114971864
275,0.897816433946045,2.9721709243201793,1.1730105128237307
276,0.8484232456626655,2.831788070468091,1.1039559516782222
277,0.8370532291338963,2.6535174331620452,1.1341827127338957
278,0.8920016064401236,2.451513900933003,1.2536955384426283
279,0.8884131380013324,2.4961007842961025,1.276186408187832
280,0.9109339499042487,2.4417069858932385,1.4580132597777138
281,0.9204526697756308,2.5406330770515932,1.623961471656569
282,0.8067515656479918,2.7472284862612923,1.6951349346690372
283,0.8355171400347431,2.6546223065278642,1.7273460799946372
284,0.8865176505959539,2.5447150784601593,1.7443403923227923
285,0.8674423144320232,2.5278208185261515,1.7999001077755208
286,0.8777325497785289,2.3886464758180423,1.7662934036237112
287,0.9164056618677711,2.415878887314713,1.8777582939229767
288,0.9266458342741875,2.5106015662265984,1.7353011694966018
289,0.9642295805812661,2.547222739712866,1.7824654919350083
290,1.0231872973695533,2.614509935607616,1.6868611021407312
291,0.9847770929306436,2.444030989065863,1.596231532664497
292,0.9673841636200465,2.2654435500702426,1.5019229405234766
293,0.9130859823747982,2.1755886036235608,1.4160440783951922
294,0.8968129313420311,2.2289314606030155,1.55172371860831
295,0.8018062227726456,2.1546930798035047,1.4739130145226138
296,0.8152249204455333,1.9811703011369377,1.4867309058760156
297,0.833180126997517,1.7340494548825687,1.465108898360521
298,0.8535957591300246,1.6492841314574929,1.6616809475232373
299,0.9047297859578775,1.6782839232942968,1.603940760723855
300,0.968262712223344,1.6802714039783602,1.7583611798195877
301,0.9464320828022076,1.6937835002989106,1.692038012037689
302,0.8454916703758778,1.568730007044032,1.740610530873251
303,0.8926305509025358,1.4978000047286644,1.7872336138364786
304,0.9023241528346437,1.3578727414475331,1.9051007983977855
305,0.9716288318654523,1.3597839413268984,1.838779008804742
306,0.972830123873556,1.3738730788089837,1.7721762756523585
307,1.020432329153517,1.287953781248073,1.7060125720950696
308,1.0349527164784662,1.4107504441896987,1.7414346254324744
309,1.0736495825231698,1.3345044038847769,1.7786407476119925
310,1.0802490785944177,1.5190760616752477,1.7128917599924551
311,1.09081568847858,1.4573848428116756,1.6704545495834533
312,1.0466736839510167,1.5110707401941912,1.7235994784783448
313,1.0944126095872462,1.6476558620475823,1.7519831113066497
314,1.1246947801565699,1.6441061635811383,1.6253964998675348
315,1.175145255469018,1.7004001446189407,1.5463651523394872
316,1.2366627157283894,1.6559141075915234,1.503590422925115
317,1.0916854636240958,1.5227763269998358,1.507686842220347
318,1.0258691548914702,1.5670385965670133,1.452533387374963
319,1.0967230410452726,1.6008259116911912,1.3624471695389564
320,1.1823128624968704,1.4536767034999445,1.3019150309673566
321,1.184922709225666,1.450404071639624,1.303835505250757
322,1.2415140131755729,1.457664288269586,1.2848994947853645
323,1.202349325255592,1.4043524502224416,1.224229374994504
324,1.2842280537020188,1.347533799866058,1.2599307347791375
325,1.3271401710529656,1.3063031018845532,1.2448372963242367
326,1.4413591749213077,1.1849521588548044,1.1170199128723688
327,1.4971370780347089,1.1934203519162232,1.1597337753437453
328,1.5414964446580994,1.13428889873501,1.090314873952725
329,1.501142405220273,1.120504610103454,1.030207072784529
330,1.4601113684271227,1.2388196221153256,0.9450701026415348
331,1.480228269177515,1.1875255106839175,0.9800625407108844
332,1.4279443353204704,0.9876159145384449,0.9889306151327732
333,1.167314618682683,0.9913128979830399,0.9321236570721168
334,1.2317715511624772,0.88027630521927,0.8896679907489669
335,1.2052035053408472,0.9279902189228306,0.9498978437887964
336,1.212499940604462,0.9430171940865484,0.9557566249578228
337,1.254359747922485,0.9959024939847251,1.0566351072170415
338,1.2026350886001493,0.9408487693294323,1.0774413839227197
339,1.1761943614548116,0.9089227407278294,1.0830820231293148
340,1.2198913254142394,0.9679724430118513,1.1570757286033668
341,1.2323157009356058,1.000338788748001,1.290673364249608
342,1.2114987688423964,1.1102063272682643,1.3236788680127383
343,1.1608539192303993,1.157077275429121,1.3543084633870206
344,1.2460098931499475,1.201840749223206,1.2893618883974016
345,1.2884280106736543,1.1028416471593208,1.2337947103438787
346,1.230012825073306,1.0758589186908538,1.4144059103630842
347,1.26535598988045,1.1477066515388148,1.4216303076657426
348,1.279469455036664,1.192948518231929,1.4187700530379805
349,1.3341004820222453,1.243818335379968,1.332232519172623
350,1.3690686184510095,1.227382548891251,1.2354894542389196
351,1.3249641862345813,1.4062166920687087,1.2735410227375226
352,1.2762335196745913,1.2974203841911949,1.2964284758414124
353,1.2626578245916256,1.3058156536819596,1.2510851329110924
354,1.3111500763082493,1.2213552586367649,1.1766515318395137
355,1.2914546586837627,1.3185450589069436,1.1455511225061488
356,1.4008238429532778,1.1727036344335444,1.1828646985238838
357,1.2450240506831554,1.1062090532484554,1.1272925867375134
358,1.301946238834238,1.0527484097749955,1.1003204546545218
359,1.3617081192509013,1.018434174023136,1.0401471265237845
360,1.4585018718856688,0.9721652717228536,1.006979274026061
361,1.2558119265769698,1.0738791581126341,0.9372418223899678
362,1.3013957932114328,1.0707961380283244,0.9161321905084402
363,1.336963565720621,1.0499442340373435,0.8840214935869382
364,1.4448406702217447,1.1078318492745287,0.8800239266925037
365,1.514841603735105,1.1757910973419958,0.8574041671897635
366,1.5891911706353261,1.08474069469183,0.9253342268707797
367,1.4470661773885771,1.107151717951974,0.8266204796299309
368,1.2480480358320176,1.0577896614182116,0.8526206871658827
369,1.3035619831347087,1.0268805559632808,0.8051153390489788
370,1.343186734397241,1.0471093661206763,0.7815185382139748
371,1.3880058577108525,1.0474932011126317,0.7637468323633887
372,1.4626868579131191,1.0985374809182278,0.734043852501803
373,1.2761636085495454,1.1396718568180522,0.744254037071044
374,1.3656558763989866,1.1138775470487992,0.6961592240703743
375,1.25614234523652,1.1347287710942673,0.7764263365950689
376,1.2071735539210153,1.096655811317065,0.7785577789886385
377,1.104059802340066,1.2560357105933182,0.7812286723633639
378,1.112028715665151,1.1743234916284142,0.7155884024083684
379,1.0584137987886146,1.199453917515774,0.7134216779423215
380,1.0394244154144245,1.350398488505573,0.6384951436165244
381,1.098367373407539,1.3949017364840777,0.5512460566953721
382,1.1419969244159578,1.4066485207936306,0.5618468923338465
383,1.1998841546211045,1.3635798491493467,0.695598613390599
384,1.101781424424308,1.3478134809233904,0.6894800864592739
385,1.1541915117071289,1.2216042087419323,0.7008854196310741
386,1.19421147360582,1.1795575035583676,0.701331370924977
387,1.2441360089245952,1.3113011652308588,0.688304853270791
388,1.316636566968321,1.2990798678730788,0.6871138782692547
389,1.2373537126204512,1.2997488163927085,0.6764821028437906
390,1.2262241253403348,1.2677321369759467,0.6507801161677904
391,1.1986668405644734,1.1749789548475051,0.6795890945121467
392,1.1958444296885549,1.1444833149342974,0.7069926689500833
393,1.2710841664288028,1.203065247179816,0.7073857398996116
394,1.3021077714943754,1.1321897222474666,0.6901441900647196
395,1.2357438511170795,1.2017803627482602,0.7028109242775143
396,1.297872810648992,1.121951008625806,0.6837749246140069
397,1.434102958225968,1.1103181589809898,0.7026944370202827
398,1.5448315347060164,1.0918989886794364,0.6753354933991808
399,1.6107586315699116,1.1236276242042118,0.6625888395162461
400,1.7296766282958016,1.1146008136353867,0.6841819390956544
401,1.526196605123847,1.1139485277610721,0.7116262519579125
402,1.504609575201313,1.1891239973539904,0.6937666089193889
403,1.5775425112082717,1.2163613856440822,0.7168230910383407
404,1.607245232283904,1.3977280180769636,0.7663934988402132
405,1.536611659037904,1.3429152520176753,0.7848960841044225
406,1.6779512924817535,1.371704549095995,0.7642262209716786
407,1.7621646632639074,1.2706068784362823,0.7921448006093984
408,1.7485284519285016,1.3194944407001088,0.791032814691059
409,1.6803826469588108,1.3990621590428196,0.8448095365380663
410,1.5314843729698742,1.2688090849630533,0.8746986699703035
411,1.5828696506412827,1.338703619153888,0.9374194835946681
412,1.6279962882362227,1.3942935373948668,0.931167814057518
413,1.6860657351995703,1.287760245873942,0.9150967456250242
414,1.6658250741141394,1.2462673363032633,0.8698321129660311
415,1.63859767512121,1.2703493686381824,0.877453051778133
416,1.5587943980074674,1.2102112476115994,0.9367862813258898
417,1.6817625267212233,1.2317113388420862,1.0345030238398252
418,1.7139372899584469,1.312236521035549,1.043461960316529
419,1.697284345947061,1.1733408640916143,0.9378537175568035
420,1.618865884908858,1.1966433992366676,0.8912459883023601
421,1.573257479922467,1.1863738931835002,0.8188439963580629
422,1.6777140285534318,1.1443686500989176,0.8664952497416328
423,1.41065036760039,1.0191605357065436,0.8220057078554213
424,1.5120240788504924,1.0795137496569382,0.9043305567157468
425,1.645555872999392,1.0885834842785342,0.9234431109309119
426,1.5281078294549697,1.0758996106949557,0.8954329718806169
427,1.5984783192182055,1.1963030406255544,0.886947213540168
428,1.6506061020809515,1.178199222857365,0.8610834564494049
429,1.682387155478715,1.1050504955987461,0.9165261913180931
430,1.5014834225743239,0.9198267109284427,0.9868758256013898
431,1.5951368517933215,0.9718324008603569,0.9872392504405217
432,1.4646773606466064,0.9188275409841958,1.0403784779157608
433,1.5550171456488435,0.9144961526787118,1.043015357079006
434,1.704792946111242,0.931246753174298,1.0464684788681746
435,1.7045607248256378,0.8911959466944775,0.9756644802311735
436,1.7783013647251333,0.9461056759617791,1.0294791680100865
437,1.8090093986441493,0.9389978927713817,1.0841248464249635
438,1.7767715139214424,0.9127566525905109,1.0454212815870372
439,1.8193645882510903,0.9816785392110008,1.1121434486978472
440,1.9173155640851627,0.9487500181614806,1.2324922868301849
441,2.045809150227654,0.8788387135994655,1.4230007451942972
442,2.1592837230297905,0.8992534600086078,1.4930962523233053
443,2.1959756848432965,0.9221825753812248,1.635680767881465
444,2.284845375305505,0.9148236462655013,1.6367015369518467
445,2.2588741602042597,0.9199665882748774,1.7320206615214653
446,2.392712925265642,0.9543886559367819,1.7622876651057253
447,2.420351603838318,0.9661854852815132,1.5079041217349771
448,2.3634776591189226,1.067801069317359,1.5659698829427744
449,2.4660830743545574,1.2247625202059322,1.6578260249614538
450,2.427843448228445,1.2385048519296826,1.5813566509044088
451,2.544131790472584,1.2269778799821731,1.6030372056638027
452,2.675932118704812,1.323006901667819,1.6030746961366311
453,2.6548964922438802,1.241833337995265,1.6156355567838345
454,2.775047367967221,1.256493158068736,1.6112513234130985
455,2.9144319578206663,1.2597148292026847,1.614681969491749
456,2.9625474300575143,1.3483445074323863,1.6311292828877533
457,2.9845349144267224,1.2380400837507977,1.5076506168157708
458,2.892540213383447,1.2768055650385182,1.5438690755221383
459,3.0874031042599492,1.3902195906932693,1.4468849237830261
460,2.941275824135111,1.3651802800634634,1.4039785068560608
461,2.90193342905873,1.381035432848557,1.2825635983142696
462,2.8434690042334783,1.3363189373367472,1.2652743441663021
463,2.97193434375156,1.4428105902614534,1.2163639730583913
464,3.1172121027102557,1.5209334423417893,1.1769358327102442
465,2.9969182010987194,1.514549122470941,1.1704618424227107
466,2.9316224820538324,1.6707982894174995,1.1942529797692103
467,2.93881792924764,1.6096230138562782,1.18669634307515
468,2.9048790800853688,1.6031857734127015,1.1518277132761208
469,2.6439363811177006,1.5777757146310307,1.1624513551720335
470,2.6042053589799172,1.5214451233332402,1.1797264486267232
471,2.509840646992687,1.5053280715366548,1.1223645081583675
472,2.4556821697159577,1.6273376894387137,1.0626995132448884
473,2.413941007836168,1.7471227039283184,1.0464838404042938
474,2.441689240729812,1.6213905592910742,1.0762376925315955
475,2.62319194103457,1.6245912987922846,1.1195050398056847
476,2.7314398288019826,1.5662091954145083,1.181720361450813
477,2.95582295492869,1.5378880088447067,1.068684968757262
478,2.774665327893405,1.440596008781084,1.0967234098985374
479,2.460076119544675,1.4140951665527683,1.0694491299973847
480,2.429510606702707,1.4677637250523148,1.0644192240585957
481,2.6620725301422614,1.4512745549026913,1.102012843439523
482,2.5685077193237325,1.3961710213026721,1.1926837251621454
483,2.719238318662367,1.3092565095062836,1.219424748079331
484,2.768000194969912,1.3040225737004703,1.189675445611931
485,2.7208739716260095,1.398770177385487,1.0607196191974306
486,2.618418175977994,1.320255030541698,0.9210001882201002
487,2.356639048785571,1.2689215042524684,0.9418074992349803
488,2.4523372514104396,1.273010807118078,0.8887049543688326
489,2.422988620323064,1.2670702119409676,0.8556064001162048
490,2.4481721510770025,1.3547606531081247,0.9728932166703245
491,2.2531452957995306,1.3542563638192944,0.9643143086024136
492,2.308298571611728,1.2895118080278265,1.0350356722825305
493,2.204076094870151,1.3271398531904697,1.0507729069175071
494,2.1850349518459624,1.3591578561233812,1.2138080264430589
495,2.2109387027682925,1.3796899176762125,1.2705825255534853
496,2.311366772105234,1.4130018905757717,1.366175961106537
497,2.076536021318556,1.4821655996549667,1.449504854026037
498,2.101127426645342,1.5383564905660214,1.408539357064791
499,1.9999173354037056,1.6415429749765078,1.3094955301656093
500,2.16496103645009,1.6562994920431695,1.2574199220805904
501,2.2020573066044564,1.7814181624156822,1.2091541632748535
502,2.365863753622123,1.7519096658298674,1.1459069317629347
503,2.2031087930684174,1.8151467133852919,1.2600719039138961
504,1.7141462060929158,1.6547444538058296,1.2999583014297655
505,1.73433203989164,1.6292472858599578,1.2137879799948863
506,1.6986863648141162,1.603890507037425,1.3517676001888645
507,1.69890780917208,1.5229058108936706,1.4384351800671864
508,1.72926177306036,1.4616504584892775,1.4852075330340162
509,1.8297036354107459,1.3944223116719578,1.3979241759928913
510,1.9254368918643456,1.498864311088296,1.4193873398065053
511,1.9963875401715887,1.485197818681916,1.4705713477604754
512,2.1143249472232375,1.3827263042948215,1.4378328981467687
513,2.2015224625548684,1.3718080681409868,1.378911389429707
514,2.228382059059927,1.4040497006416626,1.4563496572430392
515,2.124036479794952,1.4071019020141051,1.3915399675982638
516,1.9979187113085777,1.4040162395161473,1.3431828631579827
517,2.0345711753055777,1.5144423418540711,1.385136552813771
518,2.026951133811185,1.4849118858530055,1.305556875095431
519,2.1517010737330806,1.3937600708817959,1.269278833667349
520,2.197893359790173,1.4739458520123918,1.3418161856799067
521,2.2854751066639887,1.3805758585262156,1.4053318061407043
522,2.381303534877214,1.4363879083492122,1.2315122705276929
523,2.3047433462955573,1.4777472946324013,1.2409324329185043
524,2.3529493787062394,1.2772117784595924,1.4010044535039925
525,2.07652821406048,1.1440742561935833,1.411373525558145
526,2.097919156728661,1.0973929084820022,1.390832904726193
527,2.1910838540109516,1.2119331180673734,1.4843000667321873
528,2.3159690120996257,1.220296502476531,1.559092427411298
529,2.16911209749606,1.2415164942925614,1.7474064206822344
530,1.900687605687882,1.1696075242204726,1.8894974170046277
531,1.6220691240123466,1.2444534090198742,2.3479805706940957
532,1.6188686671597192,1.1826181542665128,2.4045357620872765
533,1.4089070158127632,1.1583603506990447,2.414678560903767
534,1.4641308298976679,1.090702358615738,2.414781144245902
535,1.3039155871175647,1.0403514373616072,2.3836190160802846
536,1.396708460961212,1.075425181047862,2.605799167954341
537,1.4679515897727455,1.0722921324965526,2.6660646437080078
538,1.4024761805807728,1.0064469109465715,2.7420866711763043
539,1.4483014821540914,1.0056998407895905,2.837274602364965
540,1.3486722827432787,0.9697385070984423,2.869366610186677
541,1.404234032686845,1.0391217794563001,3.113135105928507
542,1.4570998624315885,1.1442446450461408,3.175158993270877
543,1.5235982811279112,1.1905852123669278,3.1397323003294497
544,1.591539179970306,1.3655259920478409,2.9489977023087945
545,1.5853885169269177,1.3384845709054058,2.754630234595079
546,1.6701413429636807,1.2867633605967121,2.6576615455294723
547,1.5481891541511787,1.3185185517661295,2.692652869934718
548,1.4941790288094083,1.2313643291632277,2.797886575849097
549,1.3899693997998612,1.3735550693145693,2.772334297020282
550,1.2963531036923701,1.4720099174702956,2.5035489158999975
551,1.370074113876129,1.4983939495731935,2.4599585924487464
552,1.4023540799318848,1.7406283460883287,2.7741076205760846
553,1.4961264143602353,1.6723573644713896,3.0627336638336686
554,1.5315062994425586,1.7481223859710373,3.051200419629903
555,1.536025553348744,1.785371836660419,2.7404055399221847
556,1.633529758727779,1.7767935573730749,2.3254272623400407
557,1.725983699536473,1.8469697502142324,2.3695486860584265
558,1.7345284087366126,1.6935190273539544,2.2518456547858094
559,1.8382744136052986,1.8386851387376828,2.2169067936748155
560,1.848038398557634,1.848640430693838,2.1629784938218077
561,1.8943246593113585,1.732957397179383,2.1979619168226274
562,1.850066412523037,1.7015321510227757,2.213604785430793
563,1.824563281360048,1.5840955481849637,2.1940715285886903
564,1.8041647732146227,1.5775915936724543,2.2003284234818756
565,1.6419644562445763,1.6674103376521503,2.0345238886676555
566,1.7253993076084502,1.7895100160516118,1.9315014163574764
567,1.5631997524376993,1.7587542767361928,2.284944056043442
568,1.6302888857936646,1.858157404910635,2.4394333525378826
569,1.7628340153722069,1.7811207770841084,2.5058068040364683
570,1.7603476000906262,2.029826941478682,2.5524451539812016
571,1.73398126070128,1.879926032879291,2.697689409601669
572,1.5630286314135167,1.7991611488492791,2.5489122114373375
573,1.549793881857965,1.9322301131587423,2.591715279925924
574,1.4024853211536,1.9232936605021964,2.4869892872078823
575,1.332176631977604,2.0240084084510674,2.6155757185875093
576,1.3846562738593409,1.9552843185716688,2.4146552549267533
577,1.3094652813225904,1.9935165038221847,2.7083606934913815
578,1.3098478017677788,1.7930666607590722,2.309149134280689
579,1.3007267963693439,2.010333416470342,2.187006976958452
580,1.2884953898000275,2.004223775151628,2.372192181241097
581,1.35070320425364,1.9099887116855887,2.398611864617055
582,1.3593055812065664,1.9397411792892523,2.3853681858273963
583,1.3467384042317465,1.9006429928993374,2.3749276589685318
584,1.4263564812693905,1.746324539263624,2.461395963845608
585,1.5716160515011128,1.685633919616261,2.3332802495818243
586,1.683029526727028,1.6057860274447597,2.2596013183151915
587,1.8246993580469382,1.663393539508659,2.049063653336111
588,1.915711712649083,1.7346028414286536,2.1940960133486698
589,1.6624343985030723,1.7292936632765703,2.1776494372538324
590,1.707263603522067,1.5926432587879782,2.166777472268648
591,1.6271279148380835,1.5297973067520918,2.0495048720860836
592,1.6398878683526947,1.51733416439618,2.0438822362262425
593,1.7453944867902018,1.558015703623916,2.187425466319488
594,1.8884789100621213,1.6664223249472443,2.095544784620628
595,1.7411476985018333,1.659626134526591,2.0220872282878823
596,1.6466118122925764,1.6601313837183993,2.03745081260988
597,1.719154921496399,1.821492676413056,1.995684009697302
598,1.7680070583454282,1.909609175846162,1.9451989013275752
599,1.746263816059952,1.8563853701030602,2.1908732914254423
600,1.4593278195771073,1.9655682214884087,2.173344389153813
601,1.4773861571968656,1.9275797532153869,2.0077518731637136
602,1.4989643263148036,1.7883807376221792,2.136321802827781
603,1.4228583288533574,1.8354700513705116,2.391836827836616
604,1.490346931973885,1.8606646980913153,2.5159006836613225
605,1.5551645659688393,1.8355006146015698,2.5344501563310837
606,1.600379184861374,1.751968638210765,2.6267070407011337
607,1.3582454298918873,1.838666956681814,2.6499805141385977
608,1.2899126814152113,1.6604031871634397,2.615684326802166
609,1.15820654037847,1.6557555598485612,2.4753243441532873
610,1.276662482341785,1.6667722039445179,2.2737370937555794
611,1.3486837830557974,1.5325024276173427,2.25773047039466
612,1.2999621352159958,1.671010826561284,2.376809638221611
613,1.3002820909633566,1.7091484869164968,2.48941812328976
614,1.2612305730136026,1.6463507523413703,2.459056664731322
615,1.3728829772972215,1.585177943865378,2.535408357413572
616,1.383626027108925,1.5766040839497693,2.5815088090246032
617,1.3343637064611187,1.352421541808211,2.7610343976506635
618,1.383505814625938,1.519351492184015,2.955201110046196
619,1.34001311966412,1.6152672617990942,2.91144291050142
620,1.23579890884239,1.7298059062686375,2.9915823411055458
621,1.1098492347307598,1.8967935778591365,2.934115376750986
622,1.1686615708638728,1.9305706183890154,3.07945929966629
623,1.2369352277517365,1.8428950823339902,3.1188662659714836
624,1.0578133086552592,1.8482093016588375,3.3704864521424818
625,1.096853227813003,1.9727606745962591,3.3180948570079756
626,1.0065923912519448,2.3679781104058963,3.5261812684741973
627,0.9344078376351448,2.381619545885319,3.4862270319639896
628,0.8640997568026064,2.3754874623290374,3.56354480560652
629,0.7818815255199589,2.1701620490197775,3.2732799326394266
630,0.8378516351119663,2.163507023363158,3.1117611005254386
631,0.8648871770380877,2.0618350386088693,3.0232280030117775
632,0.8700624603922235,2.0546118912728555,2.750182018279304
633,0.9242544101398902,2.04543849775012,2.822630221813376
634,0.8899882020718998,2.0237315399480824,2.753929583676047
635,0.8515877773810689,2.2163137024553783,2.8683958424096465
636,0.859043616528785,2.0315170084150003,2.761512079251098
637,0.7880901316141269,1.914849263716274,3.210104063095673
638,0.7301793335953254,1.9260633964278504,3.3667083751259805
639,0.7797455228365463,1.9954118548669084,3.3614981718246373
640,0.8478281977389901,2.0687917303201777,3.4341328134340365
641,0.8848330668496476,2.0575345477648064,3.4831213918169355
642,0.9683376874913123,1.8026709044631415,3.4032068096236427
643,0.9411332466883628,1.6776589334357914,3.5769909227047965
644,0.9494310387852948,1.5789012174538615,3.3740965445314903
645,0.9232526227267123,1.4495946791350147,3.2886478984454754
646,0.9092876069198513,1.467514653014651,3.4186270942226127
647,0.8767720946517638,1.483127337089067,3.353654120289929
648,0.8381883620558682,1.5598922944151437,3.415171731510926
649,0.8686252956883801,1.4978113241220516,3.409724525975958
650,0.8719298475589488,1.44262677773806,3.435676527493091
651,0.7963496927289342,1.5135835637095205,3.1744918752688727
652,0.8403636185306325,1.392636121179013,3.048600899872191
653,0.7479691582506379,1.3789245139045105,2.8595379784816592
654,0.825223318271085,1.4236065648489011,2.818860439064921
655,0.9010051414641626,1.438634210468199,2.7754941882015185
656,0.9456048286109454,1.5218854992430773,3.0337525134512786
657,0.9051749853232253,1.573704862523684,2.935715653709091
658,0.928131456433996,1.6147251621477436,3.0482901225690124
659,0.9955393381520521,1.7357435889301167,3.397163691945919
660,0.9910355203105579,1.8359491448389922,3.2054878725639093
661,0.9890056113423303,1.9345857920543867,3.3108657182621926
662,1.0577227853537816,2.023901436895945,3.1931695131643676
663,0.9964687108602756,1.8998361157005788,3.343580656436424
664,1.0044648549680602,1.993768343739464,3.7945389072186337
665,0.9370747189989803,1.8742685869913103,3.4827995316570095
666,0.9400472776473897,1.8114591404557598,3.541785677128021
667,0.9769744907548661,1.7455267155114749,3.80752275462321
668,1.0190884646735252,1.5707243675363396,3.7736719473320828
669,0.9830772045943446,1.7319388887788136,3.9423062301285228
670,1.072516593455381,1.7794454353922768,4.212515983348748
671,0.9964460487322885,1.6165606902643195,3.503226672995533
672,1.0035691604063148,1.6096106745541934,3.6119727453587873
673,1.0384893932128862,1.6547937282407577,3.3364231571478404
674,1.0249365654671079,1.6663149686659464,3.0506818225794095
675,0.8474611080954186,1.6720433967459667,3.1018425061300823
676,0.8348225325332991,1.6842368917516306,3.0717763032255845
677,0.8120958008248279,1.727578317638449,3.064307447224997
678,0.7809441434233175,1.7647292013384337,3.5474957359077006
679,0.813279767756068,1.798384090458055,3.8663351921990983
680,0.8876661831866094,1.889527403342406,3.6477909634258254
681,0.9383801963317496,1.820141276836004,4.029576303578334
682,0.9080186103189737,1.6668573846191348,3.7766072833424316
683,0.7551692327663843,1.7316949973058997,4.0280863804987375
684,0.7771761855203434,1.7325058960379982,3.5383090285830874
685,0.7547390508642309,1.6186099035376784,3.3119560616279258
686,0.7436087884147429,1.5712663283090218,3.793194642049992
687,0.7300607711938913,1.7296196759489513,3.7064362626376055
688,0.7590873945175081,1.8126693325435677,3.5290597142028166
689,0.737002425546393,1.9789642198222752,3.613048990340962
690,0.7934848540021674,2.0512042319980512,3.420073957524427
691,0.8482206600933143,2.2436140886654043,3.255760938823586
692,0.8892588134502606,2.244726146000309,3.0123673965324596
693,0.9465264975687862,2.189348145603312,3.2127171695680103
694,0.9728824581622695,1.923842509217468,3.0003816936079652
695,0.9671468318597095,1.7957046902755245,3.1026589045652515
696,0.9547234231466977,1.8144430584798805,3.035798162834848
697,0.9636606761426126,1.6442324550314247,3.414194766012674
698,0.9817874993553918,1.5966519741753993,3.4111744230508343
699,1.0154955284414078,1.558894481075106,3.397697043978934
700,0.9405660577196477,1.4644988749537593,3.387899158375005
701,1.0371706143931605,1.4636262580443888,3.2925465537215866
702,1.0013396969355306,1.4194793358047324,3.2589344215172518
703,1.0255780193382977,1.4929787934530725,3.130416182051559
704,1.0291717602630273,1.537103063925726,3.2335176787236084
705,0.962856967406411,1.5110544231824086,3.269678403752635
706,1.0109264029900618,1.5219525505625064,3.2728894949673846
707,1.0756377017561791,1.6419845102714785,3.2045168648090807
708,1.1318231540572592,1.6673759479656427,3.3700549548591443
709,1.0380804734713722,1.9669551161750758,3.793447200664666
710,1.0644355358354987,1.8997153362931976,3.6300707700561095
711,1.0840354024005685,1.9748563102174646,3.6667278072189564
712,0.9397056160119092,2.045452938729761,4.027171820833481
713,0.9183766364623437,2.122106928255281,4.044548716981425
714,0.8799243400334665,2.214154751031009,4.231883551800366
715,0.9373806114453841,2.2319873328337234,3.7401414110965763
716,0.8750521821603942,2.4109033491730325,3.7638537406531927
717,0.8784617526660359,2.735170690265679,4.012681062555285
718,0.9480140150252502,2.504869102865119,3.997394441248905
719,0.9328337827738982,2.232730111701956,3.794057828827087
720,0.9825196755539083,2.336979805045767,3.6877959604716426
721,1.0703768468953077,2.297119795646567,3.5878061111891415
722,1.0919805505386753,2.4511624020492837,3.3811666696711895
723,1.0947214714329698,2.701507799371707,3.64670199039843
724,1.0542897686914474,2.5289161127664777,3.7463798023089687
725,1.0979600164240866,2.4864154809276227,3.73029143585658
726,1.108621737197918,2.499527631607337,3.9355351744618114
727,1.1548884499541061,2.3914782263100083,4.123375994990988
728,1.2322850191129944,2.5322198206466546,4.36873717401409
729,1.1424721343093347,2.634080216123001,4.646819622492848
730,1.1495008540163645,2.5400525894740285,4.794630946774293
731,1.189610201488551,2.5120548829219893,4.421411983352273
732,1.1461427547096283,2.661387665003653,4.602956749730147
733,1.2170127318014554,3.0979371640818947,4.623252269243167
734,1.282765929874795,2.974438432598008,4.211257812092769
735,1.2953915469294117,3.0306420923184887,4.190136791601092
736,1.3401114316274223,2.601733879137574,3.9044032495493997
737,1.1850476177947966,2.720321811689852,4.1306493419871035
738,1.2828984560803016,2.7131128314380164,4.2071677970235415
739,1.2687193237458663,2.761530749346005,4.617769438528423
740,1.186862370517602,2.584944489732491,3.8684290485375405
741,1.0843042800773928,2.588352169445452,4.121517577274605
742,1.1075948931561006,2.5972778393720706,4.283781423484116
743,1.1241105394315554,2.5534177740968644,4.155243646246316
744,1.050692871214878,2.6395720149738273,3.8860339569533755
745,1.112945659204342,2.483484296889113,4.280402940585492
746,1.146469961714163,2.719880221953745,4.355664331073694
747,1.1765309270781856,2.4675144559368922,4.816040516723001
748,1.1350939670072104,2.4981475293984032,4.506972592460524
749,1.1766072665593312,2.5135648378748505,4.5580375856962005
750,1.2692326799692277,2.588258301406914,4.9709126390107015
751,1.357576357094343,2.6445887822004246,5.4922187146293
752,1.3887277418141197,2.7764328761538906,5.264691445468487
753,1.3981949717320477,2.6375400608492607,5.981148267291057
754,1.4144644423697594,2.529770946173553,6.211204040636807
755,1.4260681342945942,2.3064220929741213,5.956979058646579
756,1.3406547569242746,2.3455067675885046,5.602867821320921
757,1.2992776017526895,2.3677909252120872,4.912625768310476
758,1.3240328521905942,2.309364591190102,4.3563431091126095
759,1.2333578382065433,2.3280021111174696,4.500457783765213
760,1.1424877806382392,2.1385954999546,4.25591598686049
761,1.0859009291876232,2.332849740301645,4.190186200511606
762,1.0587897318354236,2.2626580746718714,4.114139753588751
763,1.0770913507733149,2.1708504839954084,3.951924184705258
764,0.9885527284460289,2.190851031411446,4.195199328115458
765,1.0611639799638024,2.378309740713699,4.3652475768115595
766,1.0807096909186058,2.2399910127468563,4.527779220055856
767,1.173127993600203,2.161937646753912,4.60066323800488
768,1.006488205292689,2.0491659579819976,4.423496793373565
769,1.0702619668548738,1.9387837038580076,4.318171984748441
770,1.1181438626449733,1.9605218107029576,4.567298112362114
771,1.0962214735123383,2.1049240486139884,4.672241778996341
772,1.1554913435425345,2.168930774401288,4.45465827445582
773,1.172629437348666,2.1086832599620973,4.474536321858059
774,1.2529928162527277,2.4194746220877836,4.29357187657998
775,1.3078646273603411,2.6287893724905165,4.695352628315461
776,1.399634008248661,2.8841128356820733,4.910389976212988
777,1.4718598035679353,3.029471964370558,4.932655819008473
778,1.3096976407452172,2.75790073666706,4.856941507849086
779,1.21755457649421,3.1066599128373182,4.600286567912988
780,1.192361609627029,2.8122723635486833,4.487693887550982
781,1.2349976991659584,2.789576587848138,4.731700143625362
782,1.160670857709139,2.923942358387786,5.439007308152461
783,1.090383728627839,2.6871143689902657,5.672566347372258
784,1.129814873398333,2.9317093969601116,5.130537196884775
785,1.074940103169822,3.32912899206654,5.414246578997297
786,1.0475242664441244,3.51774541014766,4.959849229079192
787,1.0205421362037108,3.791820284657192,5.06259478844941
788,1.0643796676427983,3.8596291275489105,4.647707925313363
789,0.9928648614941966,3.5547772197730474,6.0523808353346285
790,1.0623034810879477,3.499072245425128,5.921878260427551
791,0.9557206275704339,3.308108955322496,6.770637270883885
792,0.919172672830906,3.6960864682012144,6.600421948730928
793,0.9201732682716643,3.5135567746774337,6.760507672093585
794,0.9033681278175537,3.5320736978442695,6.340570045836069
795,0.8325560203891741,3.5821595371591863,6.418751324444136
796,0.8572731221291086,3.6400415065407636,6.457000109712591
797,0.8759791940445111,3.375352457319851,6.935770510183437
798,0.9356175902645322,3.171613891672617,7.820554029667896
799,0.9205697124065868,3.4264750404057516,7.74149350948694
800,0.9187975073612932,3.68674028957834,7.3963477435263
801,0.9375164068851295,3.7407894719397303,7.206214830939768
802,0.9454341189622307,3.852752167706912,7.349136253619368
803,0.974410470979132,4.16670878127661,7.725761237810369
804,0.9881211416723514,4.008681882329515,6.711763374484919
805,1.0501487615856642,3.801691905931735,6.622160072579705
806,1.0539217214041283,3.902767851793974,6.4182501247861925
807,1.0418568228428127,3.9346159141483446,7.194452436485733
808,1.1015651793514682,3.6947096612466037,6.666489253995427
809,1.1440089451014819,4.104735483766562,6.300931050268588
810,1.1895038906967461,4.5097458859584405,6.756937285039647
811,1.2532399671309362,4.422900605541241,6.511761826512784
812,1.3102292381253287,4.518187489151731,6.711123494731183
813,1.4226408742249488,4.1757451178953255,6.420287279846793
814,1.3960304178884784,4.272177608687945,6.6902300854088255
815,1.232225445330113,4.6074713551911595,6.517548925409927
816,1.2245144728346546,4.946729171390958,6.3791866706523015
817,1.3045440233682515,4.910707373671996,6.502410485487741
818,1.1770082931259764,5.342778222658057,6.722681441103247
819,1.2180980066319018,5.635559869653924,6.7194492698026265
820,1.2231457598428566,5.7904449482237945,6.8613171317752935
821,1.1921842770701807,6.331584759001619,7.41319248686486
822,1.2637744102202493,6.613581028923769,8.832158987115545
823,1.345395582061219,6.361427915005829,9.393080344442447
824,1.3098732265128157,5.9993532433141965,8.93219520338698
825,1.1478213554770311,6.030479311745158,8.555817722640812
826,1.1928923720833833,5.916737448809862,8.188584499313446
827,1.0851318028848829,6.1286462183340324,7.202610029408768
828,1.0277658779711256,6.240146660451198,7.680948567162971
829,1.033473909679476,6.119234541133803,8.092086853095909
830,1.107641697044678,5.7317232815480335,7.705482494307908
831,1.1044625119480207,5.29614523335966,8.623678317441097
832,1.1579372195933388,5.5083047072220666,8.331983518371066
833,1.142108681153924,5.035877670539685,8.472084090565152
834,1.0848647636811795,5.004802227213026,7.386898835604595
835,1.019988523195323,5.014236488193512,7.766898418290014
836,1.0450321285009652,4.742217707108874,7.927257544472054
837,0.9610595831723846,4.6539955083721845,8.138759179398633
838,0.9463492580076085,4.1721114319363135,8.315468961906973
839,1.0019718429564577,4.893367611566065,8.541035727983575
840,1.0351767720795144,4.501421221676679,8.341334990624649
841,1.0384338804687623,4.50915429589935,6.438070549110971
842,1.0421135167487419,5.003631179291399,5.786820383443538
843,0.9955893932158096,4.9883801095689915,6.078207665336247
844,0.8677529353960544,5.385611835651163,5.960642439543179
845,0.8933325782602344,5.964464254180346,5.217941647195703
846,0.8671030731810823,5.897994143666913,4.417469493506012
847,0.8344771788706619,6.403697064941366,4.677256350236567
848,0.8972186121893145,6.4508116208044255,4.805394483535256
849,0.936690877624401,6.396428307053928,4.973256304131316
850,0.8543044660174183,6.647568160934015,5.037217008400495
851,0.8889765090372744,5.926100643114079,4.5935507819557735
852,0.9668798681029188,5.55062456606436,4.5317005242647
853,1.0224346229015415,5.893558497898487,4.112129473642573
854,1.0692960841383954,6.071381386712682,4.50284564321994
855,1.1262560591422643,6.483074785038892,4.31557775298306
856,1.1183695673931138,6.51682086983749,4.220431744272077
857,1.2095459036636536,6.213332920150501,4.165842366420313
858,1.2564354023734101,6.318769565455564,4.391778315988383
859,1.3179524197522292,5.84410004321171,4.340880572150151
860,1.2409669671731545,6.199382744146852,4.162331213156861
861,1.337944818629493,6.299292510124561,3.969669732391313
862,1.4114945054786225,6.5755583010739,3.6086127735281908
863,1.3894386107990255,6.206328226999553,3.8212806489548776
864,1.4183172759178464,6.020408792223703,4.070584862472682
865,1.3537321917463505,5.653601073650763,4.3299492643867685
866,1.3669622949581706,5.66610917816358,3.8736511313964503
867,1.3562940185513372,5.917988085076941,3.927741955519076
868,1.334773939312366,6.629236513632227,3.712998339146914
869,1.2252137832006613,7.138891741526077,3.9512217573346975
870,1.273633569948547,7.410214152970525,3.9473184955955096
871,1.1988938881461118,7.8782647931523195,3.6141115534723984
872,1.1855914059389363,8.882468034715556,3.3591507869857087
873,1.194398135184244,8.261791523546254,3.4977499122133007
874,1.1655667805941219,8.047048567761694,3.0842788913102597
875,1.1961318431186005,7.529943932832519,2.889572511388995
876,1.1353871174375103,8.092628367312079,2.8490320623998104
877,1.2053346793529547,8.590564580493707,2.7997506240352323
878,1.1633954957919437,9.427744425358975,2.7618299963504684
879,1.2248561734093901,9.101959411501532,2.855248915290849
880,1.258941325329595,9.080336547229372,2.9621078861606027
881,1.250560668306423,8.63993363711278,2.9571831975298406
882,1.2896576935811745,9.153930391701229,2.9852978884040695
883,1.2791154598626215,7.8955744523072795,2.9646517912071837
884,1.3762374725001072,8.664972664800633,2.931487756967018
885,1.4404044669094465,8.521410411181506,3.057248786422921
886,1.23656579522074,8.56683727411633,2.956703537812988
887,1.1282794691183957,7.715061499314794,2.9323048648897854
888,1.2010807704062647,7.79652623963366,3.300516168094584
889,1.187648563764608,7.39195822748481,3.3016836007113755
890,1.167149026639335,6.768525053549912,3.5511249019791267
891,1.2079566993711464,6.848392428340407,3.317148647538381
892,1.2765755063202693,6.082514473155226,3.1889299544213414
893,1.07374151646573,6.422341989703434,3.7329195973010805
894,1.0957214516692433,6.01752354786456,3.720094811015061
895,1.0375111704012858,5.821055753100089,3.945838214733036
896,1.0386049008712985,6.071884075503479,3.949634515864171
897,1.113560685455107,6.2504941517509325,4.16677898450437
898,1.1590975330191717,6.01705880677927,4.032281969515342
899,1.2045894108217237,6.013614930956903,4.395384455910102
900,1.1484460309023765,5.9568560521251825,4.371689980151414
901,1.0352294637011306,5.39779749120151,4.401667976920349
902,1.0101170881456976,5.7504696681645076,4.261040285917453
903,1.0679582984972524,5.340867526771534,4.49975283868598
904,1.097206760725335,5.978346093322537,4.1761162386032655
905,1.1392002668178633,5.586041440423369,4.3720059288230235
906,1.0937054001765913,5.648016673193276,4.679410763039323
907,1.0857040636232127,5.465753152799271,4.6031700732580925
908,1.0834695455557122,4.498502621087468,4.795432233763423
909,1.1536218382041712,4.383245755011492,4.795748623203745
910,1.212098265968745,4.076506559703904,4.764579387476005
911,1.2806435053324923,4.145445104001939,5.270022171713882
912,1.1826478805477785,4.294634118476334,4.468663382200926
913,1.2414893977726784,4.4826851781083015,4.20968315148284
914,1.2776812615980149,4.341342151470713,3.6404033958495408
915,1.3720797573404988,4.313990964609548,3.656665840624267
916,1.473629266428478,3.971077562052247,3.646042021227378
917,1.3761251925861517,3.951310213200742,3.2426443589917047
918,1.4041660220331045,4.063149807874678,3.1626995580616284
919,1.4055779299911102,4.234228802247903,2.9371116665119863
920,1.457232006211778,3.9276972551773404,2.553684499031151
921,1.3847214297100803,3.7691314975170194,2.51133663374777
922,1.479192638486329,3.6406056848422,2.652565750102693
923,1.5782730793505386,3.8261119225003917,2.6069209053256257
924,1.31944416457998,4.050165477739155,2.751452993881323
925,1.3621123517510636,3.7887637040115267,2.9069665775341855
926,1.3675736644583323,3.745089442385721,3.0684788585436484
927,1.4624403725651822,3.7207186887174815,2.761545144257756
928,1.4951042153632632,3.785633341888562,2.9326855300415136
929,1.274841644736441,3.4043354192295525,2.8259829047923035
930,1.2432951434573687,3.4541605134993802,2.824403704944553
931,1.2749131668795566,3.840384940520836,2.9451840833392753
932,1.3456046519967084,3.8035809857263043,2.91949997958281
933,1.37803202774397,3.7061530597469625,2.687587175717597
934,1.3828788319916077,3.5484849729376613,2.6672364462303992
935,1.3707549655113684,3.4436517131921005,2.633438129354582
936,1.176132364174887,3.4803370616712166,2.5427389777204534
937,1.1494670082106075,3.398847582215449,2.7550935904919616
938,1.200464571495982,3.3965291829089823,2.4673244807065897
939,1.2619716905249525,3.372137418636892,2.3792958758734906
940,1.3695921962659894,3.288295858017041,2.3442982923962683
941,1.229868223862567,3.263212207340353,2.277874532411354
942,1.1487185937407098,2.936996750860941,2.2196243434158864
943,1.2180099173720822,2.9611094123555253,2.0515514696290005
944,1.335558725785952,2.9710166206116346,1.9174701316495475
945,1.402432660653394,3.198981577874258,1.9451186880891622
946,1.4642154683975965,2.941561531371706,2.0184191193697254
947,1.4661710623159567,2.8345356383620186,1.980059619135496
948,1.4186268141520553,2.8384635118472765,2.085085407725371
949,1.3782913684432647,2.7399197955812813,2.0251476226089213
950,1.4605879680032605,2.965945191235046,2.0645289201249177
951,1.4895654306994723,3.0358924426339455,1.9864032159750138
952,1.532955356770174,2.948327755416545,1.7779902894953468
953,1.5691193041008449,2.7996738447042873,1.7375738142202997
954,1.590158232812289,2.5031729941517256,1.657108095240031
955,1.7354772296384569,2.581428578126405,1.8288886118557
956,1.8540225154622743,2.524180320243689,1.7888339022683744
957,1.96866281832523,2.655356536723416,1.646466973522999
958,1.8564136249397971,2.5073306271652838,1.653911912265873
959,1.9546927979383506,2.4750362018933587,1.7752808192850655
960,2.090763927277545,2.6107416453713213,1.7516852476616953
961,2.2766357027633086,2.4604884411845838,1.8208022831021469
962,2.322441927848289,2.336351029898656,2.0121182987700346
963,2.285321544856089,2.313428891401372,1.9365836484412284
964,2.37899216159933,2.4591470630728867,1.9572984815781078
965,2.2206503487635225,2.631946300791785,1.9968009966474636
966,2.157347106381386,2.7024868113530505,1.8986846207579975
967,2.266800941861971,2.5514443962553353,1.9199819882999214
968,2.513015289833883,2.2756341401094478,1.9667841402042268
969,2.6499721784062773,2.273244677146,1.8176174384880721
970,2.752198212249003,2.3122507980496985,1.9185685316382044
971,2.9008216764227472,2.4104126893060687,1.9287947603369895
972,2.950094645181736,2.4363611087198453,1.9324011184603225
973,3.0033260489361293,2.5788195063079913,2.03310296939794
974,2.791456145530555,2.5664666858469816,2.3454290259777784
975,2.995155208150172,2.6219700820926803,2.2055107811622223
976,3.070581852760711,2.549736623428853,2.108836548390372
977,2.926442215512463,2.74642375764112,2.086549069792683
978,2.9284637299567233,2.5343686028410923,2.224604728716532
979,2.8152051458399034,2.498628281882317,2.293540194455748
980,2.6391831833461885,2.529399817451749,2.1387313310681173
981,2.6076658091356513,2.6545638043402886,2.5445270198547307
982,2.7600817903174346,2.6408185087558507,2.46444381394715
983,2.5937568387671277,2.7084755468650012,2.345283090673385
984,2.6477441125302836,2.6734698944383672,2.6381747194998497
985,2.655848511781653,2.7977115938726906,2.5808775889753695
986,2.7661046700817638,2.860982547840781,2.612838652266921
987,2.59638493169837,2.6075227591047967,2.4398844940081967
988,2.5909115451402975,2.7425972703404105,2.686362640793621
989,2.663931862581382,2.7416944739144706,2.6148682493641515
990,2.7619691956269685,3.038796938725153,2.3306994840467143
991,2.983222407906515,2.84021833728829,2.010309136043601
992,2.804740469943184,2.9879112747541887,2.406228506367997
993,2.7245601151846106,2.943395337556409,2.5629769590751206
994,2.905131187347059,2.9300921707713203,2.5678683297471365
995,2.786861326686159,2.75725914740642,2.5116465269435304
996,2.7221525839069294,2.7367717510383542,2.5436657854803126
997,2.718261306138185,2.862957708452341,2.7779676853464284
998,2.8364873855636143,2.6303087065680066,2.6898977200968903
999,2.7182818284590704,2.7182818284590415,2.71828182845905
